id,Sleep_Stage
test001_00000,W
test001_00001,N2
test001_00002,N2
test001_00003,N2
test001_00004,N2
test001_00005,W
test001_00006,W
test001_00007,N1
test001_00008,N1
test001_00009,W
test001_00010,W
test001_00011,W
test001_00012,W
test001_00013,N2
test001_00014,N1
test001_00015,W
test001_00016,W
test001_00017,N2
test001_00018,N2
test001_00019,N2
test001_00020,N2
test001_00021,N2
test001_00022,N2
test001_00023,N1
test001_00024,N2
test001_00025,W
test001_00026,N2
test001_00027,N2
test001_00028,N2
test001_00029,N2
test001_00030,N2
test001_00031,N2
test001_00032,N1
test001_00033,N2
test001_00034,N2
test001_00035,N2
test001_00036,N2
test001_00037,N2
test001_00038,N2
test001_00039,N2
test001_00040,N2
test001_00041,N2
test001_00042,N2
test001_00043,N2
test001_00044,N2
test001_00045,N2
test001_00046,N2
test001_00047,N2
test001_00048,N2
test001_00049,W
test001_00050,N2
test001_00051,W
test001_00052,N1
test001_00053,W
test001_00054,W
test001_00055,N2
test001_00056,N2
test001_00057,N2
test001_00058,W
test001_00059,W
test001_00060,W
test001_00061,N2
test001_00062,N2
test001_00063,N2
test001_00064,N2
test001_00065,N2
test001_00066,N2
test001_00067,N2
test001_00068,N2
test001_00069,W
test001_00070,W
test001_00071,N2
test001_00072,W
test001_00073,N2
test001_00074,N2
test001_00075,N2
test001_00076,W
test001_00077,N2
test001_00078,N2
test001_00079,W
test001_00080,N2
test001_00081,N2
test001_00082,W
test001_00083,W
test001_00084,N2
test001_00085,N2
test001_00086,W
test001_00087,N2
test001_00088,N2
test001_00089,W
test001_00090,N2
test001_00091,W
test001_00092,N2
test001_00093,W
test001_00094,W
test001_00095,N2
test001_00096,W
test001_00097,N2
test001_00098,W
test001_00099,N2
test001_00100,N2
test001_00101,W
test001_00102,W
test001_00103,W
test001_00104,N2
test001_00105,W
test001_00106,N2
test001_00107,N2
test001_00108,N2
test001_00109,N2
test001_00110,N2
test001_00111,N2
test001_00112,W
test001_00113,N2
test001_00114,N2
test001_00115,N2
test001_00116,N2
test001_00117,N2
test001_00118,N2
test001_00119,N2
test001_00120,W
test001_00121,W
test001_00122,W
test001_00123,W
test001_00124,N2
test001_00125,N2
test001_00126,N2
test001_00127,N2
test001_00128,N2
test001_00129,N2
test001_00130,N2
test001_00131,N2
test001_00132,W
test001_00133,N2
test001_00134,N2
test001_00135,W
test001_00136,N2
test001_00137,W
test001_00138,W
test001_00139,N2
test001_00140,N2
test001_00141,N2
test001_00142,N2
test001_00143,N2
test001_00144,N1
test001_00145,N2
test001_00146,N2
test001_00147,N2
test001_00148,N2
test001_00149,N2
test001_00150,N2
test001_00151,N2
test001_00152,N2
test001_00153,N2
test001_00154,N2
test001_00155,N2
test001_00156,N2
test001_00157,N2
test001_00158,N2
test001_00159,N2
test001_00160,N2
test001_00161,N2
test001_00162,N2
test001_00163,N2
test001_00164,N2
test001_00165,N2
test001_00166,N2
test001_00167,N2
test001_00168,N2
test001_00169,N2
test001_00170,N2
test001_00171,N2
test001_00172,N2
test001_00173,N2
test001_00174,N2
test001_00175,N2
test001_00176,N2
test001_00177,N2
test001_00178,N2
test001_00179,N2
test001_00180,N2
test001_00181,N2
test001_00182,N2
test001_00183,N2
test001_00184,N2
test001_00185,N2
test001_00186,N2
test001_00187,N2
test001_00188,N2
test001_00189,N2
test001_00190,N2
test001_00191,N2
test001_00192,N2
test001_00193,N2
test001_00194,N2
test001_00195,N2
test001_00196,N2
test001_00197,N2
test001_00198,N2
test001_00199,N2
test001_00200,N2
test001_00201,N2
test001_00202,N2
test001_00203,N2
test001_00204,N2
test001_00205,N2
test001_00206,N2
test001_00207,N2
test001_00208,N2
test001_00209,N2
test001_00210,N2
test001_00211,N2
test001_00212,N2
test001_00213,N2
test001_00214,N2
test001_00215,N2
test001_00216,N2
test001_00217,N2
test001_00218,N2
test001_00219,N2
test001_00220,N2
test001_00221,N2
test001_00222,N2
test001_00223,N2
test001_00224,N2
test001_00225,N2
test001_00226,N2
test001_00227,N2
test001_00228,N2
test001_00229,N2
test001_00230,N2
test001_00231,N2
test001_00232,N2
test001_00233,N2
test001_00234,N2
test001_00235,N2
test001_00236,N2
test001_00237,N2
test001_00238,N2
test001_00239,N2
test001_00240,N2
test001_00241,N2
test001_00242,N2
test001_00243,N2
test001_00244,N2
test001_00245,N2
test001_00246,N2
test001_00247,N2
test001_00248,N2
test001_00249,N2
test001_00250,N2
test001_00251,N2
test001_00252,N2
test001_00253,N2
test001_00254,N2
test001_00255,N2
test001_00256,N2
test001_00257,N2
test001_00258,N2
test001_00259,N2
test001_00260,N2
test001_00261,N2
test001_00262,N2
test001_00263,N2
test001_00264,N2
test001_00265,N2
test001_00266,N2
test001_00267,N2
test001_00268,N2
test001_00269,N2
test001_00270,N2
test001_00271,N2
test001_00272,N2
test001_00273,N2
test001_00274,N2
test001_00275,N2
test001_00276,N2
test001_00277,N2
test001_00278,N2
test001_00279,N2
test001_00280,N2
test001_00281,N2
test001_00282,N2
test001_00283,N2
test001_00284,N2
test001_00285,N2
test001_00286,N2
test001_00287,N2
test001_00288,N2
test001_00289,W
test001_00290,N1
test001_00291,N1
test001_00292,N2
test001_00293,N2
test001_00294,N2
test001_00295,N1
test001_00296,N2
test001_00297,N2
test001_00298,N2
test001_00299,N2
test001_00300,N2
test001_00301,N2
test001_00302,N2
test001_00303,N2
test001_00304,N2
test001_00305,N2
test001_00306,N2
test001_00307,N2
test001_00308,N2
test001_00309,N2
test001_00310,N2
test001_00311,N2
test001_00312,N2
test001_00313,W
test001_00314,N2
test001_00315,N2
test001_00316,N2
test001_00317,N2
test001_00318,N2
test001_00319,N2
test001_00320,N2
test001_00321,N2
test001_00322,N2
test001_00323,N2
test001_00324,N2
test001_00325,N2
test001_00326,N2
test001_00327,N2
test001_00328,N1
test001_00329,N2
test001_00330,N2
test001_00331,N2
test001_00332,N2
test001_00333,N2
test001_00334,N2
test001_00335,N2
test001_00336,N2
test001_00337,N2
test001_00338,N2
test001_00339,N2
test001_00340,N2
test001_00341,N2
test001_00342,N2
test001_00343,N2
test001_00344,N2
test001_00345,N2
test001_00346,W
test001_00347,N1
test001_00348,N2
test001_00349,N2
test001_00350,W
test001_00351,W
test001_00352,N2
test001_00353,N2
test001_00354,N2
test001_00355,N2
test001_00356,N2
test001_00357,N2
test001_00358,N2
test001_00359,N2
test001_00360,N2
test001_00361,N2
test001_00362,N2
test001_00363,N2
test001_00364,N2
test001_00365,N2
test001_00366,W
test001_00367,N2
test001_00368,N2
test001_00369,N2
test001_00370,N2
test001_00371,N2
test001_00372,N2
test001_00373,N2
test001_00374,N2
test001_00375,N2
test001_00376,N2
test001_00377,N2
test001_00378,N2
test001_00379,N2
test001_00380,N2
test001_00381,N2
test001_00382,N2
test001_00383,N2
test001_00384,N2
test001_00385,N2
test001_00386,N2
test001_00387,N2
test001_00388,N2
test001_00389,N2
test001_00390,N2
test001_00391,N2
test001_00392,N2
test001_00393,N2
test001_00394,N2
test001_00395,N2
test001_00396,N2
test001_00397,N2
test001_00398,N2
test001_00399,N2
test001_00400,N2
test001_00401,N2
test001_00402,N2
test001_00403,N2
test001_00404,N2
test001_00405,N2
test001_00406,W
test001_00407,N2
test001_00408,N1
test001_00409,N2
test001_00410,N1
test001_00411,N2
test001_00412,N2
test001_00413,W
test001_00414,N2
test001_00415,N2
test001_00416,N2
test001_00417,W
test001_00418,N2
test001_00419,N2
test001_00420,N2
test001_00421,N2
test001_00422,N2
test001_00423,N2
test001_00424,N2
test001_00425,N2
test001_00426,N2
test001_00427,N2
test001_00428,N2
test001_00429,W
test001_00430,N2
test001_00431,N2
test001_00432,N2
test001_00433,N2
test001_00434,N2
test001_00435,N2
test001_00436,W
test001_00437,N2
test001_00438,N2
test001_00439,N2
test001_00440,N2
test001_00441,N2
test001_00442,N2
test001_00443,W
test001_00444,W
test001_00445,N2
test001_00446,W
test001_00447,W
test001_00448,W
test001_00449,N2
test001_00450,N2
test001_00451,N2
test001_00452,N2
test001_00453,N2
test001_00454,N2
test001_00455,N2
test001_00456,N2
test001_00457,N1
test001_00458,N2
test001_00459,N2
test001_00460,N2
test001_00461,N2
test001_00462,N2
test001_00463,N2
test001_00464,N2
test001_00465,N2
test001_00466,N2
test001_00467,N2
test001_00468,N2
test001_00469,N2
test001_00470,N2
test001_00471,N2
test001_00472,N2
test001_00473,N2
test001_00474,N2
test001_00475,N2
test001_00476,N2
test001_00477,N2
test001_00478,N2
test001_00479,N2
test001_00480,N2
test001_00481,N2
test001_00482,N2
test001_00483,N2
test001_00484,N2
test001_00485,N2
test001_00486,N2
test001_00487,N2
test001_00488,N2
test001_00489,N2
test001_00490,N2
test001_00491,N2
test001_00492,N2
test001_00493,N2
test001_00494,N2
test001_00495,N2
test001_00496,N2
test001_00497,N2
test001_00498,N2
test001_00499,N2
test001_00500,N2
test001_00501,N2
test001_00502,N2
test001_00503,N2
test001_00504,N2
test001_00505,N2
test001_00506,N2
test001_00507,N2
test001_00508,N2
test001_00509,N2
test001_00510,N2
test001_00511,N2
test001_00512,N2
test001_00513,N2
test001_00514,N2
test001_00515,N2
test001_00516,N2
test001_00517,N2
test001_00518,N2
test001_00519,N2
test001_00520,N2
test001_00521,N2
test001_00522,N2
test001_00523,N2
test001_00524,N2
test001_00525,N2
test001_00526,N2
test001_00527,N2
test001_00528,N2
test001_00529,N2
test001_00530,N2
test001_00531,N2
test001_00532,N2
test001_00533,N2
test001_00534,N2
test001_00535,N2
test001_00536,N2
test001_00537,N2
test001_00538,N2
test001_00539,N2
test001_00540,N2
test001_00541,N2
test001_00542,N2
test001_00543,N2
test001_00544,N2
test001_00545,N2
test001_00546,N2
test001_00547,N2
test001_00548,N2
test001_00549,N2
test001_00550,N2
test001_00551,N2
test001_00552,N2
test001_00553,N2
test001_00554,N2
test001_00555,N2
test001_00556,N2
test001_00557,N2
test001_00558,N2
test001_00559,N2
test001_00560,N2
test001_00561,N2
test001_00562,N2
test001_00563,N2
test001_00564,N2
test001_00565,N2
test001_00566,N2
test001_00567,N2
test001_00568,N2
test001_00569,N2
test001_00570,N2
test001_00571,N2
test001_00572,N2
test001_00573,N2
test001_00574,N2
test001_00575,N2
test001_00576,N2
test001_00577,N2
test001_00578,N2
test001_00579,N2
test001_00580,N2
test001_00581,N2
test001_00582,N2
test001_00583,N2
test001_00584,N2
test001_00585,N2
test001_00586,N2
test001_00587,N2
test001_00588,N2
test001_00589,N2
test001_00590,N2
test001_00591,N2
test001_00592,N2
test001_00593,N2
test001_00594,N2
test001_00595,N2
test001_00596,N2
test001_00597,N2
test001_00598,N2
test001_00599,N2
test001_00600,N2
test001_00601,N2
test001_00602,N2
test001_00603,N2
test001_00604,N2
test001_00605,N2
test001_00606,N2
test001_00607,N2
test001_00608,N2
test001_00609,N2
test001_00610,N2
test001_00611,N2
test001_00612,N2
test001_00613,N2
test001_00614,N2
test001_00615,N2
test001_00616,N2
test001_00617,N2
test001_00618,N2
test001_00619,N2
test001_00620,N2
test001_00621,N1
test001_00622,N2
test001_00623,W
test001_00624,N2
test001_00625,N2
test001_00626,N2
test001_00627,N2
test001_00628,W
test001_00629,N2
test001_00630,N2
test001_00631,W
test001_00632,W
test001_00633,W
test001_00634,W
test001_00635,W
test001_00636,N2
test001_00637,N2
test001_00638,N2
test001_00639,N2
test001_00640,N2
test001_00641,N2
test001_00642,N2
test001_00643,N1
test001_00644,W
test001_00645,N2
test001_00646,N2
test001_00647,N2
test001_00648,N2
test001_00649,N2
test001_00650,N2
test001_00651,N2
test001_00652,N2
test001_00653,N2
test001_00654,N1
test001_00655,N2
test001_00656,N2
test001_00657,N2
test001_00658,N2
test001_00659,N2
test001_00660,N2
test001_00661,W
test001_00662,W
test001_00663,W
test001_00664,N2
test001_00665,W
test001_00666,W
test001_00667,N2
test001_00668,N2
test001_00669,N2
test001_00670,W
test001_00671,N2
test001_00672,N2
test001_00673,N2
test001_00674,W
test001_00675,N2
test001_00676,N2
test001_00677,N2
test001_00678,N2
test001_00679,N2
test001_00680,N2
test001_00681,N2
test001_00682,N2
test001_00683,N2
test001_00684,N2
test001_00685,N2
test001_00686,N2
test001_00687,N2
test001_00688,N2
test001_00689,N2
test001_00690,N2
test001_00691,N2
test001_00692,N2
test001_00693,N2
test001_00694,N2
test001_00695,N2
test001_00696,N2
test001_00697,N2
test001_00698,N2
test001_00699,N2
test001_00700,N2
test001_00701,N2
test001_00702,N2
test001_00703,N2
test001_00704,N2
test001_00705,N2
test001_00706,N2
test001_00707,N2
test001_00708,N2
test001_00709,N2
test001_00710,N2
test001_00711,N2
test001_00712,N2
test001_00713,N2
test001_00714,N2
test001_00715,N2
test001_00716,N2
test001_00717,N2
test001_00718,N2
test001_00719,N2
test001_00720,N2
test001_00721,N2
test001_00722,N2
test001_00723,N2
test001_00724,N2
test001_00725,N2
test001_00726,N2
test001_00727,N2
test001_00728,N2
test001_00729,N2
test001_00730,N2
test001_00731,N2
test001_00732,N2
test001_00733,N2
test001_00734,N2
test001_00735,N2
test001_00736,N2
test001_00737,N2
test001_00738,N2
test001_00739,N2
test001_00740,N2
test001_00741,N2
test001_00742,N2
test001_00743,N2
test001_00744,N2
test001_00745,N2
test001_00746,N1
test001_00747,N2
test001_00748,N2
test001_00749,N2
test001_00750,N2
test001_00751,N2
test001_00752,N2
test001_00753,N2
test001_00754,N2
test001_00755,N2
test001_00756,N2
test001_00757,N2
test001_00758,N2
test001_00759,N2
test001_00760,N2
test001_00761,N2
test001_00762,N2
test001_00763,N2
test001_00764,N2
test001_00765,N2
test001_00766,N2
test001_00767,N2
test001_00768,N2
test001_00769,N2
test001_00770,N2
test001_00771,N2
test001_00772,N2
test001_00773,N2
test001_00774,N2
test001_00775,N2
test001_00776,N2
test001_00777,N2
test001_00778,N2
test001_00779,N2
test001_00780,N2
test001_00781,N2
test001_00782,N2
test001_00783,N2
test001_00784,N2
test001_00785,N2
test001_00786,N2
test001_00787,N2
test001_00788,N2
test001_00789,N2
test001_00790,N2
test001_00791,N2
test001_00792,N2
test001_00793,N2
test001_00794,N2
test001_00795,N2
test001_00796,N2
test001_00797,N2
test001_00798,N2
test001_00799,N2
test001_00800,N2
test001_00801,N2
test001_00802,N1
test001_00803,W
test001_00804,N2
test001_00805,N2
test001_00806,N2
test001_00807,N2
test001_00808,N2
test001_00809,N2
test001_00810,N1
test001_00811,N1
test001_00812,N1
test001_00813,N2
test002_00000,W
test002_00001,N1
test002_00002,W
test002_00003,W
test002_00004,W
test002_00005,W
test002_00006,W
test002_00007,W
test002_00008,W
test002_00009,W
test002_00010,W
test002_00011,W
test002_00012,N1
test002_00013,W
test002_00014,W
test002_00015,W
test002_00016,W
test002_00017,N1
test002_00018,W
test002_00019,W
test002_00020,W
test002_00021,W
test002_00022,W
test002_00023,W
test002_00024,W
test002_00025,W
test002_00026,W
test002_00027,W
test002_00028,W
test002_00029,W
test002_00030,N2
test002_00031,W
test002_00032,N1
test002_00033,W
test002_00034,N2
test002_00035,W
test002_00036,N1
test002_00037,W
test002_00038,W
test002_00039,W
test002_00040,W
test002_00041,W
test002_00042,W
test002_00043,W
test002_00044,W
test002_00045,W
test002_00046,W
test002_00047,W
test002_00048,W
test002_00049,W
test002_00050,W
test002_00051,N2
test002_00052,W
test002_00053,W
test002_00054,W
test002_00055,N2
test002_00056,W
test002_00057,W
test002_00058,N2
test002_00059,N2
test002_00060,N2
test002_00061,N2
test002_00062,N2
test002_00063,N2
test002_00064,N2
test002_00065,N2
test002_00066,N2
test002_00067,N2
test002_00068,N2
test002_00069,N2
test002_00070,N2
test002_00071,W
test002_00072,W
test002_00073,N2
test002_00074,W
test002_00075,N2
test002_00076,W
test002_00077,N2
test002_00078,W
test002_00079,N1
test002_00080,N1
test002_00081,N1
test002_00082,N1
test002_00083,N1
test002_00084,W
test002_00085,W
test002_00086,N1
test002_00087,N2
test002_00088,N2
test002_00089,N2
test002_00090,N2
test002_00091,W
test002_00092,W
test002_00093,N2
test002_00094,N2
test002_00095,N2
test002_00096,W
test002_00097,W
test002_00098,W
test002_00099,W
test002_00100,W
test002_00101,W
test002_00102,W
test002_00103,W
test002_00104,W
test002_00105,W
test002_00106,W
test002_00107,W
test002_00108,W
test002_00109,W
test002_00110,W
test002_00111,W
test002_00112,W
test002_00113,N2
test002_00114,N2
test002_00115,N2
test002_00116,N2
test002_00117,N2
test002_00118,N2
test002_00119,N2
test002_00120,W
test002_00121,N2
test002_00122,N2
test002_00123,N2
test002_00124,N2
test002_00125,N2
test002_00126,N2
test002_00127,N2
test002_00128,N2
test002_00129,N2
test002_00130,W
test002_00131,W
test002_00132,N2
test002_00133,W
test002_00134,N2
test002_00135,N2
test002_00136,N2
test002_00137,N2
test002_00138,N2
test002_00139,N2
test002_00140,N2
test002_00141,W
test002_00142,N2
test002_00143,N2
test002_00144,N2
test002_00145,W
test002_00146,N2
test002_00147,W
test002_00148,N1
test002_00149,W
test002_00150,W
test002_00151,W
test002_00152,W
test002_00153,W
test002_00154,N2
test002_00155,N2
test002_00156,N1
test002_00157,N2
test002_00158,N2
test002_00159,N2
test002_00160,N2
test002_00161,N2
test002_00162,N2
test002_00163,N2
test002_00164,N2
test002_00165,N2
test002_00166,N2
test002_00167,N2
test002_00168,N2
test002_00169,N2
test002_00170,N2
test002_00171,W
test002_00172,N2
test002_00173,N2
test002_00174,W
test002_00175,N2
test002_00176,N2
test002_00177,W
test002_00178,N2
test002_00179,N2
test002_00180,N2
test002_00181,N2
test002_00182,N2
test002_00183,W
test002_00184,W
test002_00185,W
test002_00186,W
test002_00187,W
test002_00188,W
test002_00189,W
test002_00190,W
test002_00191,W
test002_00192,W
test002_00193,W
test002_00194,W
test002_00195,W
test002_00196,W
test002_00197,W
test002_00198,W
test002_00199,W
test002_00200,W
test002_00201,W
test002_00202,W
test002_00203,W
test002_00204,W
test002_00205,W
test002_00206,W
test002_00207,W
test002_00208,W
test002_00209,W
test002_00210,W
test002_00211,W
test002_00212,W
test002_00213,W
test002_00214,W
test002_00215,W
test002_00216,W
test002_00217,W
test002_00218,W
test002_00219,N2
test002_00220,W
test002_00221,W
test002_00222,W
test002_00223,N2
test002_00224,N2
test002_00225,W
test002_00226,W
test002_00227,W
test002_00228,N1
test002_00229,N2
test002_00230,W
test002_00231,N1
test002_00232,N2
test002_00233,N1
test002_00234,N2
test002_00235,N2
test002_00236,N2
test002_00237,N2
test002_00238,N2
test002_00239,N1
test002_00240,N2
test002_00241,N2
test002_00242,N1
test002_00243,N2
test002_00244,N2
test002_00245,W
test002_00246,W
test002_00247,W
test002_00248,W
test002_00249,W
test002_00250,W
test002_00251,W
test002_00252,N2
test002_00253,N2
test002_00254,W
test002_00255,N2
test002_00256,W
test002_00257,W
test002_00258,W
test002_00259,N2
test002_00260,N2
test002_00261,W
test002_00262,W
test002_00263,W
test002_00264,W
test002_00265,N2
test002_00266,N1
test002_00267,W
test002_00268,N2
test002_00269,W
test002_00270,N2
test002_00271,N2
test002_00272,W
test002_00273,N2
test002_00274,N2
test002_00275,N2
test002_00276,N2
test002_00277,N2
test002_00278,N2
test002_00279,N2
test002_00280,N2
test002_00281,W
test002_00282,N2
test002_00283,N2
test002_00284,N2
test002_00285,N2
test002_00286,N2
test002_00287,N2
test002_00288,W
test002_00289,N2
test002_00290,N2
test002_00291,W
test002_00292,W
test002_00293,W
test002_00294,W
test002_00295,W
test002_00296,W
test002_00297,W
test002_00298,W
test002_00299,W
test002_00300,W
test002_00301,W
test002_00302,W
test002_00303,W
test002_00304,W
test002_00305,W
test002_00306,W
test002_00307,W
test002_00308,W
test002_00309,W
test002_00310,N2
test002_00311,N2
test002_00312,W
test002_00313,W
test002_00314,N2
test002_00315,W
test002_00316,W
test002_00317,W
test002_00318,W
test002_00319,W
test002_00320,W
test002_00321,W
test002_00322,W
test002_00323,W
test002_00324,W
test002_00325,W
test002_00326,W
test002_00327,W
test002_00328,W
test002_00329,W
test002_00330,W
test002_00331,W
test002_00332,W
test002_00333,W
test002_00334,W
test002_00335,W
test002_00336,W
test002_00337,W
test002_00338,W
test002_00339,W
test002_00340,W
test002_00341,W
test002_00342,W
test002_00343,W
test002_00344,W
test002_00345,W
test002_00346,W
test002_00347,W
test002_00348,W
test002_00349,W
test002_00350,W
test002_00351,W
test002_00352,W
test002_00353,W
test002_00354,W
test002_00355,W
test002_00356,W
test002_00357,W
test002_00358,W
test002_00359,W
test002_00360,N2
test002_00361,N2
test002_00362,W
test002_00363,N1
test002_00364,W
test002_00365,W
test002_00366,N2
test002_00367,N2
test002_00368,W
test002_00369,N2
test002_00370,N2
test002_00371,N2
test002_00372,W
test002_00373,N2
test002_00374,N2
test002_00375,N2
test002_00376,N2
test002_00377,N2
test002_00378,N2
test002_00379,N2
test002_00380,N2
test002_00381,N2
test002_00382,N2
test002_00383,N2
test002_00384,N2
test002_00385,N2
test002_00386,N2
test002_00387,N1
test002_00388,W
test002_00389,W
test002_00390,N2
test002_00391,W
test002_00392,N2
test002_00393,N2
test002_00394,N2
test002_00395,N2
test002_00396,N2
test002_00397,N2
test002_00398,N2
test002_00399,N2
test002_00400,W
test002_00401,N2
test002_00402,N2
test002_00403,W
test002_00404,W
test002_00405,N2
test002_00406,N2
test002_00407,N2
test002_00408,N2
test002_00409,N2
test002_00410,N2
test002_00411,N2
test002_00412,N2
test002_00413,N2
test002_00414,N2
test002_00415,N2
test002_00416,N2
test002_00417,N2
test002_00418,N2
test002_00419,N2
test002_00420,N2
test002_00421,N2
test002_00422,N2
test002_00423,N2
test002_00424,N2
test002_00425,N2
test002_00426,N2
test002_00427,N2
test002_00428,N2
test002_00429,N2
test002_00430,N2
test002_00431,N2
test002_00432,N2
test002_00433,N2
test002_00434,N2
test002_00435,N2
test002_00436,N2
test002_00437,N2
test002_00438,N2
test002_00439,N2
test002_00440,N2
test002_00441,N2
test002_00442,N2
test002_00443,N2
test002_00444,N2
test002_00445,N2
test002_00446,N2
test002_00447,N2
test002_00448,N2
test002_00449,W
test002_00450,W
test002_00451,W
test002_00452,W
test002_00453,W
test002_00454,W
test002_00455,W
test002_00456,W
test002_00457,W
test002_00458,N2
test002_00459,W
test002_00460,W
test002_00461,W
test002_00462,W
test002_00463,W
test002_00464,W
test002_00465,W
test002_00466,W
test002_00467,W
test002_00468,W
test002_00469,W
test002_00470,W
test002_00471,W
test002_00472,N2
test002_00473,W
test002_00474,N1
test002_00475,N2
test002_00476,N2
test002_00477,N2
test002_00478,N2
test002_00479,N2
test002_00480,N1
test002_00481,N2
test002_00482,N2
test002_00483,N2
test002_00484,N2
test002_00485,N2
test002_00486,N2
test002_00487,W
test002_00488,N2
test002_00489,N2
test002_00490,N3
test002_00491,N3
test002_00492,W
test002_00493,W
test002_00494,N1
test002_00495,N2
test002_00496,N2
test002_00497,N2
test002_00498,N2
test002_00499,N2
test002_00500,N2
test002_00501,N2
test002_00502,W
test002_00503,N2
test002_00504,N1
test002_00505,W
test002_00506,N2
test002_00507,N2
test002_00508,N2
test002_00509,N2
test002_00510,N2
test002_00511,N1
test002_00512,N2
test002_00513,N2
test002_00514,N2
test002_00515,N2
test002_00516,N2
test002_00517,N2
test002_00518,N2
test002_00519,N2
test002_00520,N2
test002_00521,N2
test002_00522,N2
test002_00523,N2
test002_00524,N2
test002_00525,N2
test002_00526,N2
test002_00527,N2
test002_00528,N2
test002_00529,N2
test002_00530,N2
test002_00531,N2
test002_00532,N2
test002_00533,N2
test002_00534,N2
test002_00535,N2
test002_00536,N2
test002_00537,N2
test002_00538,N2
test002_00539,N2
test002_00540,N2
test002_00541,N2
test002_00542,N2
test002_00543,N2
test002_00544,N2
test002_00545,N2
test002_00546,N2
test002_00547,N2
test002_00548,N2
test002_00549,N2
test002_00550,N2
test002_00551,N2
test002_00552,N2
test002_00553,N2
test002_00554,N2
test002_00555,N2
test002_00556,N2
test002_00557,N2
test002_00558,N2
test002_00559,N2
test002_00560,N2
test002_00561,N2
test002_00562,N2
test002_00563,N2
test002_00564,N2
test002_00565,N2
test002_00566,N2
test002_00567,N2
test002_00568,N2
test002_00569,N2
test002_00570,N2
test002_00571,N2
test002_00572,N2
test002_00573,N2
test002_00574,N2
test002_00575,N2
test002_00576,N2
test002_00577,N2
test002_00578,N2
test002_00579,N2
test002_00580,N2
test002_00581,N2
test002_00582,N2
test002_00583,N2
test002_00584,N2
test002_00585,N2
test002_00586,N2
test002_00587,N2
test002_00588,N2
test002_00589,N2
test002_00590,N2
test002_00591,N2
test002_00592,N2
test002_00593,N2
test002_00594,N2
test002_00595,N2
test002_00596,N2
test002_00597,N2
test002_00598,N2
test002_00599,N2
test002_00600,N2
test002_00601,N2
test002_00602,N2
test002_00603,N2
test002_00604,N2
test002_00605,N2
test002_00606,N2
test002_00607,N2
test002_00608,N2
test002_00609,N2
test002_00610,N2
test002_00611,N2
test002_00612,N2
test002_00613,N2
test002_00614,N2
test002_00615,N2
test002_00616,N2
test002_00617,N2
test002_00618,N2
test002_00619,N2
test002_00620,N2
test002_00621,N2
test002_00622,N2
test002_00623,N2
test002_00624,N2
test002_00625,W
test002_00626,N2
test002_00627,N2
test002_00628,N2
test002_00629,W
test002_00630,N2
test002_00631,W
test002_00632,W
test002_00633,N2
test002_00634,W
test002_00635,N2
test002_00636,N2
test002_00637,N2
test002_00638,N2
test002_00639,N2
test002_00640,N2
test002_00641,N2
test002_00642,N2
test002_00643,N1
test002_00644,N1
test002_00645,N2
test002_00646,N2
test002_00647,W
test002_00648,N2
test002_00649,W
test002_00650,N2
test002_00651,N2
test002_00652,W
test002_00653,N2
test002_00654,N2
test002_00655,N2
test002_00656,N2
test002_00657,N2
test002_00658,N2
test002_00659,W
test002_00660,N2
test002_00661,N2
test002_00662,N2
test002_00663,N2
test002_00664,N2
test002_00665,W
test002_00666,N2
test002_00667,N2
test002_00668,N2
test002_00669,N2
test002_00670,N2
test002_00671,W
test002_00672,W
test002_00673,W
test002_00674,W
test002_00675,W
test002_00676,W
test002_00677,W
test002_00678,W
test002_00679,W
test002_00680,W
test002_00681,W
test002_00682,W
test002_00683,N2
test002_00684,N2
test002_00685,N1
test002_00686,N2
test002_00687,N2
test002_00688,N2
test002_00689,W
test002_00690,W
test002_00691,W
test002_00692,N2
test002_00693,N2
test002_00694,N2
test002_00695,W
test002_00696,W
test002_00697,W
test002_00698,W
test002_00699,W
test002_00700,W
test002_00701,N2
test002_00702,N2
test002_00703,W
test002_00704,N2
test002_00705,W
test002_00706,N2
test002_00707,N2
test002_00708,N1
test002_00709,N2
test002_00710,N2
test002_00711,N2
test002_00712,W
test002_00713,W
test002_00714,W
test002_00715,W
test002_00716,W
test002_00717,W
test002_00718,N2
test002_00719,N2
test002_00720,N2
test002_00721,N2
test002_00722,W
test002_00723,W
test002_00724,W
test002_00725,W
test002_00726,W
test002_00727,W
test002_00728,W
test002_00729,W
test002_00730,W
test002_00731,W
test002_00732,W
test002_00733,W
test002_00734,W
test002_00735,W
test002_00736,W
test002_00737,W
test002_00738,N2
test002_00739,W
test002_00740,W
test002_00741,N1
test002_00742,W
test002_00743,N2
test002_00744,W
test002_00745,N2
test002_00746,W
test002_00747,W
test002_00748,W
test002_00749,W
test002_00750,W
test002_00751,W
test002_00752,N2
test002_00753,W
test002_00754,W
test002_00755,W
test002_00756,W
test002_00757,W
test002_00758,N2
test002_00759,W
test002_00760,N2
test002_00761,W
test002_00762,W
test002_00763,W
test002_00764,W
test002_00765,W
test002_00766,N2
test002_00767,N2
test002_00768,N2
test002_00769,N2
test002_00770,N2
test002_00771,N2
test002_00772,N2
test002_00773,N2
test002_00774,W
test002_00775,W
test002_00776,N2
test002_00777,N2
test002_00778,N2
test002_00779,W
test002_00780,W
test002_00781,W
test002_00782,W
test002_00783,W
test002_00784,W
test002_00785,W
test002_00786,W
test002_00787,W
test002_00788,N1
test002_00789,N1
test002_00790,W
test002_00791,N2
test002_00792,W
test002_00793,N1
test002_00794,W
test002_00795,N2
test002_00796,W
test002_00797,W
test002_00798,W
test002_00799,W
test002_00800,W
test002_00801,W
test002_00802,W
test002_00803,N2
test002_00804,W
test002_00805,N2
test002_00806,N2
test002_00807,N2
test002_00808,N2
test002_00809,W
test002_00810,N2
test002_00811,N2
test002_00812,N2
test002_00813,N2
test002_00814,W
test002_00815,W
test002_00816,N2
test002_00817,W
test002_00818,W
test002_00819,W
test002_00820,W
test002_00821,N2
test002_00822,W
test002_00823,W
test002_00824,W
test002_00825,W
test002_00826,N2
test002_00827,W
test003_00000,W
test003_00001,W
test003_00002,W
test003_00003,W
test003_00004,W
test003_00005,W
test003_00006,W
test003_00007,W
test003_00008,W
test003_00009,W
test003_00010,W
test003_00011,N1
test003_00012,W
test003_00013,W
test003_00014,W
test003_00015,N2
test003_00016,N2
test003_00017,N2
test003_00018,N2
test003_00019,N2
test003_00020,N2
test003_00021,W
test003_00022,W
test003_00023,W
test003_00024,W
test003_00025,W
test003_00026,W
test003_00027,W
test003_00028,W
test003_00029,W
test003_00030,W
test003_00031,W
test003_00032,W
test003_00033,W
test003_00034,W
test003_00035,W
test003_00036,W
test003_00037,W
test003_00038,N2
test003_00039,W
test003_00040,W
test003_00041,W
test003_00042,W
test003_00043,W
test003_00044,N2
test003_00045,N2
test003_00046,W
test003_00047,W
test003_00048,W
test003_00049,W
test003_00050,W
test003_00051,W
test003_00052,W
test003_00053,W
test003_00054,W
test003_00055,W
test003_00056,W
test003_00057,W
test003_00058,W
test003_00059,W
test003_00060,N2
test003_00061,N2
test003_00062,W
test003_00063,W
test003_00064,W
test003_00065,R
test003_00066,N2
test003_00067,W
test003_00068,N2
test003_00069,W
test003_00070,W
test003_00071,W
test003_00072,W
test003_00073,W
test003_00074,W
test003_00075,W
test003_00076,W
test003_00077,W
test003_00078,W
test003_00079,W
test003_00080,N2
test003_00081,W
test003_00082,W
test003_00083,W
test003_00084,W
test003_00085,W
test003_00086,W
test003_00087,W
test003_00088,W
test003_00089,W
test003_00090,W
test003_00091,W
test003_00092,W
test003_00093,W
test003_00094,W
test003_00095,W
test003_00096,W
test003_00097,W
test003_00098,W
test003_00099,W
test003_00100,W
test003_00101,W
test003_00102,W
test003_00103,W
test003_00104,W
test003_00105,N2
test003_00106,W
test003_00107,W
test003_00108,W
test003_00109,W
test003_00110,W
test003_00111,W
test003_00112,N2
test003_00113,N2
test003_00114,W
test003_00115,W
test003_00116,W
test003_00117,N2
test003_00118,N2
test003_00119,W
test003_00120,W
test003_00121,W
test003_00122,W
test003_00123,N2
test003_00124,W
test003_00125,W
test003_00126,W
test003_00127,W
test003_00128,W
test003_00129,N2
test003_00130,N2
test003_00131,N2
test003_00132,W
test003_00133,W
test003_00134,W
test003_00135,W
test003_00136,W
test003_00137,W
test003_00138,W
test003_00139,W
test003_00140,W
test003_00141,N2
test003_00142,W
test003_00143,W
test003_00144,W
test003_00145,W
test003_00146,W
test003_00147,W
test003_00148,W
test003_00149,W
test003_00150,W
test003_00151,W
test003_00152,W
test003_00153,N2
test003_00154,W
test003_00155,W
test003_00156,W
test003_00157,W
test003_00158,W
test003_00159,N2
test003_00160,W
test003_00161,W
test003_00162,W
test003_00163,W
test003_00164,W
test003_00165,W
test003_00166,N2
test003_00167,W
test003_00168,W
test003_00169,W
test003_00170,W
test003_00171,W
test003_00172,W
test003_00173,W
test003_00174,W
test003_00175,W
test003_00176,W
test003_00177,W
test003_00178,W
test003_00179,W
test003_00180,W
test003_00181,W
test003_00182,W
test003_00183,N2
test003_00184,N2
test003_00185,N2
test003_00186,N2
test003_00187,W
test003_00188,N2
test003_00189,W
test003_00190,W
test003_00191,R
test003_00192,W
test003_00193,N2
test003_00194,N2
test003_00195,W
test003_00196,N2
test003_00197,N2
test003_00198,N2
test003_00199,N2
test003_00200,N2
test003_00201,N2
test003_00202,N2
test003_00203,W
test003_00204,W
test003_00205,W
test003_00206,W
test003_00207,W
test003_00208,N2
test003_00209,W
test003_00210,W
test003_00211,N2
test003_00212,W
test003_00213,W
test003_00214,N2
test003_00215,N2
test003_00216,R
test003_00217,R
test003_00218,N2
test003_00219,N2
test003_00220,R
test003_00221,N2
test003_00222,N2
test003_00223,N2
test003_00224,N2
test003_00225,R
test003_00226,N2
test003_00227,N2
test003_00228,R
test003_00229,N2
test003_00230,R
test003_00231,W
test003_00232,R
test003_00233,R
test003_00234,N2
test003_00235,R
test003_00236,W
test003_00237,R
test003_00238,N2
test003_00239,R
test003_00240,R
test003_00241,N2
test003_00242,N2
test003_00243,R
test003_00244,R
test003_00245,R
test003_00246,N2
test003_00247,R
test003_00248,N2
test003_00249,N2
test003_00250,N2
test003_00251,W
test003_00252,R
test003_00253,N2
test003_00254,N2
test003_00255,N2
test003_00256,N2
test003_00257,R
test003_00258,N2
test003_00259,N2
test003_00260,N2
test003_00261,N2
test003_00262,R
test003_00263,R
test003_00264,R
test003_00265,W
test003_00266,N2
test003_00267,N2
test003_00268,W
test003_00269,W
test003_00270,N1
test003_00271,R
test003_00272,R
test003_00273,R
test003_00274,N2
test003_00275,N2
test003_00276,N2
test003_00277,N2
test003_00278,N2
test003_00279,R
test003_00280,N2
test003_00281,N2
test003_00282,N2
test003_00283,N2
test003_00284,N1
test003_00285,N1
test003_00286,N1
test003_00287,N2
test003_00288,N2
test003_00289,N2
test003_00290,R
test003_00291,W
test003_00292,R
test003_00293,R
test003_00294,N2
test003_00295,W
test003_00296,N2
test003_00297,N2
test003_00298,R
test003_00299,N2
test003_00300,N2
test003_00301,R
test003_00302,N2
test003_00303,N2
test003_00304,N1
test003_00305,N2
test003_00306,N2
test003_00307,N2
test003_00308,W
test003_00309,N2
test003_00310,N2
test003_00311,N2
test003_00312,N2
test003_00313,W
test003_00314,R
test003_00315,W
test003_00316,N2
test003_00317,R
test003_00318,R
test003_00319,N2
test003_00320,W
test003_00321,W
test003_00322,W
test003_00323,W
test003_00324,W
test003_00325,W
test003_00326,N2
test003_00327,W
test003_00328,N2
test003_00329,N2
test003_00330,N2
test003_00331,N2
test003_00332,N2
test003_00333,N2
test003_00334,N2
test003_00335,W
test003_00336,N2
test003_00337,W
test003_00338,N2
test003_00339,N2
test003_00340,W
test003_00341,N2
test003_00342,N2
test003_00343,N2
test003_00344,W
test003_00345,W
test003_00346,W
test003_00347,W
test003_00348,W
test003_00349,W
test003_00350,W
test003_00351,W
test003_00352,W
test003_00353,W
test003_00354,N2
test003_00355,W
test003_00356,W
test003_00357,W
test003_00358,W
test003_00359,W
test003_00360,W
test003_00361,W
test003_00362,N2
test003_00363,N2
test003_00364,W
test003_00365,W
test003_00366,W
test003_00367,W
test003_00368,W
test003_00369,W
test003_00370,W
test003_00371,W
test003_00372,W
test003_00373,W
test003_00374,W
test003_00375,W
test003_00376,W
test003_00377,W
test003_00378,W
test003_00379,W
test003_00380,W
test003_00381,W
test003_00382,W
test003_00383,W
test003_00384,W
test003_00385,W
test003_00386,W
test003_00387,W
test003_00388,W
test003_00389,W
test003_00390,W
test003_00391,W
test003_00392,W
test003_00393,W
test003_00394,W
test003_00395,W
test003_00396,W
test003_00397,W
test003_00398,N2
test003_00399,W
test003_00400,W
test003_00401,W
test003_00402,W
test003_00403,W
test003_00404,W
test003_00405,N2
test003_00406,W
test003_00407,W
test003_00408,W
test003_00409,W
test003_00410,W
test003_00411,W
test003_00412,W
test003_00413,W
test003_00414,W
test003_00415,W
test003_00416,W
test003_00417,W
test003_00418,W
test003_00419,N2
test003_00420,W
test003_00421,W
test003_00422,W
test003_00423,W
test003_00424,N2
test003_00425,W
test003_00426,W
test003_00427,N2
test003_00428,N2
test003_00429,N2
test003_00430,W
test003_00431,W
test003_00432,W
test003_00433,W
test003_00434,W
test003_00435,W
test003_00436,W
test003_00437,N2
test003_00438,W
test003_00439,N2
test003_00440,N2
test003_00441,W
test003_00442,W
test003_00443,W
test003_00444,W
test003_00445,W
test003_00446,W
test003_00447,N2
test003_00448,N2
test003_00449,N2
test003_00450,N2
test003_00451,N2
test003_00452,N2
test003_00453,N2
test003_00454,W
test003_00455,N2
test003_00456,N2
test003_00457,N2
test003_00458,N2
test003_00459,W
test003_00460,W
test003_00461,W
test003_00462,W
test003_00463,N2
test003_00464,N2
test003_00465,W
test003_00466,W
test003_00467,N2
test003_00468,N2
test003_00469,N2
test003_00470,N2
test003_00471,N2
test003_00472,N2
test003_00473,N2
test003_00474,N2
test003_00475,N2
test003_00476,N1
test003_00477,N2
test003_00478,N2
test003_00479,N2
test003_00480,N2
test003_00481,N2
test003_00482,N2
test003_00483,N2
test003_00484,N2
test003_00485,N2
test003_00486,N2
test003_00487,N2
test003_00488,N2
test003_00489,N2
test003_00490,N2
test003_00491,W
test003_00492,N2
test003_00493,N2
test003_00494,N2
test003_00495,R
test003_00496,N2
test003_00497,N2
test003_00498,N2
test003_00499,N2
test003_00500,N2
test003_00501,N2
test003_00502,N2
test003_00503,N2
test003_00504,N2
test003_00505,N2
test003_00506,N2
test003_00507,N1
test003_00508,N2
test003_00509,N2
test003_00510,N2
test003_00511,N2
test003_00512,N2
test003_00513,N2
test003_00514,N2
test003_00515,N2
test003_00516,N2
test003_00517,N2
test003_00518,N2
test003_00519,N2
test003_00520,N2
test003_00521,N2
test003_00522,N2
test003_00523,N2
test003_00524,N2
test003_00525,N2
test003_00526,N2
test003_00527,N2
test003_00528,N2
test003_00529,N1
test003_00530,N2
test003_00531,N2
test003_00532,N2
test003_00533,N2
test003_00534,N2
test003_00535,N1
test003_00536,N2
test003_00537,N2
test003_00538,N2
test003_00539,N2
test003_00540,N2
test003_00541,N2
test003_00542,N2
test003_00543,N2
test003_00544,N2
test003_00545,N2
test003_00546,N1
test003_00547,N2
test003_00548,N2
test003_00549,N1
test003_00550,N1
test003_00551,N2
test003_00552,N1
test003_00553,W
test003_00554,N2
test003_00555,N2
test003_00556,N2
test003_00557,N2
test003_00558,N2
test003_00559,N2
test003_00560,N2
test003_00561,N2
test003_00562,N2
test003_00563,N2
test003_00564,N2
test003_00565,N2
test003_00566,N2
test003_00567,N2
test003_00568,N2
test003_00569,N2
test003_00570,N2
test003_00571,N2
test003_00572,N2
test003_00573,N2
test003_00574,N2
test003_00575,N2
test003_00576,N2
test003_00577,N2
test003_00578,N2
test003_00579,N2
test003_00580,N2
test003_00581,N2
test003_00582,N2
test003_00583,N2
test003_00584,N2
test003_00585,N2
test003_00586,N2
test003_00587,N2
test003_00588,N2
test003_00589,N2
test003_00590,N2
test003_00591,N2
test003_00592,N2
test003_00593,N2
test003_00594,N2
test003_00595,N2
test003_00596,N2
test003_00597,N2
test003_00598,N2
test003_00599,N2
test003_00600,N2
test003_00601,N2
test003_00602,N2
test003_00603,N2
test003_00604,N2
test003_00605,R
test003_00606,N2
test003_00607,N2
test003_00608,N2
test003_00609,N2
test003_00610,N2
test003_00611,N2
test003_00612,N2
test003_00613,R
test003_00614,N2
test003_00615,N2
test003_00616,N2
test003_00617,N2
test003_00618,N2
test003_00619,N2
test003_00620,N2
test003_00621,N2
test003_00622,N2
test003_00623,N2
test003_00624,N2
test003_00625,N2
test003_00626,N2
test003_00627,N2
test003_00628,N2
test003_00629,W
test003_00630,N2
test003_00631,W
test003_00632,N2
test003_00633,W
test003_00634,W
test003_00635,N2
test003_00636,N2
test003_00637,W
test003_00638,N2
test003_00639,N2
test003_00640,N2
test003_00641,N2
test003_00642,N2
test003_00643,N2
test003_00644,N2
test003_00645,N2
test003_00646,N2
test003_00647,N2
test003_00648,N2
test003_00649,N2
test003_00650,N2
test003_00651,N2
test003_00652,N2
test003_00653,N2
test003_00654,N2
test003_00655,N2
test003_00656,N2
test003_00657,N2
test003_00658,N2
test003_00659,N2
test003_00660,N2
test003_00661,N2
test003_00662,N2
test003_00663,W
test003_00664,N2
test003_00665,N2
test003_00666,N2
test003_00667,N2
test003_00668,W
test003_00669,N2
test003_00670,N2
test003_00671,N2
test003_00672,N2
test003_00673,N2
test003_00674,N2
test003_00675,N2
test003_00676,N2
test003_00677,N2
test003_00678,N2
test003_00679,N2
test003_00680,N2
test003_00681,N2
test003_00682,N2
test003_00683,N2
test003_00684,N2
test003_00685,N2
test003_00686,N2
test003_00687,N2
test003_00688,N2
test003_00689,N2
test003_00690,N2
test003_00691,W
test003_00692,N2
test003_00693,N2
test003_00694,N2
test003_00695,W
test003_00696,N2
test003_00697,N1
test003_00698,N2
test003_00699,N2
test003_00700,W
test003_00701,N2
test003_00702,N2
test003_00703,N2
test003_00704,N2
test003_00705,N1
test003_00706,N2
test003_00707,N2
test003_00708,W
test003_00709,N2
test003_00710,W
test003_00711,N2
test003_00712,N1
test003_00713,N2
test003_00714,N2
test003_00715,N2
test003_00716,W
test003_00717,N2
test003_00718,N2
test003_00719,W
test003_00720,W
test003_00721,W
test003_00722,N2
test003_00723,N2
test003_00724,W
test003_00725,N2
test003_00726,N1
test003_00727,N1
test003_00728,W
test003_00729,N1
test003_00730,W
test003_00731,W
test003_00732,N1
test003_00733,N2
test003_00734,W
test003_00735,W
test003_00736,N2
test003_00737,N2
test003_00738,N2
test003_00739,N2
test003_00740,N2
test003_00741,W
test003_00742,W
test003_00743,N2
test003_00744,W
test003_00745,W
test003_00746,W
test003_00747,N2
test003_00748,N2
test003_00749,W
test003_00750,W
test003_00751,W
test003_00752,N2
test003_00753,W
test003_00754,W
test003_00755,W
test003_00756,W
test003_00757,W
test003_00758,W
test003_00759,N1
test003_00760,N2
test003_00761,N2
test003_00762,N1
test003_00763,N2
test003_00764,N2
test003_00765,N2
test003_00766,N2
test003_00767,N2
test003_00768,W
test003_00769,W
test003_00770,W
test003_00771,N1
test003_00772,N1
test003_00773,N2
test003_00774,W
test003_00775,N2
test003_00776,W
test003_00777,W
test003_00778,N2
test003_00779,N1
test003_00780,N2
test003_00781,W
test003_00782,N2
test003_00783,N2
test003_00784,N2
test003_00785,N2
test003_00786,N2
test003_00787,N2
test003_00788,N2
test003_00789,N2
test003_00790,N2
test003_00791,N2
test003_00792,N2
test003_00793,N2
test003_00794,N2
test003_00795,N2
test003_00796,N1
test003_00797,N2
test003_00798,N2
test003_00799,W
test003_00800,W
test003_00801,W
test003_00802,W
test003_00803,W
test003_00804,W
test003_00805,W
test003_00806,W
test003_00807,W
test003_00808,W
test003_00809,W
test003_00810,N2
test003_00811,N2
test003_00812,W
test003_00813,N2
test003_00814,N2
test003_00815,N2
test003_00816,N2
test003_00817,N2
test003_00818,N2
test003_00819,W
test003_00820,N2
test003_00821,N2
test003_00822,N2
test003_00823,W
test003_00824,W
test003_00825,W
test004_00000,W
test004_00001,N1
test004_00002,W
test004_00003,W
test004_00004,W
test004_00005,W
test004_00006,W
test004_00007,W
test004_00008,W
test004_00009,N1
test004_00010,W
test004_00011,W
test004_00012,N1
test004_00013,N2
test004_00014,N2
test004_00015,N2
test004_00016,N2
test004_00017,W
test004_00018,N2
test004_00019,W
test004_00020,W
test004_00021,N2
test004_00022,W
test004_00023,W
test004_00024,W
test004_00025,W
test004_00026,N1
test004_00027,W
test004_00028,W
test004_00029,W
test004_00030,W
test004_00031,W
test004_00032,N1
test004_00033,W
test004_00034,W
test004_00035,N1
test004_00036,N1
test004_00037,N1
test004_00038,W
test004_00039,W
test004_00040,W
test004_00041,W
test004_00042,W
test004_00043,W
test004_00044,N1
test004_00045,W
test004_00046,W
test004_00047,W
test004_00048,N1
test004_00049,W
test004_00050,W
test004_00051,N1
test004_00052,N1
test004_00053,W
test004_00054,W
test004_00055,W
test004_00056,W
test004_00057,N1
test004_00058,W
test004_00059,W
test004_00060,W
test004_00061,W
test004_00062,W
test004_00063,W
test004_00064,W
test004_00065,W
test004_00066,N2
test004_00067,W
test004_00068,W
test004_00069,W
test004_00070,W
test004_00071,W
test004_00072,W
test004_00073,W
test004_00074,N2
test004_00075,W
test004_00076,N2
test004_00077,N1
test004_00078,W
test004_00079,W
test004_00080,W
test004_00081,W
test004_00082,W
test004_00083,W
test004_00084,N1
test004_00085,W
test004_00086,W
test004_00087,W
test004_00088,W
test004_00089,W
test004_00090,W
test004_00091,W
test004_00092,W
test004_00093,N2
test004_00094,N2
test004_00095,N2
test004_00096,N2
test004_00097,N2
test004_00098,N2
test004_00099,N2
test004_00100,N2
test004_00101,N2
test004_00102,N2
test004_00103,N2
test004_00104,N2
test004_00105,N2
test004_00106,N2
test004_00107,N2
test004_00108,N2
test004_00109,N2
test004_00110,N2
test004_00111,N2
test004_00112,N2
test004_00113,N2
test004_00114,N2
test004_00115,N2
test004_00116,N2
test004_00117,N2
test004_00118,N2
test004_00119,N2
test004_00120,N2
test004_00121,N2
test004_00122,N2
test004_00123,N2
test004_00124,N2
test004_00125,N2
test004_00126,N2
test004_00127,N2
test004_00128,N2
test004_00129,N2
test004_00130,N2
test004_00131,N2
test004_00132,N2
test004_00133,N2
test004_00134,N2
test004_00135,N2
test004_00136,N2
test004_00137,N2
test004_00138,N2
test004_00139,N2
test004_00140,N2
test004_00141,N1
test004_00142,W
test004_00143,W
test004_00144,N2
test004_00145,N2
test004_00146,N2
test004_00147,N2
test004_00148,N2
test004_00149,N2
test004_00150,N2
test004_00151,N2
test004_00152,N2
test004_00153,N2
test004_00154,N2
test004_00155,N2
test004_00156,N2
test004_00157,N2
test004_00158,N2
test004_00159,N2
test004_00160,N2
test004_00161,N2
test004_00162,N2
test004_00163,N2
test004_00164,N2
test004_00165,N2
test004_00166,N2
test004_00167,N2
test004_00168,N2
test004_00169,N2
test004_00170,N2
test004_00171,N2
test004_00172,N2
test004_00173,N2
test004_00174,N2
test004_00175,N2
test004_00176,N2
test004_00177,N2
test004_00178,N2
test004_00179,N2
test004_00180,N2
test004_00181,N2
test004_00182,N2
test004_00183,N2
test004_00184,N2
test004_00185,N2
test004_00186,N2
test004_00187,N2
test004_00188,N2
test004_00189,N2
test004_00190,N2
test004_00191,N2
test004_00192,N2
test004_00193,N2
test004_00194,N2
test004_00195,N2
test004_00196,N2
test004_00197,N2
test004_00198,N2
test004_00199,N2
test004_00200,N2
test004_00201,N2
test004_00202,N2
test004_00203,N1
test004_00204,W
test004_00205,N2
test004_00206,N2
test004_00207,N2
test004_00208,N2
test004_00209,N2
test004_00210,N2
test004_00211,N2
test004_00212,N2
test004_00213,N2
test004_00214,N2
test004_00215,W
test004_00216,N2
test004_00217,N2
test004_00218,N2
test004_00219,N2
test004_00220,N2
test004_00221,N2
test004_00222,N2
test004_00223,N2
test004_00224,N2
test004_00225,N2
test004_00226,N2
test004_00227,N2
test004_00228,N2
test004_00229,N2
test004_00230,N2
test004_00231,N2
test004_00232,N2
test004_00233,N2
test004_00234,N2
test004_00235,N2
test004_00236,N2
test004_00237,N2
test004_00238,N2
test004_00239,N2
test004_00240,N2
test004_00241,N2
test004_00242,N2
test004_00243,N2
test004_00244,N2
test004_00245,N2
test004_00246,N2
test004_00247,N2
test004_00248,N2
test004_00249,N2
test004_00250,N2
test004_00251,N2
test004_00252,N2
test004_00253,N2
test004_00254,N2
test004_00255,N2
test004_00256,N2
test004_00257,N2
test004_00258,N2
test004_00259,N2
test004_00260,N2
test004_00261,N2
test004_00262,N2
test004_00263,N2
test004_00264,N2
test004_00265,N2
test004_00266,N2
test004_00267,N2
test004_00268,N2
test004_00269,N2
test004_00270,N2
test004_00271,N2
test004_00272,N2
test004_00273,N2
test004_00274,N2
test004_00275,N2
test004_00276,N2
test004_00277,N2
test004_00278,N2
test004_00279,N2
test004_00280,N2
test004_00281,N2
test004_00282,N2
test004_00283,N2
test004_00284,N2
test004_00285,N2
test004_00286,N2
test004_00287,N2
test004_00288,N2
test004_00289,N2
test004_00290,N2
test004_00291,N2
test004_00292,N2
test004_00293,N2
test004_00294,N2
test004_00295,N2
test004_00296,N2
test004_00297,N2
test004_00298,N2
test004_00299,N2
test004_00300,N2
test004_00301,N2
test004_00302,N2
test004_00303,N2
test004_00304,N2
test004_00305,N2
test004_00306,N2
test004_00307,N2
test004_00308,N2
test004_00309,N2
test004_00310,N2
test004_00311,N2
test004_00312,N2
test004_00313,N2
test004_00314,N1
test004_00315,N2
test004_00316,N2
test004_00317,N2
test004_00318,N2
test004_00319,N2
test004_00320,N2
test004_00321,N2
test004_00322,N2
test004_00323,N2
test004_00324,N2
test004_00325,N2
test004_00326,N2
test004_00327,N2
test004_00328,N2
test004_00329,N2
test004_00330,N2
test004_00331,N2
test004_00332,N2
test004_00333,N2
test004_00334,N2
test004_00335,N1
test004_00336,N1
test004_00337,N2
test004_00338,N2
test004_00339,N2
test004_00340,W
test004_00341,N1
test004_00342,N2
test004_00343,N1
test004_00344,W
test004_00345,N2
test004_00346,N1
test004_00347,W
test004_00348,W
test004_00349,N1
test004_00350,N1
test004_00351,N1
test004_00352,W
test004_00353,N1
test004_00354,N1
test004_00355,N1
test004_00356,W
test004_00357,N1
test004_00358,N2
test004_00359,N1
test004_00360,W
test004_00361,W
test004_00362,W
test004_00363,W
test004_00364,W
test004_00365,N2
test004_00366,W
test004_00367,N2
test004_00368,N2
test004_00369,N2
test004_00370,N2
test004_00371,W
test004_00372,N1
test004_00373,W
test004_00374,W
test004_00375,N2
test004_00376,W
test004_00377,N2
test004_00378,W
test004_00379,W
test004_00380,N2
test004_00381,W
test004_00382,N2
test004_00383,N1
test004_00384,W
test004_00385,W
test004_00386,N2
test004_00387,W
test004_00388,W
test004_00389,W
test004_00390,W
test004_00391,W
test004_00392,W
test004_00393,W
test004_00394,N2
test004_00395,W
test004_00396,N2
test004_00397,N2
test004_00398,N2
test004_00399,N2
test004_00400,N2
test004_00401,N2
test004_00402,N2
test004_00403,N2
test004_00404,N2
test004_00405,N2
test004_00406,N2
test004_00407,N2
test004_00408,N2
test004_00409,N2
test004_00410,N2
test004_00411,N2
test004_00412,N2
test004_00413,N2
test004_00414,N2
test004_00415,N2
test004_00416,N2
test004_00417,N2
test004_00418,N2
test004_00419,N2
test004_00420,N2
test004_00421,N2
test004_00422,N2
test004_00423,N2
test004_00424,N2
test004_00425,N2
test004_00426,N2
test004_00427,N2
test004_00428,N1
test004_00429,N2
test004_00430,N2
test004_00431,N2
test004_00432,N2
test004_00433,N2
test004_00434,N2
test004_00435,N2
test004_00436,N2
test004_00437,N2
test004_00438,N2
test004_00439,N2
test004_00440,N2
test004_00441,N2
test004_00442,N2
test004_00443,N2
test004_00444,N2
test004_00445,N2
test004_00446,N2
test004_00447,N2
test004_00448,N2
test004_00449,N2
test004_00450,N2
test004_00451,N2
test004_00452,N2
test004_00453,N2
test004_00454,N2
test004_00455,N2
test004_00456,N2
test004_00457,N2
test004_00458,N2
test004_00459,N2
test004_00460,N2
test004_00461,N2
test004_00462,N2
test004_00463,N2
test004_00464,N2
test004_00465,N2
test004_00466,N2
test004_00467,N2
test004_00468,N2
test004_00469,N2
test004_00470,N2
test004_00471,N2
test004_00472,N2
test004_00473,N2
test004_00474,N2
test004_00475,N2
test004_00476,N2
test004_00477,N2
test004_00478,N2
test004_00479,N2
test004_00480,N2
test004_00481,N2
test004_00482,N2
test004_00483,N2
test004_00484,N2
test004_00485,N2
test004_00486,N2
test004_00487,N2
test004_00488,N2
test004_00489,N2
test004_00490,N2
test004_00491,N2
test004_00492,N2
test004_00493,N2
test004_00494,N2
test004_00495,N2
test004_00496,N2
test004_00497,N2
test004_00498,N2
test004_00499,N2
test004_00500,N2
test004_00501,N2
test004_00502,N2
test004_00503,N2
test004_00504,N2
test004_00505,N2
test004_00506,N2
test004_00507,N2
test004_00508,N2
test004_00509,N2
test004_00510,N2
test004_00511,N2
test004_00512,N2
test004_00513,N2
test004_00514,N2
test004_00515,N2
test004_00516,N2
test004_00517,N2
test004_00518,N2
test004_00519,N2
test004_00520,N2
test004_00521,N2
test004_00522,N2
test004_00523,N2
test004_00524,N2
test004_00525,N2
test004_00526,N2
test004_00527,N2
test004_00528,N2
test004_00529,N2
test004_00530,N2
test004_00531,N2
test004_00532,N2
test004_00533,N2
test004_00534,N2
test004_00535,N2
test004_00536,N2
test004_00537,N2
test004_00538,N2
test004_00539,N2
test004_00540,N2
test004_00541,N2
test004_00542,N2
test004_00543,N2
test004_00544,N2
test004_00545,N2
test004_00546,N2
test004_00547,N2
test004_00548,N2
test004_00549,N2
test004_00550,N2
test004_00551,N2
test004_00552,N2
test004_00553,N2
test004_00554,N2
test004_00555,N2
test004_00556,N2
test004_00557,N2
test004_00558,N2
test004_00559,N2
test004_00560,N2
test004_00561,N2
test004_00562,N2
test004_00563,N2
test004_00564,N2
test004_00565,N2
test004_00566,N2
test004_00567,N2
test004_00568,N2
test004_00569,N2
test004_00570,N2
test004_00571,N2
test004_00572,N2
test004_00573,N2
test004_00574,N2
test004_00575,N2
test004_00576,N2
test004_00577,N2
test004_00578,N2
test004_00579,N2
test004_00580,N2
test004_00581,N2
test004_00582,N2
test004_00583,N2
test004_00584,N2
test004_00585,N2
test004_00586,N2
test004_00587,N2
test004_00588,W
test004_00589,N2
test004_00590,N2
test004_00591,N2
test004_00592,N2
test004_00593,N2
test004_00594,N2
test004_00595,N2
test004_00596,N2
test004_00597,N2
test004_00598,N1
test004_00599,N2
test004_00600,N2
test004_00601,N2
test004_00602,N2
test004_00603,N2
test004_00604,N2
test004_00605,N2
test004_00606,N2
test004_00607,N2
test004_00608,N2
test004_00609,N2
test004_00610,N2
test004_00611,N2
test004_00612,N2
test004_00613,N2
test004_00614,N2
test004_00615,N2
test004_00616,W
test004_00617,W
test004_00618,N2
test004_00619,N2
test004_00620,N2
test004_00621,N2
test004_00622,N2
test004_00623,W
test004_00624,N2
test004_00625,R
test004_00626,W
test004_00627,N2
test004_00628,N2
test004_00629,N2
test004_00630,N2
test004_00631,N2
test004_00632,W
test004_00633,W
test004_00634,W
test004_00635,N2
test004_00636,W
test004_00637,N2
test004_00638,W
test004_00639,W
test004_00640,W
test004_00641,W
test004_00642,N2
test004_00643,N2
test004_00644,N2
test004_00645,N2
test004_00646,N2
test004_00647,N2
test004_00648,N2
test004_00649,N2
test004_00650,N2
test004_00651,N2
test004_00652,W
test004_00653,W
test004_00654,N2
test004_00655,N2
test004_00656,W
test004_00657,W
test004_00658,W
test004_00659,N2
test004_00660,W
test004_00661,N2
test004_00662,N2
test004_00663,N2
test004_00664,N2
test004_00665,N2
test004_00666,N2
test004_00667,W
test004_00668,N2
test004_00669,W
test004_00670,W
test004_00671,N2
test004_00672,N2
test004_00673,W
test004_00674,N2
test004_00675,N2
test004_00676,W
test004_00677,W
test004_00678,N2
test004_00679,N2
test004_00680,W
test004_00681,W
test004_00682,N2
test004_00683,N2
test004_00684,N2
test004_00685,N2
test004_00686,N2
test004_00687,N2
test004_00688,N2
test004_00689,N2
test004_00690,N2
test004_00691,N2
test004_00692,N2
test004_00693,N2
test004_00694,N2
test004_00695,N2
test004_00696,N2
test004_00697,N2
test004_00698,N2
test004_00699,N2
test004_00700,N2
test004_00701,N2
test004_00702,N2
test004_00703,N2
test004_00704,N2
test004_00705,N2
test004_00706,N2
test004_00707,N2
test004_00708,N2
test004_00709,N2
test004_00710,N2
test004_00711,N2
test004_00712,N2
test004_00713,N2
test004_00714,N2
test004_00715,N2
test005_00000,W
test005_00001,W
test005_00002,W
test005_00003,W
test005_00004,W
test005_00005,W
test005_00006,N2
test005_00007,N2
test005_00008,N2
test005_00009,W
test005_00010,W
test005_00011,N2
test005_00012,N2
test005_00013,W
test005_00014,N2
test005_00015,N2
test005_00016,W
test005_00017,W
test005_00018,N2
test005_00019,W
test005_00020,N2
test005_00021,W
test005_00022,W
test005_00023,W
test005_00024,N2
test005_00025,N2
test005_00026,W
test005_00027,W
test005_00028,W
test005_00029,W
test005_00030,W
test005_00031,W
test005_00032,N2
test005_00033,N2
test005_00034,N2
test005_00035,W
test005_00036,W
test005_00037,N2
test005_00038,W
test005_00039,W
test005_00040,N2
test005_00041,N2
test005_00042,W
test005_00043,N2
test005_00044,N2
test005_00045,N2
test005_00046,N2
test005_00047,N2
test005_00048,N2
test005_00049,N2
test005_00050,N2
test005_00051,N2
test005_00052,N1
test005_00053,N2
test005_00054,N2
test005_00055,N2
test005_00056,N2
test005_00057,N2
test005_00058,N2
test005_00059,N2
test005_00060,N2
test005_00061,N2
test005_00062,N2
test005_00063,N2
test005_00064,N2
test005_00065,N2
test005_00066,N2
test005_00067,N2
test005_00068,N2
test005_00069,N2
test005_00070,N2
test005_00071,N2
test005_00072,N2
test005_00073,N2
test005_00074,N2
test005_00075,N2
test005_00076,N2
test005_00077,N2
test005_00078,N2
test005_00079,N2
test005_00080,N2
test005_00081,N2
test005_00082,N2
test005_00083,N2
test005_00084,N2
test005_00085,N2
test005_00086,N2
test005_00087,N2
test005_00088,N2
test005_00089,N2
test005_00090,N2
test005_00091,N2
test005_00092,N2
test005_00093,N2
test005_00094,N2
test005_00095,N2
test005_00096,N2
test005_00097,N2
test005_00098,N2
test005_00099,N2
test005_00100,N2
test005_00101,N2
test005_00102,N2
test005_00103,N2
test005_00104,N2
test005_00105,N2
test005_00106,N2
test005_00107,N2
test005_00108,N2
test005_00109,N2
test005_00110,N2
test005_00111,N2
test005_00112,N2
test005_00113,N2
test005_00114,N2
test005_00115,N2
test005_00116,N2
test005_00117,N2
test005_00118,N2
test005_00119,N2
test005_00120,N2
test005_00121,N2
test005_00122,N2
test005_00123,N2
test005_00124,N2
test005_00125,N2
test005_00126,N2
test005_00127,N2
test005_00128,N2
test005_00129,N2
test005_00130,N2
test005_00131,N2
test005_00132,N2
test005_00133,N2
test005_00134,N2
test005_00135,N2
test005_00136,N2
test005_00137,N2
test005_00138,N2
test005_00139,N2
test005_00140,N2
test005_00141,N2
test005_00142,N2
test005_00143,N2
test005_00144,N2
test005_00145,N2
test005_00146,N2
test005_00147,N2
test005_00148,N2
test005_00149,W
test005_00150,W
test005_00151,N2
test005_00152,N2
test005_00153,N2
test005_00154,N2
test005_00155,W
test005_00156,W
test005_00157,W
test005_00158,N2
test005_00159,W
test005_00160,N1
test005_00161,N2
test005_00162,N2
test005_00163,N2
test005_00164,N2
test005_00165,N2
test005_00166,N2
test005_00167,N2
test005_00168,N2
test005_00169,N2
test005_00170,N2
test005_00171,N2
test005_00172,N2
test005_00173,N2
test005_00174,N2
test005_00175,N2
test005_00176,N2
test005_00177,N1
test005_00178,N2
test005_00179,N2
test005_00180,W
test005_00181,N2
test005_00182,R
test005_00183,N2
test005_00184,N2
test005_00185,N2
test005_00186,N2
test005_00187,N2
test005_00188,N2
test005_00189,N2
test005_00190,N2
test005_00191,N2
test005_00192,N2
test005_00193,N2
test005_00194,N2
test005_00195,N2
test005_00196,N2
test005_00197,N2
test005_00198,N2
test005_00199,N2
test005_00200,N2
test005_00201,N2
test005_00202,N2
test005_00203,N2
test005_00204,N2
test005_00205,N2
test005_00206,N2
test005_00207,N2
test005_00208,N2
test005_00209,N2
test005_00210,N2
test005_00211,N2
test005_00212,N2
test005_00213,N2
test005_00214,N2
test005_00215,N2
test005_00216,N2
test005_00217,N2
test005_00218,N2
test005_00219,N2
test005_00220,N2
test005_00221,N2
test005_00222,N2
test005_00223,N2
test005_00224,N2
test005_00225,N2
test005_00226,N2
test005_00227,N2
test005_00228,N2
test005_00229,N2
test005_00230,N2
test005_00231,N2
test005_00232,N2
test005_00233,N2
test005_00234,N2
test005_00235,W
test005_00236,W
test005_00237,W
test005_00238,N2
test005_00239,W
test005_00240,N2
test005_00241,N2
test005_00242,N2
test005_00243,N2
test005_00244,W
test005_00245,N2
test005_00246,N2
test005_00247,N2
test005_00248,N2
test005_00249,N2
test005_00250,N2
test005_00251,N2
test005_00252,N2
test005_00253,W
test005_00254,W
test005_00255,N2
test005_00256,N2
test005_00257,N2
test005_00258,N2
test005_00259,N2
test005_00260,N2
test005_00261,N2
test005_00262,N2
test005_00263,N2
test005_00264,N2
test005_00265,N2
test005_00266,N2
test005_00267,N2
test005_00268,N2
test005_00269,N2
test005_00270,N2
test005_00271,N2
test005_00272,N2
test005_00273,N2
test005_00274,N2
test005_00275,N2
test005_00276,N2
test005_00277,N2
test005_00278,N2
test005_00279,N2
test005_00280,N2
test005_00281,N2
test005_00282,N2
test005_00283,N2
test005_00284,N2
test005_00285,N2
test005_00286,N2
test005_00287,N2
test005_00288,N2
test005_00289,N2
test005_00290,N2
test005_00291,N2
test005_00292,N2
test005_00293,N2
test005_00294,N2
test005_00295,N2
test005_00296,N2
test005_00297,N2
test005_00298,N2
test005_00299,N2
test005_00300,N2
test005_00301,N2
test005_00302,N2
test005_00303,N2
test005_00304,N2
test005_00305,W
test005_00306,W
test005_00307,W
test005_00308,N2
test005_00309,N2
test005_00310,N2
test005_00311,N2
test005_00312,N2
test005_00313,N2
test005_00314,N2
test005_00315,W
test005_00316,W
test005_00317,W
test005_00318,W
test005_00319,N2
test005_00320,W
test005_00321,N2
test005_00322,N2
test005_00323,N2
test005_00324,W
test005_00325,W
test005_00326,W
test005_00327,W
test005_00328,W
test005_00329,N2
test005_00330,N2
test005_00331,N2
test005_00332,N2
test005_00333,W
test005_00334,W
test005_00335,W
test005_00336,W
test005_00337,W
test005_00338,W
test005_00339,N2
test005_00340,N2
test005_00341,N2
test005_00342,N2
test005_00343,W
test005_00344,W
test005_00345,N2
test005_00346,N2
test005_00347,N2
test005_00348,N2
test005_00349,W
test005_00350,N2
test005_00351,N2
test005_00352,N2
test005_00353,N2
test005_00354,N2
test005_00355,N2
test005_00356,N2
test005_00357,N2
test005_00358,W
test005_00359,W
test005_00360,N2
test005_00361,N2
test005_00362,N2
test005_00363,N2
test005_00364,N2
test005_00365,W
test005_00366,W
test005_00367,W
test005_00368,W
test005_00369,W
test005_00370,W
test005_00371,W
test005_00372,W
test005_00373,W
test005_00374,W
test005_00375,W
test005_00376,N2
test005_00377,N2
test005_00378,N2
test005_00379,N2
test005_00380,W
test005_00381,W
test005_00382,W
test005_00383,W
test005_00384,W
test005_00385,N2
test005_00386,W
test005_00387,N2
test005_00388,N2
test005_00389,N2
test005_00390,N2
test005_00391,N2
test005_00392,N2
test005_00393,N2
test005_00394,N2
test005_00395,N2
test005_00396,W
test005_00397,W
test005_00398,N2
test005_00399,N2
test005_00400,W
test005_00401,N2
test005_00402,W
test005_00403,N2
test005_00404,N2
test005_00405,N2
test005_00406,N2
test005_00407,N2
test005_00408,N2
test005_00409,N2
test005_00410,N2
test005_00411,W
test005_00412,N2
test005_00413,N2
test005_00414,N2
test005_00415,N2
test005_00416,N2
test005_00417,N2
test005_00418,N2
test005_00419,N2
test005_00420,N2
test005_00421,N2
test005_00422,N2
test005_00423,W
test005_00424,W
test005_00425,W
test005_00426,W
test005_00427,N2
test005_00428,W
test005_00429,W
test005_00430,N2
test005_00431,W
test005_00432,N2
test005_00433,N2
test005_00434,N2
test005_00435,W
test005_00436,W
test005_00437,W
test005_00438,W
test005_00439,W
test005_00440,W
test005_00441,W
test005_00442,N2
test005_00443,N2
test005_00444,N2
test005_00445,N2
test005_00446,N2
test005_00447,N2
test005_00448,N2
test005_00449,N2
test005_00450,N2
test005_00451,N2
test005_00452,N2
test005_00453,N2
test005_00454,N2
test005_00455,N2
test005_00456,N2
test005_00457,N2
test005_00458,N2
test005_00459,N2
test005_00460,N2
test005_00461,N2
test005_00462,N2
test005_00463,N2
test005_00464,N2
test005_00465,N2
test005_00466,N2
test005_00467,N2
test005_00468,N2
test005_00469,N2
test005_00470,N2
test005_00471,N2
test005_00472,N2
test005_00473,N2
test005_00474,N2
test005_00475,N2
test005_00476,N2
test005_00477,N2
test005_00478,N2
test005_00479,N2
test005_00480,N2
test005_00481,N2
test005_00482,N2
test005_00483,N2
test005_00484,N2
test005_00485,N2
test005_00486,R
test005_00487,R
test005_00488,R
test005_00489,N2
test005_00490,R
test005_00491,N2
test005_00492,N2
test005_00493,N2
test005_00494,N2
test005_00495,N2
test005_00496,N2
test005_00497,N2
test005_00498,N2
test005_00499,N2
test005_00500,N2
test005_00501,N2
test005_00502,W
test005_00503,W
test005_00504,R
test005_00505,N2
test005_00506,N2
test005_00507,N2
test005_00508,N2
test005_00509,N2
test005_00510,N2
test005_00511,N2
test005_00512,N2
test005_00513,N2
test005_00514,N2
test005_00515,N2
test005_00516,N2
test005_00517,N2
test005_00518,N2
test005_00519,N2
test005_00520,N2
test005_00521,N2
test005_00522,N2
test005_00523,N2
test005_00524,N2
test005_00525,N2
test005_00526,N2
test005_00527,N2
test005_00528,N2
test005_00529,N2
test005_00530,N2
test005_00531,N2
test005_00532,N2
test005_00533,N2
test005_00534,N2
test005_00535,N2
test005_00536,R
test005_00537,N2
test005_00538,N2
test005_00539,N2
test005_00540,N2
test005_00541,N2
test005_00542,N2
test005_00543,N2
test005_00544,N2
test005_00545,N2
test005_00546,N2
test005_00547,N2
test005_00548,N2
test005_00549,N2
test005_00550,N2
test005_00551,W
test005_00552,N2
test005_00553,N2
test005_00554,W
test005_00555,W
test005_00556,W
test005_00557,W
test005_00558,W
test005_00559,W
test005_00560,W
test005_00561,N2
test005_00562,W
test005_00563,N2
test005_00564,N2
test005_00565,N2
test005_00566,N2
test005_00567,N2
test005_00568,N2
test005_00569,N2
test005_00570,N2
test005_00571,N2
test005_00572,N2
test005_00573,N2
test005_00574,N2
test005_00575,W
test005_00576,N2
test005_00577,N2
test005_00578,W
test005_00579,N2
test005_00580,W
test005_00581,W
test005_00582,W
test005_00583,W
test005_00584,W
test005_00585,W
test005_00586,N2
test005_00587,N2
test005_00588,N2
test005_00589,N2
test005_00590,N2
test005_00591,N2
test005_00592,N2
test005_00593,W
test005_00594,W
test005_00595,N2
test005_00596,N2
test005_00597,N2
test005_00598,N2
test005_00599,N2
test005_00600,W
test005_00601,W
test005_00602,N2
test005_00603,N2
test005_00604,N2
test005_00605,N2
test005_00606,N2
test005_00607,W
test005_00608,N2
test005_00609,N2
test005_00610,N2
test005_00611,N2
test005_00612,W
test005_00613,W
test005_00614,W
test005_00615,N2
test005_00616,N2
test005_00617,N2
test005_00618,N2
test005_00619,N2
test005_00620,N2
test005_00621,N2
test005_00622,N2
test005_00623,N2
test005_00624,N2
test005_00625,N2
test005_00626,N2
test005_00627,W
test005_00628,N2
test005_00629,N2
test005_00630,N2
test005_00631,N2
test005_00632,N2
test005_00633,N2
test005_00634,N2
test005_00635,N2
test005_00636,N2
test005_00637,N2
test005_00638,N2
test005_00639,N2
test005_00640,N2
test005_00641,N2
test005_00642,N2
test005_00643,N2
test005_00644,N2
test005_00645,N2
test005_00646,N2
test005_00647,N2
test005_00648,N2
test005_00649,N2
test005_00650,N2
test005_00651,N2
test005_00652,N2
test005_00653,N2
test005_00654,N2
test005_00655,N2
test005_00656,N2
test005_00657,N2
test005_00658,N2
test005_00659,N2
test005_00660,N2
test005_00661,N2
test005_00662,N2
test005_00663,N2
test005_00664,N2
test005_00665,N2
test005_00666,N2
test005_00667,N2
test005_00668,N2
test005_00669,N2
test005_00670,N2
test005_00671,N2
test005_00672,N2
test005_00673,N2
test005_00674,N2
test005_00675,N2
test005_00676,N2
test005_00677,N2
test005_00678,N2
test005_00679,N2
test005_00680,N2
test005_00681,N2
test005_00682,N2
test005_00683,N2
test005_00684,N2
test005_00685,N2
test005_00686,N2
test005_00687,N2
test005_00688,N2
test005_00689,N2
test005_00690,N2
test005_00691,N2
test005_00692,N2
test005_00693,N2
test005_00694,N2
test005_00695,N2
test005_00696,W
test005_00697,N2
test005_00698,N2
test005_00699,N2
test005_00700,N2
test005_00701,W
test005_00702,W
test005_00703,N2
test005_00704,N2
test005_00705,N2
test005_00706,N2
test005_00707,N2
test005_00708,N2
test005_00709,N2
test005_00710,N2
test006_00000,W
test006_00001,W
test006_00002,N2
test006_00003,W
test006_00004,W
test006_00005,W
test006_00006,W
test006_00007,W
test006_00008,W
test006_00009,W
test006_00010,W
test006_00011,W
test006_00012,W
test006_00013,R
test006_00014,W
test006_00015,N2
test006_00016,W
test006_00017,W
test006_00018,W
test006_00019,N2
test006_00020,W
test006_00021,W
test006_00022,N2
test006_00023,N2
test006_00024,N2
test006_00025,N2
test006_00026,W
test006_00027,W
test006_00028,W
test006_00029,W
test006_00030,W
test006_00031,W
test006_00032,W
test006_00033,W
test006_00034,W
test006_00035,W
test006_00036,N2
test006_00037,W
test006_00038,N2
test006_00039,W
test006_00040,W
test006_00041,N2
test006_00042,N2
test006_00043,W
test006_00044,N2
test006_00045,N2
test006_00046,N2
test006_00047,N2
test006_00048,N2
test006_00049,N2
test006_00050,N2
test006_00051,N2
test006_00052,N2
test006_00053,N2
test006_00054,N2
test006_00055,N2
test006_00056,N2
test006_00057,W
test006_00058,N2
test006_00059,N2
test006_00060,N2
test006_00061,N2
test006_00062,W
test006_00063,N2
test006_00064,N2
test006_00065,N2
test006_00066,N2
test006_00067,N2
test006_00068,N2
test006_00069,N2
test006_00070,N2
test006_00071,N2
test006_00072,N2
test006_00073,W
test006_00074,N2
test006_00075,N2
test006_00076,W
test006_00077,N2
test006_00078,N2
test006_00079,N2
test006_00080,W
test006_00081,N2
test006_00082,N2
test006_00083,N2
test006_00084,N2
test006_00085,W
test006_00086,N2
test006_00087,N2
test006_00088,N2
test006_00089,N2
test006_00090,N2
test006_00091,N2
test006_00092,N2
test006_00093,N2
test006_00094,N2
test006_00095,N2
test006_00096,N2
test006_00097,N2
test006_00098,N2
test006_00099,N2
test006_00100,N2
test006_00101,N2
test006_00102,N2
test006_00103,N2
test006_00104,N2
test006_00105,N2
test006_00106,N2
test006_00107,N2
test006_00108,W
test006_00109,N2
test006_00110,N2
test006_00111,N2
test006_00112,N2
test006_00113,N2
test006_00114,N2
test006_00115,N2
test006_00116,N2
test006_00117,W
test006_00118,N2
test006_00119,N2
test006_00120,N2
test006_00121,N2
test006_00122,N2
test006_00123,N2
test006_00124,N2
test006_00125,N2
test006_00126,N2
test006_00127,N2
test006_00128,N2
test006_00129,N2
test006_00130,N2
test006_00131,N2
test006_00132,N2
test006_00133,N2
test006_00134,N2
test006_00135,N2
test006_00136,N2
test006_00137,N2
test006_00138,N2
test006_00139,N2
test006_00140,N2
test006_00141,N2
test006_00142,N2
test006_00143,N2
test006_00144,N2
test006_00145,W
test006_00146,N2
test006_00147,W
test006_00148,N2
test006_00149,N2
test006_00150,N2
test006_00151,N2
test006_00152,W
test006_00153,N2
test006_00154,N2
test006_00155,N2
test006_00156,N2
test006_00157,N2
test006_00158,N2
test006_00159,N2
test006_00160,N2
test006_00161,N2
test006_00162,N2
test006_00163,N2
test006_00164,N2
test006_00165,N2
test006_00166,N2
test006_00167,N2
test006_00168,N2
test006_00169,N2
test006_00170,N2
test006_00171,N2
test006_00172,N2
test006_00173,N2
test006_00174,N2
test006_00175,N2
test006_00176,N2
test006_00177,N2
test006_00178,N2
test006_00179,N2
test006_00180,N2
test006_00181,N2
test006_00182,N2
test006_00183,W
test006_00184,N2
test006_00185,N2
test006_00186,N2
test006_00187,N2
test006_00188,N2
test006_00189,N2
test006_00190,N2
test006_00191,N2
test006_00192,N2
test006_00193,N2
test006_00194,N2
test006_00195,N2
test006_00196,N2
test006_00197,N2
test006_00198,N2
test006_00199,N2
test006_00200,N2
test006_00201,N2
test006_00202,N2
test006_00203,N2
test006_00204,N2
test006_00205,N2
test006_00206,N2
test006_00207,N1
test006_00208,N2
test006_00209,N2
test006_00210,N2
test006_00211,N2
test006_00212,N2
test006_00213,N2
test006_00214,N2
test006_00215,W
test006_00216,N2
test006_00217,N2
test006_00218,N2
test006_00219,N2
test006_00220,N2
test006_00221,N2
test006_00222,N2
test006_00223,N2
test006_00224,N2
test006_00225,N2
test006_00226,N2
test006_00227,N2
test006_00228,N2
test006_00229,N2
test006_00230,N2
test006_00231,W
test006_00232,W
test006_00233,W
test006_00234,W
test006_00235,N2
test006_00236,W
test006_00237,N2
test006_00238,N2
test006_00239,N2
test006_00240,N2
test006_00241,W
test006_00242,N2
test006_00243,W
test006_00244,N2
test006_00245,N2
test006_00246,N2
test006_00247,N2
test006_00248,N2
test006_00249,W
test006_00250,N2
test006_00251,W
test006_00252,W
test006_00253,N2
test006_00254,N2
test006_00255,N2
test006_00256,N2
test006_00257,N2
test006_00258,N2
test006_00259,N2
test006_00260,N2
test006_00261,W
test006_00262,N2
test006_00263,N2
test006_00264,N2
test006_00265,N2
test006_00266,N2
test006_00267,N2
test006_00268,N2
test006_00269,N2
test006_00270,N2
test006_00271,N2
test006_00272,N2
test006_00273,N2
test006_00274,N2
test006_00275,N2
test006_00276,N2
test006_00277,N2
test006_00278,N2
test006_00279,N2
test006_00280,N2
test006_00281,W
test006_00282,N2
test006_00283,N2
test006_00284,N2
test006_00285,W
test006_00286,W
test006_00287,W
test006_00288,N2
test006_00289,N2
test006_00290,N2
test006_00291,N2
test006_00292,N2
test006_00293,N2
test006_00294,N2
test006_00295,N2
test006_00296,N2
test006_00297,N2
test006_00298,N2
test006_00299,N2
test006_00300,N2
test006_00301,N2
test006_00302,N2
test006_00303,N2
test006_00304,N2
test006_00305,N2
test006_00306,N2
test006_00307,N2
test006_00308,N2
test006_00309,N2
test006_00310,N2
test006_00311,N2
test006_00312,N2
test006_00313,N2
test006_00314,N2
test006_00315,N2
test006_00316,N2
test006_00317,N2
test006_00318,N2
test006_00319,N2
test006_00320,N2
test006_00321,N2
test006_00322,N2
test006_00323,N2
test006_00324,N2
test006_00325,N2
test006_00326,N2
test006_00327,N2
test006_00328,N2
test006_00329,N2
test006_00330,W
test006_00331,W
test006_00332,N2
test006_00333,N2
test006_00334,N2
test006_00335,N2
test006_00336,N2
test006_00337,N2
test006_00338,N2
test006_00339,N2
test006_00340,N2
test006_00341,N2
test006_00342,N2
test006_00343,N2
test006_00344,W
test006_00345,W
test006_00346,W
test006_00347,W
test006_00348,N2
test006_00349,W
test006_00350,N1
test006_00351,W
test006_00352,N2
test006_00353,W
test006_00354,W
test006_00355,W
test006_00356,W
test006_00357,N2
test006_00358,N2
test006_00359,W
test006_00360,N2
test006_00361,W
test006_00362,N2
test006_00363,W
test006_00364,W
test006_00365,W
test006_00366,N2
test006_00367,W
test006_00368,W
test006_00369,N1
test006_00370,W
test006_00371,N2
test006_00372,N2
test006_00373,W
test006_00374,W
test006_00375,W
test006_00376,W
test006_00377,W
test006_00378,N2
test006_00379,N2
test006_00380,W
test006_00381,N2
test006_00382,N2
test006_00383,N2
test006_00384,N2
test006_00385,W
test006_00386,N2
test006_00387,W
test006_00388,N2
test006_00389,W
test006_00390,W
test006_00391,W
test006_00392,W
test006_00393,N2
test006_00394,N2
test006_00395,W
test006_00396,W
test006_00397,W
test006_00398,N2
test006_00399,W
test006_00400,W
test006_00401,W
test006_00402,W
test006_00403,N2
test006_00404,N2
test006_00405,W
test006_00406,N2
test006_00407,W
test006_00408,N2
test006_00409,N2
test006_00410,N2
test006_00411,N2
test006_00412,N2
test006_00413,W
test006_00414,N2
test006_00415,W
test006_00416,W
test006_00417,N2
test006_00418,N2
test006_00419,W
test006_00420,W
test006_00421,W
test006_00422,W
test006_00423,N2
test006_00424,W
test006_00425,N2
test006_00426,W
test006_00427,N1
test006_00428,W
test006_00429,W
test006_00430,N2
test006_00431,N2
test006_00432,W
test006_00433,N2
test006_00434,W
test006_00435,N2
test006_00436,W
test006_00437,N2
test006_00438,N1
test006_00439,N2
test006_00440,N2
test006_00441,N2
test006_00442,W
test006_00443,W
test006_00444,N2
test006_00445,N2
test006_00446,N2
test006_00447,N2
test006_00448,N2
test006_00449,N2
test006_00450,W
test006_00451,N2
test006_00452,N2
test006_00453,W
test006_00454,N2
test006_00455,N2
test006_00456,W
test006_00457,W
test006_00458,W
test006_00459,N2
test006_00460,N2
test006_00461,N2
test006_00462,N2
test006_00463,W
test006_00464,W
test006_00465,N2
test006_00466,W
test006_00467,N2
test006_00468,N2
test006_00469,N2
test006_00470,W
test006_00471,N1
test006_00472,N2
test006_00473,N2
test006_00474,N2
test006_00475,N1
test006_00476,N2
test006_00477,N2
test006_00478,N2
test006_00479,N2
test006_00480,W
test006_00481,N2
test006_00482,W
test006_00483,N2
test006_00484,W
test006_00485,W
test006_00486,W
test006_00487,N2
test006_00488,N2
test006_00489,N2
test006_00490,N2
test006_00491,N2
test006_00492,N2
test006_00493,N2
test006_00494,N2
test006_00495,N2
test006_00496,N2
test006_00497,N2
test006_00498,N2
test006_00499,N2
test006_00500,N2
test006_00501,N2
test006_00502,N2
test006_00503,N2
test006_00504,N2
test006_00505,N2
test006_00506,N2
test006_00507,N2
test006_00508,N2
test006_00509,N2
test006_00510,N2
test006_00511,N2
test006_00512,N2
test006_00513,N2
test006_00514,N2
test006_00515,N2
test006_00516,N2
test006_00517,N2
test006_00518,N2
test006_00519,N2
test006_00520,N2
test006_00521,N2
test006_00522,N2
test006_00523,N2
test006_00524,N2
test006_00525,N2
test006_00526,N2
test006_00527,N2
test006_00528,N2
test006_00529,N2
test006_00530,N2
test006_00531,N2
test006_00532,N2
test006_00533,N2
test006_00534,N2
test006_00535,N2
test006_00536,N2
test006_00537,N2
test006_00538,N2
test006_00539,N2
test006_00540,N2
test006_00541,N2
test006_00542,N2
test006_00543,N2
test006_00544,N2
test006_00545,N2
test006_00546,N2
test006_00547,W
test006_00548,N2
test006_00549,N2
test006_00550,N2
test006_00551,N2
test006_00552,N2
test006_00553,N2
test006_00554,N2
test006_00555,W
test006_00556,N2
test006_00557,N2
test006_00558,N2
test006_00559,N2
test006_00560,N2
test006_00561,N2
test006_00562,N2
test006_00563,N2
test006_00564,N2
test006_00565,N2
test006_00566,N2
test006_00567,N2
test006_00568,N2
test006_00569,N2
test006_00570,N2
test006_00571,N2
test006_00572,N2
test006_00573,N2
test006_00574,N2
test006_00575,N2
test006_00576,N2
test006_00577,N2
test006_00578,N2
test006_00579,N2
test006_00580,N2
test006_00581,N2
test006_00582,N2
test006_00583,N2
test006_00584,N2
test006_00585,N2
test006_00586,N2
test006_00587,N2
test006_00588,N1
test006_00589,W
test006_00590,W
test006_00591,N2
test006_00592,N2
test006_00593,N2
test006_00594,N2
test006_00595,N2
test006_00596,N2
test006_00597,N2
test006_00598,N2
test006_00599,N2
test006_00600,W
test006_00601,N2
test006_00602,W
test006_00603,N2
test006_00604,N2
test006_00605,N2
test006_00606,N2
test006_00607,N2
test006_00608,N2
test006_00609,N2
test006_00610,N2
test006_00611,N2
test006_00612,N2
test006_00613,N2
test006_00614,N2
test006_00615,W
test006_00616,W
test006_00617,N2
test006_00618,N2
test006_00619,N2
test006_00620,W
test006_00621,W
test006_00622,N2
test006_00623,N2
test006_00624,N2
test006_00625,N2
test006_00626,N2
test006_00627,N2
test006_00628,N2
test006_00629,N2
test006_00630,N2
test006_00631,N2
test006_00632,N2
test006_00633,N2
test006_00634,N2
test006_00635,N2
test006_00636,N2
test006_00637,N2
test006_00638,N2
test006_00639,N2
test006_00640,N2
test006_00641,N2
test006_00642,N2
test006_00643,N2
test006_00644,N2
test006_00645,N2
test006_00646,N2
test006_00647,N2
test006_00648,N2
test006_00649,N2
test006_00650,N2
test006_00651,N2
test006_00652,N2
test006_00653,N2
test006_00654,N2
test006_00655,N2
test006_00656,N2
test006_00657,N2
test006_00658,N2
test006_00659,N2
test006_00660,N2
test006_00661,N2
test006_00662,N2
test006_00663,N2
test006_00664,W
test006_00665,N2
test006_00666,N2
test006_00667,W
test006_00668,N2
test006_00669,N2
test006_00670,N2
test006_00671,N2
test006_00672,N2
test006_00673,N2
test006_00674,N2
test006_00675,N2
test006_00676,N2
test006_00677,N2
test006_00678,N1
test006_00679,N2
test006_00680,N2
test006_00681,N2
test006_00682,N2
test006_00683,N2
test006_00684,N2
test006_00685,W
test006_00686,N2
test006_00687,N2
test006_00688,W
test006_00689,N2
test006_00690,N2
test006_00691,N2
test006_00692,N2
test006_00693,N2
test006_00694,N2
test006_00695,N2
test006_00696,N2
test006_00697,N2
test006_00698,W
test006_00699,N2
test006_00700,N2
test006_00701,W
test006_00702,N2
test006_00703,W
test006_00704,N2
test006_00705,W
test006_00706,N2
test006_00707,N2
test006_00708,W
test006_00709,W
test006_00710,W
test006_00711,W
test006_00712,N2
test006_00713,N2
test006_00714,N2
test006_00715,N2
test006_00716,W
test006_00717,N2
test006_00718,W
test006_00719,W
test006_00720,N2
test006_00721,N2
test006_00722,N2
test006_00723,W
test006_00724,N2
test006_00725,W
test006_00726,N2
test006_00727,N2
test006_00728,W
test006_00729,N2
test006_00730,N2
test006_00731,N2
test006_00732,N2
test006_00733,W
test006_00734,W
test006_00735,N2
test006_00736,N2
test006_00737,W
test006_00738,N2
test006_00739,N2
test006_00740,N1
test006_00741,W
test006_00742,W
test006_00743,N2
test006_00744,N2
test006_00745,N2
test006_00746,W
test006_00747,W
test006_00748,W
test006_00749,W
test006_00750,W
test006_00751,W
test006_00752,W
test006_00753,W
test006_00754,W
test006_00755,W
test006_00756,W
test006_00757,W
test006_00758,W
test006_00759,W
test006_00760,W
test006_00761,W
test006_00762,N2
test006_00763,W
test006_00764,N2
test006_00765,N2
test006_00766,W
test006_00767,W
test006_00768,N2
test006_00769,N2
test006_00770,N2
test006_00771,N2
test006_00772,N2
test006_00773,N2
test006_00774,N2
test006_00775,N2
test006_00776,N2
test006_00777,N2
test006_00778,N2
test006_00779,N2
test006_00780,N2
test006_00781,W
test006_00782,N2
test006_00783,W
test006_00784,N2
test006_00785,W
test006_00786,W
test007_00000,W
test007_00001,N2
test007_00002,N2
test007_00003,N2
test007_00004,N1
test007_00005,N2
test007_00006,W
test007_00007,N2
test007_00008,W
test007_00009,W
test007_00010,N2
test007_00011,N2
test007_00012,W
test007_00013,N2
test007_00014,N2
test007_00015,N2
test007_00016,W
test007_00017,W
test007_00018,W
test007_00019,N2
test007_00020,N2
test007_00021,N2
test007_00022,N2
test007_00023,W
test007_00024,N2
test007_00025,N2
test007_00026,N2
test007_00027,N2
test007_00028,N1
test007_00029,W
test007_00030,W
test007_00031,W
test007_00032,N2
test007_00033,N2
test007_00034,N1
test007_00035,N2
test007_00036,N2
test007_00037,N2
test007_00038,N2
test007_00039,N1
test007_00040,N2
test007_00041,N2
test007_00042,N2
test007_00043,N1
test007_00044,W
test007_00045,W
test007_00046,N2
test007_00047,W
test007_00048,N2
test007_00049,W
test007_00050,N2
test007_00051,W
test007_00052,N2
test007_00053,N2
test007_00054,N2
test007_00055,N2
test007_00056,N2
test007_00057,N2
test007_00058,N2
test007_00059,N2
test007_00060,W
test007_00061,W
test007_00062,W
test007_00063,N2
test007_00064,W
test007_00065,N2
test007_00066,N2
test007_00067,N2
test007_00068,N2
test007_00069,N2
test007_00070,W
test007_00071,W
test007_00072,W
test007_00073,W
test007_00074,W
test007_00075,W
test007_00076,W
test007_00077,W
test007_00078,W
test007_00079,W
test007_00080,N2
test007_00081,W
test007_00082,W
test007_00083,W
test007_00084,W
test007_00085,W
test007_00086,N2
test007_00087,W
test007_00088,W
test007_00089,N2
test007_00090,N2
test007_00091,N2
test007_00092,N2
test007_00093,N2
test007_00094,N2
test007_00095,N2
test007_00096,N2
test007_00097,N2
test007_00098,N2
test007_00099,N2
test007_00100,N2
test007_00101,N2
test007_00102,N2
test007_00103,N2
test007_00104,N2
test007_00105,N2
test007_00106,N2
test007_00107,N2
test007_00108,N2
test007_00109,N2
test007_00110,N2
test007_00111,N2
test007_00112,N2
test007_00113,N2
test007_00114,N2
test007_00115,N2
test007_00116,N2
test007_00117,N2
test007_00118,N2
test007_00119,N2
test007_00120,N2
test007_00121,N2
test007_00122,N2
test007_00123,N2
test007_00124,N2
test007_00125,N2
test007_00126,N2
test007_00127,N2
test007_00128,N2
test007_00129,N2
test007_00130,N2
test007_00131,N2
test007_00132,N2
test007_00133,N2
test007_00134,N2
test007_00135,N2
test007_00136,N2
test007_00137,N2
test007_00138,N2
test007_00139,N2
test007_00140,N2
test007_00141,N2
test007_00142,N2
test007_00143,N2
test007_00144,N2
test007_00145,N2
test007_00146,N2
test007_00147,N2
test007_00148,N2
test007_00149,N2
test007_00150,N2
test007_00151,N2
test007_00152,N2
test007_00153,N2
test007_00154,N2
test007_00155,N2
test007_00156,N2
test007_00157,N2
test007_00158,N2
test007_00159,N2
test007_00160,N2
test007_00161,N2
test007_00162,N2
test007_00163,N2
test007_00164,N2
test007_00165,N2
test007_00166,N2
test007_00167,N2
test007_00168,N2
test007_00169,N2
test007_00170,N2
test007_00171,N2
test007_00172,N2
test007_00173,N2
test007_00174,N2
test007_00175,N2
test007_00176,N2
test007_00177,N2
test007_00178,N2
test007_00179,N2
test007_00180,N2
test007_00181,N2
test007_00182,N2
test007_00183,N2
test007_00184,N2
test007_00185,N2
test007_00186,N2
test007_00187,N2
test007_00188,N2
test007_00189,N2
test007_00190,N2
test007_00191,N2
test007_00192,N2
test007_00193,N2
test007_00194,N2
test007_00195,N2
test007_00196,N2
test007_00197,N2
test007_00198,N2
test007_00199,N2
test007_00200,N2
test007_00201,N2
test007_00202,N2
test007_00203,N2
test007_00204,N2
test007_00205,N2
test007_00206,N2
test007_00207,N2
test007_00208,N2
test007_00209,N2
test007_00210,N2
test007_00211,N2
test007_00212,N2
test007_00213,N2
test007_00214,N2
test007_00215,N2
test007_00216,N2
test007_00217,N2
test007_00218,N2
test007_00219,N2
test007_00220,N2
test007_00221,N2
test007_00222,N2
test007_00223,N2
test007_00224,N2
test007_00225,N2
test007_00226,N2
test007_00227,N2
test007_00228,N2
test007_00229,N2
test007_00230,N2
test007_00231,N2
test007_00232,N2
test007_00233,N2
test007_00234,N2
test007_00235,N2
test007_00236,N2
test007_00237,N2
test007_00238,N2
test007_00239,N2
test007_00240,N2
test007_00241,N2
test007_00242,N2
test007_00243,N2
test007_00244,N2
test007_00245,N2
test007_00246,N2
test007_00247,N2
test007_00248,N2
test007_00249,N2
test007_00250,N2
test007_00251,N2
test007_00252,N2
test007_00253,N2
test007_00254,N2
test007_00255,N2
test007_00256,N2
test007_00257,N2
test007_00258,N2
test007_00259,N2
test007_00260,N2
test007_00261,N2
test007_00262,N2
test007_00263,N2
test007_00264,N2
test007_00265,N2
test007_00266,N2
test007_00267,N2
test007_00268,N2
test007_00269,N2
test007_00270,N2
test007_00271,N2
test007_00272,N2
test007_00273,N2
test007_00274,N2
test007_00275,N2
test007_00276,N2
test007_00277,N2
test007_00278,N2
test007_00279,N2
test007_00280,N2
test007_00281,N2
test007_00282,N2
test007_00283,N2
test007_00284,N2
test007_00285,N2
test007_00286,N2
test007_00287,N2
test007_00288,N2
test007_00289,N2
test007_00290,N2
test007_00291,N2
test007_00292,N2
test007_00293,N2
test007_00294,N2
test007_00295,N2
test007_00296,N2
test007_00297,N2
test007_00298,N2
test007_00299,N2
test007_00300,N2
test007_00301,N2
test007_00302,N2
test007_00303,N2
test007_00304,N2
test007_00305,N2
test007_00306,N2
test007_00307,N2
test007_00308,N2
test007_00309,N2
test007_00310,N2
test007_00311,N2
test007_00312,N2
test007_00313,N2
test007_00314,N2
test007_00315,N2
test007_00316,N2
test007_00317,N2
test007_00318,N2
test007_00319,N2
test007_00320,N2
test007_00321,N2
test007_00322,N2
test007_00323,N2
test007_00324,N2
test007_00325,N2
test007_00326,N2
test007_00327,N2
test007_00328,N2
test007_00329,N2
test007_00330,N2
test007_00331,N2
test007_00332,N2
test007_00333,N2
test007_00334,N2
test007_00335,N2
test007_00336,N2
test007_00337,N2
test007_00338,N2
test007_00339,N2
test007_00340,N2
test007_00341,N2
test007_00342,N2
test007_00343,N2
test007_00344,N2
test007_00345,N2
test007_00346,N2
test007_00347,N2
test007_00348,N2
test007_00349,N2
test007_00350,N2
test007_00351,N2
test007_00352,N2
test007_00353,N2
test007_00354,N2
test007_00355,N2
test007_00356,N2
test007_00357,N2
test007_00358,N2
test007_00359,N2
test007_00360,N2
test007_00361,N2
test007_00362,N2
test007_00363,N2
test007_00364,N2
test007_00365,N2
test007_00366,N2
test007_00367,N2
test007_00368,N2
test007_00369,N2
test007_00370,N2
test007_00371,N2
test007_00372,N2
test007_00373,N2
test007_00374,N2
test007_00375,N2
test007_00376,N2
test007_00377,N2
test007_00378,N2
test007_00379,N2
test007_00380,N2
test007_00381,W
test007_00382,W
test007_00383,W
test007_00384,W
test007_00385,W
test007_00386,W
test007_00387,W
test007_00388,W
test007_00389,W
test007_00390,W
test007_00391,W
test007_00392,W
test007_00393,W
test007_00394,N2
test007_00395,N2
test007_00396,N2
test007_00397,N2
test007_00398,N2
test007_00399,N2
test007_00400,N2
test007_00401,N2
test007_00402,N2
test007_00403,N2
test007_00404,W
test007_00405,N2
test007_00406,N2
test007_00407,N2
test007_00408,N2
test007_00409,N2
test007_00410,N2
test007_00411,N2
test007_00412,N2
test007_00413,N2
test007_00414,N2
test007_00415,N2
test007_00416,N2
test007_00417,N2
test007_00418,N2
test007_00419,N2
test007_00420,N2
test007_00421,N2
test007_00422,N2
test007_00423,N2
test007_00424,N2
test007_00425,N2
test007_00426,N2
test007_00427,N2
test007_00428,N2
test007_00429,N2
test007_00430,N2
test007_00431,N2
test007_00432,N2
test007_00433,N2
test007_00434,N2
test007_00435,N2
test007_00436,N2
test007_00437,N2
test007_00438,N2
test007_00439,N2
test007_00440,N2
test007_00441,N2
test007_00442,N2
test007_00443,N2
test007_00444,N2
test007_00445,N2
test007_00446,N2
test007_00447,N2
test007_00448,N2
test007_00449,N2
test007_00450,N2
test007_00451,W
test007_00452,W
test007_00453,N2
test007_00454,N2
test007_00455,W
test007_00456,N2
test007_00457,N2
test007_00458,N2
test007_00459,N2
test007_00460,N2
test007_00461,N2
test007_00462,N2
test007_00463,N2
test007_00464,N2
test007_00465,N2
test007_00466,N2
test007_00467,N2
test007_00468,N2
test007_00469,N2
test007_00470,N2
test007_00471,N2
test007_00472,N2
test007_00473,N2
test007_00474,W
test007_00475,N2
test007_00476,N2
test007_00477,N2
test007_00478,N2
test007_00479,N2
test007_00480,N2
test007_00481,N2
test007_00482,N2
test007_00483,N2
test007_00484,N2
test007_00485,N2
test007_00486,N2
test007_00487,N2
test007_00488,N2
test007_00489,N2
test007_00490,N2
test007_00491,N2
test007_00492,N2
test007_00493,N2
test007_00494,N2
test007_00495,N2
test007_00496,N2
test007_00497,N2
test007_00498,N2
test007_00499,N2
test007_00500,W
test007_00501,N2
test007_00502,N2
test007_00503,N2
test007_00504,W
test007_00505,N2
test007_00506,N2
test007_00507,N2
test007_00508,N2
test007_00509,N2
test007_00510,N2
test007_00511,N2
test007_00512,N2
test007_00513,N2
test007_00514,N2
test007_00515,N2
test007_00516,N2
test007_00517,N2
test007_00518,N2
test007_00519,N2
test007_00520,N2
test007_00521,N2
test007_00522,N2
test007_00523,N2
test007_00524,N2
test007_00525,N1
test007_00526,N2
test007_00527,N2
test007_00528,N2
test007_00529,N2
test007_00530,N2
test007_00531,N2
test007_00532,N2
test007_00533,N2
test007_00534,N2
test007_00535,N2
test007_00536,N2
test007_00537,N2
test007_00538,W
test007_00539,N2
test007_00540,N2
test007_00541,N2
test007_00542,W
test007_00543,N2
test007_00544,N2
test007_00545,N2
test007_00546,N2
test007_00547,W
test007_00548,N2
test007_00549,N2
test007_00550,N2
test007_00551,N2
test007_00552,N2
test007_00553,N2
test007_00554,W
test007_00555,N2
test007_00556,N2
test007_00557,W
test007_00558,N2
test007_00559,N2
test007_00560,W
test007_00561,N2
test007_00562,N2
test007_00563,N2
test007_00564,W
test007_00565,W
test007_00566,N2
test007_00567,W
test007_00568,W
test007_00569,W
test007_00570,W
test007_00571,N2
test007_00572,W
test007_00573,W
test007_00574,W
test007_00575,N2
test007_00576,N2
test007_00577,N2
test007_00578,N1
test007_00579,N2
test007_00580,W
test007_00581,W
test007_00582,N2
test007_00583,W
test007_00584,N2
test007_00585,N2
test007_00586,W
test007_00587,N2
test007_00588,N2
test007_00589,W
test007_00590,N2
test007_00591,N2
test007_00592,W
test007_00593,N2
test007_00594,N2
test007_00595,N2
test007_00596,W
test007_00597,N2
test007_00598,N2
test007_00599,W
test007_00600,N2
test007_00601,W
test007_00602,N2
test007_00603,N2
test007_00604,N2
test007_00605,N2
test007_00606,N2
test007_00607,N2
test007_00608,W
test007_00609,N1
test007_00610,N1
test007_00611,N2
test007_00612,N2
test007_00613,N2
test007_00614,N2
test007_00615,N2
test007_00616,N2
test007_00617,N2
test007_00618,W
test007_00619,W
test007_00620,N2
test007_00621,N2
test007_00622,W
test007_00623,W
test007_00624,W
test007_00625,W
test007_00626,N2
test007_00627,W
test007_00628,W
test007_00629,W
test007_00630,N1
test007_00631,N2
test007_00632,N2
test007_00633,N2
test007_00634,N1
test007_00635,N2
test007_00636,N2
test007_00637,W
test007_00638,W
test007_00639,N2
test007_00640,N2
test007_00641,N2
test007_00642,N2
test007_00643,N2
test007_00644,N2
test007_00645,N2
test007_00646,N2
test007_00647,N2
test007_00648,N2
test007_00649,N2
test007_00650,N2
test007_00651,N2
test007_00652,N2
test007_00653,N1
test007_00654,N2
test007_00655,N2
test007_00656,N2
test007_00657,N2
test007_00658,N1
test007_00659,W
test007_00660,N2
test007_00661,N2
test007_00662,N2
test007_00663,N2
test007_00664,N2
test007_00665,N2
test007_00666,N2
test007_00667,N2
test007_00668,N2
test007_00669,N2
test007_00670,N2
test007_00671,N2
test007_00672,N2
test007_00673,N2
test007_00674,N2
test007_00675,N2
test007_00676,N1
test007_00677,W
test007_00678,N2
test007_00679,N2
test007_00680,W
test007_00681,N2
test007_00682,N2
test007_00683,W
test007_00684,W
test007_00685,N2
test007_00686,N2
test007_00687,N2
test007_00688,N2
test007_00689,N2
test007_00690,N2
test007_00691,N2
test007_00692,N1
test007_00693,N1
test007_00694,N1
test007_00695,W
test007_00696,N2
test007_00697,W
test007_00698,N1
test007_00699,N2
test007_00700,W
test007_00701,N2
test007_00702,N2
test007_00703,W
test007_00704,W
test007_00705,W
test007_00706,W
test007_00707,N2
test007_00708,N2
test007_00709,W
test007_00710,N2
test007_00711,W
test007_00712,W
test007_00713,N2
test007_00714,N2
test007_00715,W
test007_00716,N2
test007_00717,W
test007_00718,N2
test007_00719,W
test007_00720,W
test007_00721,W
test007_00722,W
test007_00723,W
test007_00724,W
test007_00725,W
test007_00726,N2
test007_00727,W
test007_00728,W
test007_00729,W
test007_00730,N2
test007_00731,N2
test007_00732,N2
test007_00733,W
test007_00734,W
test007_00735,W
test007_00736,W
test007_00737,W
test007_00738,W
test007_00739,W
test007_00740,W
test007_00741,W
test007_00742,W
test007_00743,W
test007_00744,W
test007_00745,W
test007_00746,W
test007_00747,W
test007_00748,W
test007_00749,W
test007_00750,W
test007_00751,W
test007_00752,N1
test007_00753,W
test007_00754,N1
test007_00755,W
test007_00756,N1
test007_00757,N1
test007_00758,W
test007_00759,W
test007_00760,N1
test007_00761,W
test007_00762,W
test007_00763,N1
test007_00764,W
test007_00765,W
test007_00766,W
test007_00767,N1
test007_00768,W
test007_00769,W
test007_00770,W
test007_00771,W
test007_00772,W
test007_00773,N2
test007_00774,N1
test007_00775,W
test007_00776,W
test007_00777,W
test007_00778,W
test007_00779,W
test007_00780,W
test007_00781,W
test007_00782,W
test007_00783,W
test007_00784,W
test007_00785,W
test007_00786,W
test007_00787,W
test007_00788,W
test007_00789,W
test007_00790,W
test007_00791,W
test007_00792,W
test007_00793,W
test007_00794,W
test007_00795,W
test007_00796,W
test007_00797,W
test007_00798,W
test007_00799,W
test007_00800,W
test007_00801,W
test007_00802,W
test007_00803,N2
test007_00804,N1
test007_00805,W
test007_00806,W
test007_00807,W
test007_00808,W
test007_00809,W
test007_00810,W
test007_00811,W
test007_00812,W
test007_00813,W
test007_00814,N1
test007_00815,N1
test007_00816,W
test007_00817,W
test007_00818,W
test007_00819,W
test007_00820,W
test007_00821,W
test007_00822,W
test007_00823,W
test007_00824,W
test007_00825,W
test007_00826,W
test007_00827,W
test007_00828,W
test007_00829,N1
test007_00830,W
test007_00831,W
test007_00832,W
test007_00833,W
test007_00834,W
test007_00835,W
test007_00836,W
test007_00837,W
test007_00838,N2
test007_00839,N2
test008_00000,W
test008_00001,W
test008_00002,N2
test008_00003,W
test008_00004,W
test008_00005,W
test008_00006,W
test008_00007,W
test008_00008,W
test008_00009,N2
test008_00010,W
test008_00011,W
test008_00012,W
test008_00013,W
test008_00014,N2
test008_00015,W
test008_00016,W
test008_00017,N1
test008_00018,N2
test008_00019,W
test008_00020,W
test008_00021,W
test008_00022,W
test008_00023,W
test008_00024,W
test008_00025,W
test008_00026,W
test008_00027,N1
test008_00028,W
test008_00029,W
test008_00030,W
test008_00031,W
test008_00032,N1
test008_00033,W
test008_00034,W
test008_00035,W
test008_00036,W
test008_00037,N1
test008_00038,W
test008_00039,W
test008_00040,W
test008_00041,N2
test008_00042,W
test008_00043,N2
test008_00044,W
test008_00045,W
test008_00046,N2
test008_00047,W
test008_00048,W
test008_00049,W
test008_00050,W
test008_00051,W
test008_00052,W
test008_00053,N2
test008_00054,N2
test008_00055,N2
test008_00056,N2
test008_00057,W
test008_00058,N2
test008_00059,N2
test008_00060,W
test008_00061,W
test008_00062,W
test008_00063,N2
test008_00064,N2
test008_00065,W
test008_00066,W
test008_00067,N2
test008_00068,W
test008_00069,W
test008_00070,W
test008_00071,N2
test008_00072,W
test008_00073,N1
test008_00074,W
test008_00075,N2
test008_00076,N2
test008_00077,N1
test008_00078,N2
test008_00079,W
test008_00080,N2
test008_00081,W
test008_00082,N2
test008_00083,N2
test008_00084,N2
test008_00085,N1
test008_00086,N2
test008_00087,N1
test008_00088,N2
test008_00089,N2
test008_00090,N2
test008_00091,N2
test008_00092,N2
test008_00093,N1
test008_00094,N2
test008_00095,N2
test008_00096,N2
test008_00097,N2
test008_00098,N1
test008_00099,N2
test008_00100,N2
test008_00101,N2
test008_00102,N2
test008_00103,N2
test008_00104,N2
test008_00105,N2
test008_00106,N2
test008_00107,N2
test008_00108,N2
test008_00109,N2
test008_00110,N2
test008_00111,N2
test008_00112,N2
test008_00113,N2
test008_00114,N2
test008_00115,N2
test008_00116,N2
test008_00117,N2
test008_00118,N2
test008_00119,N2
test008_00120,N2
test008_00121,N2
test008_00122,N2
test008_00123,N2
test008_00124,N2
test008_00125,N2
test008_00126,N2
test008_00127,N2
test008_00128,N2
test008_00129,N2
test008_00130,N2
test008_00131,N2
test008_00132,N2
test008_00133,N2
test008_00134,N2
test008_00135,N2
test008_00136,N2
test008_00137,N1
test008_00138,N2
test008_00139,N2
test008_00140,N2
test008_00141,N2
test008_00142,N2
test008_00143,N1
test008_00144,N2
test008_00145,N2
test008_00146,N2
test008_00147,N2
test008_00148,N2
test008_00149,N2
test008_00150,N2
test008_00151,N2
test008_00152,N2
test008_00153,N2
test008_00154,N2
test008_00155,N2
test008_00156,N2
test008_00157,N2
test008_00158,N2
test008_00159,N2
test008_00160,N2
test008_00161,N2
test008_00162,N2
test008_00163,N2
test008_00164,N2
test008_00165,N2
test008_00166,N2
test008_00167,N2
test008_00168,N2
test008_00169,N2
test008_00170,N2
test008_00171,N2
test008_00172,N2
test008_00173,N2
test008_00174,N2
test008_00175,N2
test008_00176,N2
test008_00177,N2
test008_00178,N2
test008_00179,N2
test008_00180,N2
test008_00181,N2
test008_00182,N2
test008_00183,N2
test008_00184,N2
test008_00185,N2
test008_00186,N2
test008_00187,N2
test008_00188,N2
test008_00189,N2
test008_00190,N2
test008_00191,N2
test008_00192,N2
test008_00193,N2
test008_00194,N2
test008_00195,N2
test008_00196,N2
test008_00197,W
test008_00198,W
test008_00199,W
test008_00200,W
test008_00201,W
test008_00202,W
test008_00203,W
test008_00204,N2
test008_00205,W
test008_00206,W
test008_00207,W
test008_00208,N2
test008_00209,N2
test008_00210,N2
test008_00211,N2
test008_00212,N2
test008_00213,N2
test008_00214,N2
test008_00215,N2
test008_00216,W
test008_00217,W
test008_00218,N2
test008_00219,N2
test008_00220,N2
test008_00221,N2
test008_00222,N2
test008_00223,W
test008_00224,W
test008_00225,W
test008_00226,N2
test008_00227,W
test008_00228,N2
test008_00229,N2
test008_00230,N2
test008_00231,N2
test008_00232,N2
test008_00233,N2
test008_00234,N2
test008_00235,N2
test008_00236,N2
test008_00237,N2
test008_00238,N2
test008_00239,N2
test008_00240,N2
test008_00241,N2
test008_00242,W
test008_00243,N2
test008_00244,W
test008_00245,N2
test008_00246,N2
test008_00247,N2
test008_00248,N2
test008_00249,N2
test008_00250,N2
test008_00251,N2
test008_00252,N2
test008_00253,N2
test008_00254,N2
test008_00255,N2
test008_00256,N2
test008_00257,N2
test008_00258,N2
test008_00259,W
test008_00260,W
test008_00261,N2
test008_00262,N2
test008_00263,N2
test008_00264,N2
test008_00265,N2
test008_00266,N2
test008_00267,N2
test008_00268,N2
test008_00269,N2
test008_00270,N2
test008_00271,N2
test008_00272,N2
test008_00273,N2
test008_00274,N2
test008_00275,N2
test008_00276,N2
test008_00277,N2
test008_00278,N2
test008_00279,N2
test008_00280,N2
test008_00281,N2
test008_00282,N2
test008_00283,N2
test008_00284,N2
test008_00285,N2
test008_00286,N2
test008_00287,N2
test008_00288,N2
test008_00289,N2
test008_00290,N2
test008_00291,N2
test008_00292,N2
test008_00293,N2
test008_00294,N2
test008_00295,N2
test008_00296,N2
test008_00297,N2
test008_00298,W
test008_00299,N2
test008_00300,N2
test008_00301,N2
test008_00302,N2
test008_00303,N2
test008_00304,N2
test008_00305,W
test008_00306,N2
test008_00307,N2
test008_00308,N2
test008_00309,N2
test008_00310,N2
test008_00311,N2
test008_00312,N2
test008_00313,N2
test008_00314,N2
test008_00315,N2
test008_00316,N2
test008_00317,N2
test008_00318,N2
test008_00319,N2
test008_00320,N2
test008_00321,N2
test008_00322,N2
test008_00323,N2
test008_00324,N2
test008_00325,N2
test008_00326,N2
test008_00327,N2
test008_00328,N2
test008_00329,N2
test008_00330,N2
test008_00331,N2
test008_00332,N2
test008_00333,N2
test008_00334,N2
test008_00335,N2
test008_00336,N2
test008_00337,N2
test008_00338,N2
test008_00339,N2
test008_00340,W
test008_00341,W
test008_00342,N2
test008_00343,N2
test008_00344,N2
test008_00345,N2
test008_00346,N2
test008_00347,N2
test008_00348,N2
test008_00349,N2
test008_00350,N2
test008_00351,N2
test008_00352,N2
test008_00353,N2
test008_00354,N2
test008_00355,N2
test008_00356,N2
test008_00357,N2
test008_00358,N2
test008_00359,N2
test008_00360,N1
test008_00361,N2
test008_00362,N2
test008_00363,N1
test008_00364,N1
test008_00365,W
test008_00366,W
test008_00367,N2
test008_00368,N1
test008_00369,N2
test008_00370,W
test008_00371,W
test008_00372,W
test008_00373,N1
test008_00374,N1
test008_00375,N2
test008_00376,W
test008_00377,N1
test008_00378,N2
test008_00379,N2
test008_00380,N2
test008_00381,W
test008_00382,W
test008_00383,N2
test008_00384,N2
test008_00385,N2
test008_00386,N2
test008_00387,W
test008_00388,N2
test008_00389,N2
test008_00390,N2
test008_00391,W
test008_00392,W
test008_00393,W
test008_00394,N1
test008_00395,N2
test008_00396,W
test008_00397,W
test008_00398,W
test008_00399,N2
test008_00400,N2
test008_00401,W
test008_00402,W
test008_00403,W
test008_00404,N2
test008_00405,N2
test008_00406,N2
test008_00407,W
test008_00408,W
test008_00409,W
test008_00410,W
test008_00411,W
test008_00412,W
test008_00413,W
test008_00414,W
test008_00415,W
test008_00416,W
test008_00417,W
test008_00418,W
test008_00419,N1
test008_00420,W
test008_00421,N1
test008_00422,N2
test008_00423,N2
test008_00424,N2
test008_00425,W
test008_00426,W
test008_00427,W
test008_00428,W
test008_00429,W
test008_00430,W
test008_00431,N2
test008_00432,N2
test008_00433,W
test008_00434,N2
test008_00435,N2
test008_00436,W
test008_00437,N2
test008_00438,N3
test008_00439,N2
test008_00440,W
test008_00441,N2
test008_00442,W
test008_00443,N2
test008_00444,N2
test008_00445,N2
test008_00446,N2
test008_00447,N2
test008_00448,N2
test008_00449,N2
test008_00450,N2
test008_00451,N2
test008_00452,N2
test008_00453,N2
test008_00454,N2
test008_00455,N2
test008_00456,N2
test008_00457,W
test008_00458,N2
test008_00459,N2
test008_00460,N2
test008_00461,N2
test008_00462,N2
test008_00463,N2
test008_00464,N2
test008_00465,N2
test008_00466,N2
test008_00467,N2
test008_00468,N2
test008_00469,N2
test008_00470,N2
test008_00471,N2
test008_00472,N2
test008_00473,N2
test008_00474,N2
test008_00475,N2
test008_00476,N2
test008_00477,N2
test008_00478,N2
test008_00479,N2
test008_00480,N2
test008_00481,N2
test008_00482,N2
test008_00483,N2
test008_00484,N2
test008_00485,N2
test008_00486,W
test008_00487,N2
test008_00488,N2
test008_00489,N2
test008_00490,N2
test008_00491,N2
test008_00492,N2
test008_00493,N2
test008_00494,N2
test008_00495,N2
test008_00496,N2
test008_00497,N2
test008_00498,N2
test008_00499,N2
test008_00500,N2
test008_00501,N2
test008_00502,N2
test008_00503,N2
test008_00504,N2
test008_00505,N2
test008_00506,N2
test008_00507,N2
test008_00508,N2
test008_00509,N2
test008_00510,N2
test008_00511,N2
test008_00512,N2
test008_00513,N2
test008_00514,N2
test008_00515,N2
test008_00516,N2
test008_00517,N2
test008_00518,N2
test008_00519,N2
test008_00520,N2
test008_00521,N2
test008_00522,N2
test008_00523,N2
test008_00524,N2
test008_00525,N2
test008_00526,N2
test008_00527,N2
test008_00528,N2
test008_00529,N2
test008_00530,N2
test008_00531,N2
test008_00532,N2
test008_00533,N2
test008_00534,N2
test008_00535,N2
test008_00536,N2
test008_00537,N2
test008_00538,N2
test008_00539,N2
test008_00540,N2
test008_00541,N2
test008_00542,N2
test008_00543,N2
test008_00544,N2
test008_00545,N2
test008_00546,N2
test008_00547,N2
test008_00548,N2
test008_00549,N2
test008_00550,N2
test008_00551,N1
test008_00552,N2
test008_00553,N2
test008_00554,N2
test008_00555,N2
test008_00556,N2
test008_00557,N2
test008_00558,N2
test008_00559,N2
test008_00560,W
test008_00561,N2
test008_00562,N2
test008_00563,N2
test008_00564,N1
test008_00565,N2
test008_00566,N2
test008_00567,N2
test008_00568,N2
test008_00569,W
test008_00570,N2
test008_00571,N1
test008_00572,N2
test008_00573,N2
test008_00574,N2
test008_00575,N2
test008_00576,N2
test008_00577,N2
test008_00578,N2
test008_00579,N2
test008_00580,N2
test008_00581,N2
test008_00582,N2
test008_00583,N2
test008_00584,N2
test008_00585,N2
test008_00586,N2
test008_00587,N2
test008_00588,N2
test008_00589,N1
test008_00590,N2
test008_00591,N2
test008_00592,N2
test008_00593,N2
test008_00594,N2
test008_00595,N2
test008_00596,N1
test008_00597,N2
test008_00598,N1
test008_00599,N2
test008_00600,N2
test008_00601,N1
test008_00602,N2
test008_00603,N2
test008_00604,N2
test008_00605,N2
test008_00606,N2
test008_00607,N2
test008_00608,N2
test008_00609,N2
test008_00610,N2
test008_00611,N2
test008_00612,N2
test008_00613,N2
test008_00614,N2
test008_00615,W
test008_00616,N1
test008_00617,N2
test008_00618,N2
test008_00619,N2
test008_00620,N2
test008_00621,N2
test008_00622,N2
test008_00623,N2
test008_00624,N2
test008_00625,R
test008_00626,N2
test008_00627,N2
test008_00628,N2
test008_00629,N2
test008_00630,N2
test008_00631,N2
test008_00632,N2
test008_00633,R
test008_00634,W
test008_00635,N1
test008_00636,N2
test008_00637,N2
test008_00638,N2
test008_00639,N2
test008_00640,N2
test008_00641,N2
test008_00642,W
test008_00643,N2
test008_00644,N2
test008_00645,N2
test008_00646,N2
test008_00647,N2
test008_00648,N1
test008_00649,N2
test008_00650,N2
test008_00651,N1
test008_00652,N1
test008_00653,N2
test008_00654,N2
test008_00655,N2
test008_00656,N2
test008_00657,N2
test008_00658,N2
test008_00659,N2
test008_00660,N1
test008_00661,N1
test008_00662,N2
test008_00663,N1
test008_00664,W
test008_00665,W
test008_00666,W
test008_00667,N2
test008_00668,N1
test008_00669,N2
test008_00670,N1
test008_00671,N2
test008_00672,N2
test008_00673,N1
test008_00674,N2
test008_00675,N2
test008_00676,N2
test008_00677,N2
test008_00678,N2
test008_00679,N2
test008_00680,N2
test008_00681,N1
test008_00682,N2
test008_00683,N2
test008_00684,N2
test008_00685,N2
test008_00686,N2
test008_00687,N2
test008_00688,N2
test008_00689,N2
test008_00690,N2
test008_00691,N2
test008_00692,N2
test008_00693,N2
test008_00694,N2
test008_00695,N2
test008_00696,N2
test008_00697,N2
test008_00698,N2
test008_00699,N2
test008_00700,N2
test008_00701,N2
test008_00702,N2
test008_00703,N2
test008_00704,W
test008_00705,N1
test008_00706,N2
test008_00707,W
test008_00708,N2
test008_00709,N2
test008_00710,N2
test008_00711,N2
test008_00712,W
test008_00713,W
test008_00714,W
test008_00715,N2
test008_00716,N1
test008_00717,W
test008_00718,W
test008_00719,R
test008_00720,W
test008_00721,N1
test008_00722,N2
test008_00723,N2
test008_00724,N2
test008_00725,N1
test008_00726,N1
test008_00727,W
test008_00728,N1
test008_00729,N2
test008_00730,N1
test008_00731,N1
test008_00732,W
test008_00733,N1
test008_00734,N1
test008_00735,N1
test008_00736,N1
test008_00737,W
test008_00738,W
test008_00739,W
test008_00740,W
test008_00741,W
test008_00742,N1
test008_00743,N1
test008_00744,W
test008_00745,N1
test008_00746,N1
test008_00747,N1
test008_00748,N1
test008_00749,N1
test008_00750,N1
test008_00751,W
test008_00752,N1
test008_00753,N2
test008_00754,N1
test008_00755,N2
test008_00756,N1
test008_00757,W
test008_00758,W
test008_00759,N2
test008_00760,N2
test008_00761,N2
test008_00762,N2
test008_00763,N2
test008_00764,N2
test008_00765,N1
test008_00766,N2
test008_00767,N1
test008_00768,N2
test008_00769,N2
test008_00770,N2
test008_00771,N2
test008_00772,N2
test008_00773,W
test008_00774,N2
test008_00775,N2
test008_00776,N2
test008_00777,N2
test008_00778,N2
test008_00779,N2
test008_00780,N2
test008_00781,N2
test008_00782,N2
test008_00783,N2
test008_00784,N2
test008_00785,N2
test008_00786,N2
test008_00787,N2
test008_00788,N2
test008_00789,N2
test008_00790,N2
test008_00791,N2
test008_00792,N2
test008_00793,N2
test008_00794,N2
test008_00795,N2
test008_00796,N2
test008_00797,W
test008_00798,N2
test008_00799,N1
test008_00800,N1
test008_00801,N1
test008_00802,N2
test008_00803,N2
test008_00804,N2
test008_00805,N2
test008_00806,N2
test008_00807,N1
test008_00808,N2
test008_00809,N2
test008_00810,N2
test008_00811,N2
test008_00812,N2
test008_00813,N1
test008_00814,N1
test008_00815,N1
test008_00816,N1
test008_00817,N2
test008_00818,N1
test008_00819,N2
test008_00820,N2
test008_00821,N2
test008_00822,N2
test008_00823,N2
test008_00824,N2
test008_00825,N2
test008_00826,N2
test008_00827,N2
test008_00828,N2
test008_00829,N2
test008_00830,N2
test008_00831,N2
test009_00000,W
test009_00001,W
test009_00002,W
test009_00003,W
test009_00004,W
test009_00005,W
test009_00006,W
test009_00007,W
test009_00008,W
test009_00009,W
test009_00010,W
test009_00011,W
test009_00012,W
test009_00013,W
test009_00014,W
test009_00015,W
test009_00016,W
test009_00017,W
test009_00018,W
test009_00019,W
test009_00020,W
test009_00021,W
test009_00022,W
test009_00023,W
test009_00024,W
test009_00025,W
test009_00026,W
test009_00027,W
test009_00028,W
test009_00029,W
test009_00030,W
test009_00031,W
test009_00032,W
test009_00033,W
test009_00034,N2
test009_00035,W
test009_00036,W
test009_00037,W
test009_00038,W
test009_00039,W
test009_00040,W
test009_00041,W
test009_00042,W
test009_00043,W
test009_00044,W
test009_00045,W
test009_00046,W
test009_00047,W
test009_00048,W
test009_00049,N2
test009_00050,W
test009_00051,W
test009_00052,W
test009_00053,W
test009_00054,W
test009_00055,W
test009_00056,W
test009_00057,W
test009_00058,W
test009_00059,N2
test009_00060,W
test009_00061,N2
test009_00062,N2
test009_00063,N2
test009_00064,N2
test009_00065,N2
test009_00066,N2
test009_00067,N2
test009_00068,W
test009_00069,N2
test009_00070,N2
test009_00071,N2
test009_00072,N2
test009_00073,N2
test009_00074,N2
test009_00075,N2
test009_00076,N2
test009_00077,N2
test009_00078,W
test009_00079,W
test009_00080,W
test009_00081,W
test009_00082,N2
test009_00083,W
test009_00084,N2
test009_00085,N2
test009_00086,W
test009_00087,N2
test009_00088,N2
test009_00089,W
test009_00090,N2
test009_00091,N2
test009_00092,N2
test009_00093,W
test009_00094,W
test009_00095,W
test009_00096,W
test009_00097,W
test009_00098,W
test009_00099,W
test009_00100,N2
test009_00101,N2
test009_00102,N2
test009_00103,N2
test009_00104,N2
test009_00105,N2
test009_00106,W
test009_00107,W
test009_00108,N2
test009_00109,N2
test009_00110,N2
test009_00111,N2
test009_00112,N2
test009_00113,N2
test009_00114,N2
test009_00115,N2
test009_00116,N2
test009_00117,N2
test009_00118,N2
test009_00119,N2
test009_00120,N2
test009_00121,N2
test009_00122,N2
test009_00123,N2
test009_00124,N2
test009_00125,W
test009_00126,N2
test009_00127,N2
test009_00128,N2
test009_00129,N2
test009_00130,N2
test009_00131,N2
test009_00132,N2
test009_00133,N2
test009_00134,N2
test009_00135,N2
test009_00136,N2
test009_00137,N2
test009_00138,N2
test009_00139,N2
test009_00140,N2
test009_00141,N2
test009_00142,N2
test009_00143,N2
test009_00144,N2
test009_00145,N2
test009_00146,N2
test009_00147,N2
test009_00148,N2
test009_00149,N2
test009_00150,N2
test009_00151,N2
test009_00152,N2
test009_00153,N2
test009_00154,N2
test009_00155,N2
test009_00156,N2
test009_00157,N2
test009_00158,N2
test009_00159,N2
test009_00160,N2
test009_00161,N2
test009_00162,N2
test009_00163,N2
test009_00164,N2
test009_00165,N2
test009_00166,N2
test009_00167,N2
test009_00168,N2
test009_00169,N2
test009_00170,N2
test009_00171,N2
test009_00172,N2
test009_00173,N2
test009_00174,N2
test009_00175,N2
test009_00176,N2
test009_00177,N2
test009_00178,N2
test009_00179,N2
test009_00180,N2
test009_00181,N2
test009_00182,N2
test009_00183,N2
test009_00184,N2
test009_00185,N2
test009_00186,N2
test009_00187,N2
test009_00188,N2
test009_00189,N2
test009_00190,N2
test009_00191,N2
test009_00192,N2
test009_00193,N2
test009_00194,N2
test009_00195,N2
test009_00196,N2
test009_00197,N2
test009_00198,N2
test009_00199,N2
test009_00200,N2
test009_00201,N2
test009_00202,N2
test009_00203,N2
test009_00204,N2
test009_00205,N2
test009_00206,N2
test009_00207,N2
test009_00208,N2
test009_00209,N2
test009_00210,N2
test009_00211,N2
test009_00212,N2
test009_00213,N2
test009_00214,N2
test009_00215,N2
test009_00216,N2
test009_00217,N2
test009_00218,N2
test009_00219,N2
test009_00220,N2
test009_00221,N2
test009_00222,N2
test009_00223,N2
test009_00224,N2
test009_00225,N2
test009_00226,N2
test009_00227,N2
test009_00228,N2
test009_00229,N2
test009_00230,N2
test009_00231,N2
test009_00232,N2
test009_00233,N2
test009_00234,N2
test009_00235,N2
test009_00236,N2
test009_00237,N2
test009_00238,N2
test009_00239,N2
test009_00240,N2
test009_00241,N2
test009_00242,N2
test009_00243,N2
test009_00244,N2
test009_00245,N2
test009_00246,N2
test009_00247,N2
test009_00248,N2
test009_00249,N2
test009_00250,N2
test009_00251,N2
test009_00252,N2
test009_00253,N2
test009_00254,N2
test009_00255,N2
test009_00256,N2
test009_00257,N2
test009_00258,N2
test009_00259,N2
test009_00260,N2
test009_00261,N2
test009_00262,N2
test009_00263,N2
test009_00264,N2
test009_00265,N2
test009_00266,N2
test009_00267,N2
test009_00268,N2
test009_00269,N2
test009_00270,N2
test009_00271,N2
test009_00272,N2
test009_00273,N2
test009_00274,N2
test009_00275,N2
test009_00276,N2
test009_00277,N2
test009_00278,N2
test009_00279,N2
test009_00280,N2
test009_00281,N2
test009_00282,N2
test009_00283,N2
test009_00284,N2
test009_00285,N2
test009_00286,N2
test009_00287,N2
test009_00288,N2
test009_00289,N2
test009_00290,N2
test009_00291,N2
test009_00292,N2
test009_00293,N2
test009_00294,N2
test009_00295,N2
test009_00296,N2
test009_00297,N2
test009_00298,N2
test009_00299,N2
test009_00300,N2
test009_00301,N2
test009_00302,N2
test009_00303,N2
test009_00304,N2
test009_00305,N2
test009_00306,N2
test009_00307,N2
test009_00308,N2
test009_00309,N2
test009_00310,W
test009_00311,N2
test009_00312,N2
test009_00313,N2
test009_00314,N2
test009_00315,N2
test009_00316,N2
test009_00317,N2
test009_00318,N2
test009_00319,N2
test009_00320,N2
test009_00321,W
test009_00322,N2
test009_00323,N2
test009_00324,N2
test009_00325,N2
test009_00326,N2
test009_00327,W
test009_00328,N2
test009_00329,N2
test009_00330,N2
test009_00331,N2
test009_00332,N2
test009_00333,N2
test009_00334,N2
test009_00335,N1
test009_00336,N1
test009_00337,N2
test009_00338,N2
test009_00339,N2
test009_00340,N2
test009_00341,N2
test009_00342,N2
test009_00343,N2
test009_00344,N2
test009_00345,N2
test009_00346,N2
test009_00347,N2
test009_00348,N2
test009_00349,N2
test009_00350,N2
test009_00351,N2
test009_00352,N2
test009_00353,N2
test009_00354,N2
test009_00355,N2
test009_00356,N2
test009_00357,N1
test009_00358,N2
test009_00359,N2
test009_00360,N2
test009_00361,N2
test009_00362,N2
test009_00363,N2
test009_00364,N2
test009_00365,N2
test009_00366,N2
test009_00367,N2
test009_00368,N2
test009_00369,N2
test009_00370,N2
test009_00371,N2
test009_00372,N2
test009_00373,N2
test009_00374,N2
test009_00375,W
test009_00376,N2
test009_00377,N2
test009_00378,N2
test009_00379,N2
test009_00380,N2
test009_00381,N2
test009_00382,N2
test009_00383,N2
test009_00384,N2
test009_00385,N2
test009_00386,N2
test009_00387,N2
test009_00388,N2
test009_00389,N2
test009_00390,N2
test009_00391,N2
test009_00392,N2
test009_00393,N2
test009_00394,N2
test009_00395,N2
test009_00396,N2
test009_00397,N2
test009_00398,N2
test009_00399,N2
test009_00400,N2
test009_00401,N2
test009_00402,N2
test009_00403,N2
test009_00404,N2
test009_00405,N2
test009_00406,N2
test009_00407,N2
test009_00408,N2
test009_00409,W
test009_00410,N2
test009_00411,N2
test009_00412,N2
test009_00413,N2
test009_00414,N2
test009_00415,N2
test009_00416,N2
test009_00417,N1
test009_00418,N2
test009_00419,N2
test009_00420,N2
test009_00421,N2
test009_00422,N2
test009_00423,N2
test009_00424,N2
test009_00425,N2
test009_00426,N2
test009_00427,N2
test009_00428,N2
test009_00429,N2
test009_00430,N2
test009_00431,N2
test009_00432,N2
test009_00433,N2
test009_00434,N1
test009_00435,N2
test009_00436,N2
test009_00437,N2
test009_00438,N1
test009_00439,N1
test009_00440,N2
test009_00441,N2
test009_00442,N2
test009_00443,N2
test009_00444,N2
test009_00445,N2
test009_00446,N2
test009_00447,N2
test009_00448,N2
test009_00449,N2
test009_00450,N2
test009_00451,N2
test009_00452,N2
test009_00453,N2
test009_00454,N2
test009_00455,N2
test009_00456,N1
test009_00457,N2
test009_00458,N2
test009_00459,N2
test009_00460,N2
test009_00461,N2
test009_00462,N2
test009_00463,N2
test009_00464,N2
test009_00465,N2
test009_00466,N2
test009_00467,N2
test009_00468,N1
test009_00469,N2
test009_00470,N2
test009_00471,N1
test009_00472,N2
test009_00473,N1
test009_00474,N2
test009_00475,N2
test009_00476,N2
test009_00477,N1
test009_00478,N1
test009_00479,N2
test009_00480,N1
test009_00481,N2
test009_00482,N2
test009_00483,N2
test009_00484,N2
test009_00485,N2
test009_00486,N2
test009_00487,N2
test009_00488,N2
test009_00489,N2
test009_00490,N2
test009_00491,N2
test009_00492,N2
test009_00493,N2
test009_00494,N2
test009_00495,N1
test009_00496,N2
test009_00497,N2
test009_00498,N2
test009_00499,W
test009_00500,N2
test009_00501,N2
test009_00502,N2
test009_00503,N2
test009_00504,N2
test009_00505,N2
test009_00506,N2
test009_00507,N2
test009_00508,N2
test009_00509,N2
test009_00510,N2
test009_00511,N2
test009_00512,N2
test009_00513,N2
test009_00514,N2
test009_00515,N2
test009_00516,N2
test009_00517,N2
test009_00518,N2
test009_00519,N2
test009_00520,N2
test009_00521,N2
test009_00522,N2
test009_00523,N2
test009_00524,N2
test009_00525,N2
test009_00526,N2
test009_00527,N2
test009_00528,N2
test009_00529,N2
test009_00530,W
test009_00531,N2
test009_00532,N2
test009_00533,N2
test009_00534,N2
test009_00535,W
test009_00536,N2
test009_00537,N2
test009_00538,N2
test009_00539,N2
test009_00540,N2
test009_00541,N2
test009_00542,N2
test009_00543,N2
test009_00544,N2
test009_00545,N2
test009_00546,N1
test009_00547,N2
test009_00548,N2
test009_00549,N2
test009_00550,N2
test009_00551,N2
test009_00552,N2
test009_00553,N2
test009_00554,N2
test009_00555,N2
test009_00556,N2
test009_00557,N2
test009_00558,N2
test009_00559,N2
test009_00560,N2
test009_00561,N2
test009_00562,N2
test009_00563,N1
test009_00564,N2
test009_00565,N2
test009_00566,N1
test009_00567,N2
test009_00568,N2
test009_00569,N2
test009_00570,N1
test009_00571,N2
test009_00572,N1
test009_00573,N2
test009_00574,N2
test009_00575,N2
test009_00576,N2
test009_00577,N2
test009_00578,N2
test009_00579,N2
test009_00580,N2
test009_00581,N2
test009_00582,N2
test009_00583,N2
test009_00584,N1
test009_00585,N2
test009_00586,W
test009_00587,N2
test009_00588,N2
test009_00589,N2
test009_00590,N2
test009_00591,N2
test009_00592,N2
test009_00593,N2
test009_00594,N2
test009_00595,N1
test009_00596,N2
test009_00597,N2
test009_00598,N1
test009_00599,N2
test009_00600,N2
test009_00601,N2
test009_00602,N2
test009_00603,N2
test009_00604,N2
test009_00605,N2
test009_00606,N2
test009_00607,N2
test009_00608,N2
test009_00609,N2
test009_00610,N2
test009_00611,N2
test009_00612,N2
test009_00613,N2
test009_00614,N2
test009_00615,N2
test009_00616,N2
test009_00617,N2
test009_00618,N2
test009_00619,N2
test009_00620,N2
test009_00621,N1
test009_00622,N2
test009_00623,N2
test009_00624,N2
test009_00625,N2
test009_00626,N2
test009_00627,N2
test009_00628,N2
test009_00629,N2
test009_00630,N2
test009_00631,N2
test009_00632,N2
test009_00633,N2
test009_00634,N2
test009_00635,N2
test009_00636,N2
test009_00637,N2
test009_00638,N2
test009_00639,N2
test009_00640,N2
test009_00641,N2
test009_00642,N2
test009_00643,N1
test009_00644,N1
test009_00645,N2
test009_00646,N2
test009_00647,N2
test009_00648,N1
test009_00649,N2
test009_00650,N2
test009_00651,N2
test009_00652,N1
test009_00653,N2
test009_00654,N2
test009_00655,N2
test009_00656,N2
test009_00657,N2
test009_00658,N2
test009_00659,W
test009_00660,N2
test009_00661,N2
test009_00662,N2
test009_00663,N2
test009_00664,N2
test009_00665,N2
test009_00666,N2
test009_00667,N2
test009_00668,N2
test009_00669,N2
test009_00670,N2
test009_00671,N2
test009_00672,N2
test009_00673,N2
test009_00674,N2
test009_00675,W
test009_00676,W
test009_00677,N1
test009_00678,N2
test009_00679,W
test009_00680,N1
test009_00681,N2
test009_00682,N2
test009_00683,N2
test009_00684,N1
test009_00685,N2
test009_00686,N2
test009_00687,N2
test009_00688,N2
test009_00689,N2
test009_00690,N1
test009_00691,N2
test009_00692,N2
test009_00693,N2
test009_00694,N2
test009_00695,N1
test009_00696,N2
test009_00697,N2
test009_00698,N1
test009_00699,N1
test009_00700,N1
test009_00701,N1
test009_00702,N2
test009_00703,N1
test009_00704,N1
test009_00705,N2
test009_00706,N2
test009_00707,N2
test009_00708,N2
test009_00709,W
test009_00710,N2
test009_00711,N1
test009_00712,W
test009_00713,W
test009_00714,W
test009_00715,N2
test009_00716,W
test009_00717,N1
test009_00718,N2
test010_00000,W
test010_00001,W
test010_00002,W
test010_00003,W
test010_00004,W
test010_00005,N2
test010_00006,W
test010_00007,W
test010_00008,W
test010_00009,W
test010_00010,W
test010_00011,W
test010_00012,N2
test010_00013,W
test010_00014,N2
test010_00015,W
test010_00016,W
test010_00017,W
test010_00018,W
test010_00019,W
test010_00020,W
test010_00021,R
test010_00022,W
test010_00023,W
test010_00024,W
test010_00025,R
test010_00026,W
test010_00027,R
test010_00028,R
test010_00029,R
test010_00030,R
test010_00031,R
test010_00032,W
test010_00033,W
test010_00034,N2
test010_00035,N2
test010_00036,W
test010_00037,W
test010_00038,N2
test010_00039,W
test010_00040,N2
test010_00041,W
test010_00042,W
test010_00043,W
test010_00044,W
test010_00045,W
test010_00046,W
test010_00047,W
test010_00048,W
test010_00049,W
test010_00050,W
test010_00051,W
test010_00052,W
test010_00053,W
test010_00054,W
test010_00055,W
test010_00056,W
test010_00057,W
test010_00058,W
test010_00059,W
test010_00060,W
test010_00061,W
test010_00062,W
test010_00063,W
test010_00064,N2
test010_00065,W
test010_00066,N2
test010_00067,W
test010_00068,N2
test010_00069,N2
test010_00070,W
test010_00071,N2
test010_00072,N2
test010_00073,N2
test010_00074,W
test010_00075,W
test010_00076,W
test010_00077,W
test010_00078,W
test010_00079,W
test010_00080,W
test010_00081,W
test010_00082,W
test010_00083,W
test010_00084,W
test010_00085,W
test010_00086,W
test010_00087,W
test010_00088,W
test010_00089,W
test010_00090,W
test010_00091,W
test010_00092,W
test010_00093,W
test010_00094,W
test010_00095,W
test010_00096,N2
test010_00097,W
test010_00098,W
test010_00099,W
test010_00100,W
test010_00101,W
test010_00102,W
test010_00103,W
test010_00104,W
test010_00105,N2
test010_00106,W
test010_00107,W
test010_00108,W
test010_00109,W
test010_00110,N2
test010_00111,W
test010_00112,W
test010_00113,W
test010_00114,W
test010_00115,N2
test010_00116,W
test010_00117,W
test010_00118,W
test010_00119,W
test010_00120,W
test010_00121,N2
test010_00122,W
test010_00123,N2
test010_00124,W
test010_00125,N2
test010_00126,N2
test010_00127,N2
test010_00128,N2
test010_00129,W
test010_00130,W
test010_00131,W
test010_00132,N2
test010_00133,N2
test010_00134,W
test010_00135,W
test010_00136,W
test010_00137,N2
test010_00138,N2
test010_00139,W
test010_00140,W
test010_00141,W
test010_00142,W
test010_00143,N2
test010_00144,N2
test010_00145,N2
test010_00146,W
test010_00147,W
test010_00148,W
test010_00149,N2
test010_00150,N2
test010_00151,N2
test010_00152,N2
test010_00153,W
test010_00154,W
test010_00155,W
test010_00156,W
test010_00157,W
test010_00158,W
test010_00159,W
test010_00160,W
test010_00161,W
test010_00162,W
test010_00163,W
test010_00164,W
test010_00165,W
test010_00166,W
test010_00167,W
test010_00168,W
test010_00169,W
test010_00170,W
test010_00171,W
test010_00172,W
test010_00173,W
test010_00174,W
test010_00175,W
test010_00176,W
test010_00177,W
test010_00178,W
test010_00179,W
test010_00180,W
test010_00181,W
test010_00182,W
test010_00183,W
test010_00184,W
test010_00185,W
test010_00186,W
test010_00187,W
test010_00188,W
test010_00189,W
test010_00190,W
test010_00191,W
test010_00192,W
test010_00193,W
test010_00194,W
test010_00195,W
test010_00196,W
test010_00197,W
test010_00198,W
test010_00199,W
test010_00200,W
test010_00201,W
test010_00202,W
test010_00203,W
test010_00204,W
test010_00205,W
test010_00206,W
test010_00207,W
test010_00208,W
test010_00209,W
test010_00210,W
test010_00211,W
test010_00212,W
test010_00213,W
test010_00214,W
test010_00215,W
test010_00216,W
test010_00217,W
test010_00218,W
test010_00219,W
test010_00220,W
test010_00221,W
test010_00222,W
test010_00223,W
test010_00224,W
test010_00225,W
test010_00226,W
test010_00227,W
test010_00228,W
test010_00229,W
test010_00230,W
test010_00231,W
test010_00232,W
test010_00233,W
test010_00234,W
test010_00235,W
test010_00236,W
test010_00237,W
test010_00238,W
test010_00239,W
test010_00240,W
test010_00241,W
test010_00242,W
test010_00243,W
test010_00244,W
test010_00245,W
test010_00246,W
test010_00247,W
test010_00248,W
test010_00249,W
test010_00250,W
test010_00251,W
test010_00252,W
test010_00253,W
test010_00254,W
test010_00255,W
test010_00256,W
test010_00257,W
test010_00258,W
test010_00259,W
test010_00260,W
test010_00261,W
test010_00262,W
test010_00263,W
test010_00264,W
test010_00265,W
test010_00266,W
test010_00267,W
test010_00268,W
test010_00269,W
test010_00270,W
test010_00271,W
test010_00272,W
test010_00273,W
test010_00274,W
test010_00275,W
test010_00276,W
test010_00277,W
test010_00278,W
test010_00279,W
test010_00280,W
test010_00281,W
test010_00282,W
test010_00283,W
test010_00284,W
test010_00285,W
test010_00286,W
test010_00287,N1
test010_00288,W
test010_00289,N2
test010_00290,W
test010_00291,W
test010_00292,W
test010_00293,N1
test010_00294,N1
test010_00295,W
test010_00296,N1
test010_00297,W
test010_00298,W
test010_00299,W
test010_00300,W
test010_00301,W
test010_00302,N1
test010_00303,W
test010_00304,N1
test010_00305,W
test010_00306,W
test010_00307,W
test010_00308,W
test010_00309,N2
test010_00310,W
test010_00311,W
test010_00312,W
test010_00313,W
test010_00314,W
test010_00315,W
test010_00316,W
test010_00317,N2
test010_00318,W
test010_00319,W
test010_00320,W
test010_00321,W
test010_00322,W
test010_00323,W
test010_00324,W
test010_00325,W
test010_00326,W
test010_00327,W
test010_00328,W
test010_00329,W
test010_00330,W
test010_00331,R
test010_00332,W
test010_00333,W
test010_00334,N1
test010_00335,W
test010_00336,W
test010_00337,N2
test010_00338,N2
test010_00339,N2
test010_00340,N2
test010_00341,N2
test010_00342,N2
test010_00343,N2
test010_00344,N2
test010_00345,N2
test010_00346,N2
test010_00347,N2
test010_00348,N2
test010_00349,N2
test010_00350,N2
test010_00351,N2
test010_00352,R
test010_00353,N2
test010_00354,N2
test010_00355,N2
test010_00356,N2
test010_00357,N2
test010_00358,N2
test010_00359,N2
test010_00360,W
test010_00361,W
test010_00362,W
test010_00363,W
test010_00364,W
test010_00365,W
test010_00366,W
test010_00367,W
test010_00368,W
test010_00369,W
test010_00370,W
test010_00371,W
test010_00372,W
test010_00373,W
test010_00374,W
test010_00375,W
test010_00376,W
test010_00377,W
test010_00378,W
test010_00379,W
test010_00380,W
test010_00381,W
test010_00382,W
test010_00383,W
test010_00384,N1
test010_00385,W
test010_00386,W
test010_00387,N2
test010_00388,N2
test010_00389,N2
test010_00390,N2
test010_00391,N2
test010_00392,N2
test010_00393,N2
test010_00394,N2
test010_00395,N2
test010_00396,N1
test010_00397,N3
test010_00398,N2
test010_00399,W
test010_00400,N3
test010_00401,N2
test010_00402,W
test010_00403,N2
test010_00404,W
test010_00405,N2
test010_00406,N2
test010_00407,W
test010_00408,N2
test010_00409,N2
test010_00410,N2
test010_00411,N2
test010_00412,N2
test010_00413,W
test010_00414,N2
test010_00415,N2
test010_00416,N2
test010_00417,N2
test010_00418,N2
test010_00419,N2
test010_00420,N2
test010_00421,N2
test010_00422,N2
test010_00423,N2
test010_00424,N2
test010_00425,N2
test010_00426,N2
test010_00427,N2
test010_00428,N2
test010_00429,W
test010_00430,N2
test010_00431,W
test010_00432,N2
test010_00433,N2
test010_00434,N2
test010_00435,N1
test010_00436,N1
test010_00437,W
test010_00438,N2
test010_00439,N2
test010_00440,N2
test010_00441,N2
test010_00442,W
test010_00443,N2
test010_00444,N2
test010_00445,N2
test010_00446,W
test010_00447,N2
test010_00448,N2
test010_00449,N2
test010_00450,W
test010_00451,N2
test010_00452,N2
test010_00453,N2
test010_00454,N2
test010_00455,N2
test010_00456,N2
test010_00457,N2
test010_00458,N2
test010_00459,N1
test010_00460,N2
test010_00461,N2
test010_00462,N2
test010_00463,N2
test010_00464,N2
test010_00465,N2
test010_00466,N2
test010_00467,N2
test010_00468,N2
test010_00469,N2
test010_00470,W
test010_00471,N2
test010_00472,N2
test010_00473,N2
test010_00474,W
test010_00475,N2
test010_00476,N2
test010_00477,N2
test010_00478,N2
test010_00479,N2
test010_00480,N2
test010_00481,N2
test010_00482,N2
test010_00483,N2
test010_00484,N2
test010_00485,N2
test010_00486,N2
test010_00487,N2
test010_00488,N2
test010_00489,N2
test010_00490,N2
test010_00491,N2
test010_00492,N2
test010_00493,N2
test010_00494,N2
test010_00495,N2
test010_00496,N2
test010_00497,N2
test010_00498,N2
test010_00499,N2
test010_00500,W
test010_00501,W
test010_00502,W
test010_00503,W
test010_00504,N2
test010_00505,W
test010_00506,W
test010_00507,W
test010_00508,W
test010_00509,W
test010_00510,W
test010_00511,W
test010_00512,W
test010_00513,W
test010_00514,W
test010_00515,W
test010_00516,W
test010_00517,W
test010_00518,W
test010_00519,N2
test010_00520,W
test010_00521,N2
test010_00522,N2
test010_00523,N2
test010_00524,N2
test010_00525,W
test010_00526,W
test010_00527,W
test010_00528,W
test010_00529,N2
test010_00530,W
test010_00531,N2
test010_00532,N2
test010_00533,W
test010_00534,W
test010_00535,W
test010_00536,N2
test010_00537,W
test010_00538,W
test010_00539,W
test010_00540,W
test010_00541,W
test010_00542,W
test010_00543,W
test010_00544,W
test010_00545,W
test010_00546,W
test010_00547,W
test010_00548,N2
test010_00549,N2
test010_00550,N2
test010_00551,W
test010_00552,W
test010_00553,N2
test010_00554,N2
test010_00555,W
test010_00556,N1
test010_00557,W
test010_00558,W
test010_00559,W
test010_00560,W
test010_00561,W
test010_00562,N2
test010_00563,N1
test010_00564,N2
test010_00565,N2
test010_00566,W
test010_00567,N2
test010_00568,N2
test010_00569,N2
test010_00570,N2
test010_00571,N2
test010_00572,N2
test010_00573,N1
test010_00574,N1
test010_00575,W
test010_00576,W
test010_00577,N2
test010_00578,N2
test010_00579,W
test010_00580,W
test010_00581,W
test010_00582,W
test010_00583,N2
test010_00584,N2
test010_00585,W
test010_00586,W
test010_00587,W
test010_00588,W
test010_00589,N2
test010_00590,W
test010_00591,N2
test010_00592,N2
test010_00593,N2
test010_00594,N2
test010_00595,N2
test010_00596,N2
test010_00597,N2
test010_00598,W
test010_00599,N2
test010_00600,N2
test010_00601,N3
test010_00602,N2
test010_00603,N2
test010_00604,N2
test010_00605,N2
test010_00606,N2
test010_00607,W
test010_00608,N2
test010_00609,N2
test010_00610,N1
test010_00611,N1
test010_00612,N2
test010_00613,N2
test010_00614,N2
test010_00615,N2
test010_00616,W
test010_00617,W
test010_00618,W
test010_00619,W
test010_00620,W
test010_00621,W
test010_00622,W
test010_00623,W
test010_00624,W
test010_00625,W
test010_00626,W
test010_00627,W
test010_00628,W
test010_00629,W
test010_00630,W
test010_00631,W
test010_00632,W
test010_00633,W
test010_00634,W
test010_00635,W
test010_00636,W
test010_00637,W
test010_00638,W
test010_00639,N2
test010_00640,W
test010_00641,W
test010_00642,W
test010_00643,W
test010_00644,N2
test010_00645,N2
test010_00646,W
test010_00647,N2
test010_00648,N2
test010_00649,W
test010_00650,N2
test010_00651,W
test010_00652,W
test010_00653,W
test010_00654,W
test010_00655,W
test010_00656,W
test010_00657,W
test010_00658,W
test010_00659,W
test010_00660,W
test010_00661,W
test010_00662,W
test010_00663,W
test010_00664,W
test010_00665,W
test010_00666,W
test010_00667,W
test010_00668,W
test010_00669,W
test010_00670,W
test010_00671,W
test010_00672,N2
test010_00673,N2
test010_00674,N2
test010_00675,N2
test010_00676,W
test010_00677,W
test010_00678,W
test010_00679,W
test010_00680,W
test010_00681,W
test010_00682,W
test010_00683,W
test010_00684,W
test010_00685,R
test010_00686,W
test010_00687,W
test010_00688,W
test010_00689,W
test010_00690,W
test010_00691,W
test010_00692,N2
test010_00693,N2
test010_00694,N2
test010_00695,W
test010_00696,W
test010_00697,N2
test010_00698,N2
test010_00699,W
test010_00700,N2
test010_00701,N2
test010_00702,N2
test010_00703,N2
test010_00704,N2
test010_00705,N2
test010_00706,N2
test010_00707,N2
test010_00708,N2
test010_00709,N2
test010_00710,N2
test010_00711,N2
test010_00712,N2
test010_00713,N2
test010_00714,N2
test010_00715,N2
test010_00716,N2
test010_00717,N2
test010_00718,N2
test010_00719,N2
test010_00720,N2
test010_00721,N2
test010_00722,N2
test010_00723,N2
test010_00724,N2
test010_00725,N2
test010_00726,N2
test010_00727,N2
test010_00728,N2
test010_00729,N2
test010_00730,N2
test010_00731,N2
test010_00732,N2
test010_00733,N2
test010_00734,N2
test010_00735,N2
test010_00736,N2
test010_00737,N2
test010_00738,N2
test010_00739,N2
test010_00740,N2
test010_00741,W
test010_00742,N2
test010_00743,N2
test010_00744,N2
test010_00745,N2
test010_00746,N2
test010_00747,N2
test010_00748,N2
test010_00749,N1
test010_00750,N1
test010_00751,N1
test010_00752,W
test010_00753,W
test010_00754,N2
test010_00755,W
test010_00756,W
test010_00757,W
test010_00758,N2
