Id,Predicted
1,B_WORD
2,I_WORD
3,E_WORD
4,B_WORD
5,I_WORD
6,E_WORD
7,B_WORD
8,I_WORD
9,I_WORD
10,I_WORD
11,I_WORD
12,I_WORD
13,I_WORD
14,I_WORD
15,E_WORD
16,B_WORD
17,I_WORD
18,E_WORD
19,B_WORD
20,I_WORD
21,E_WORD
22,B_WORD
23,I_WORD
24,I_WORD
25,I_WORD
26,I_WORD
27,I_WORD
28,I_WORD
29,E_WORD
30,B_WORD
31,I_WORD
32,E_WORD
33,B_WORD
34,I_WORD
35,E_WORD
36,B_WORD
37,E_WORD
38,B_WORD
39,I_WORD
40,I_WORD
41,I_WORD
42,E_WORD
43,B_WORD
44,I_WORD
45,I_WORD
46,I_WORD
47,I_WORD
48,E_WORD
49,B_WORD
50,I_WORD
51,I_WORD
52,I_WORD
53,I_WORD
54,E_WORD
55,B_WORD
56,I_WORD
57,E_WORD
59,B_WORD
61,B_WORD
62,I_WORD
63,I_WORD
64,I_WORD
65,I_WORD
66,I_WORD
67,E_WORD
69,B_WORD
70,I_WORD
71,E_WORD
73,B_WORD
74,I_WORD
75,I_WORD
76,I_WORD
77,I_WORD
78,I_WORD
79,E_WORD
80,B_WORD
81,I_WORD
82,I_WORD
83,I_WORD
84,I_WORD
85,E_WORD
86,B_WORD
87,I_WORD
88,I_WORD
89,I_WORD
90,I_WORD
91,I_WORD
92,I_WORD
93,I_WORD
94,E_WORD
95,B_WORD
96,I_WORD
97,I_WORD
98,I_WORD
99,I_WORD
100,I_WORD
101,E_WORD
102,B_WORD
103,I_WORD
104,E_WORD
105,B_WORD
106,I_WORD
107,E_WORD
108,B_WORD
109,E_WORD
110,B_WORD
111,I_WORD
112,E_WORD
113,B_WORD
114,E_WORD
115,B_WORD
116,I_WORD
117,E_WORD
118,B_WORD
119,I_WORD
120,E_WORD
121,B_WORD
122,I_WORD
123,I_WORD
124,E_WORD
125,B_WORD
126,I_WORD
127,I_WORD
128,I_WORD
129,I_WORD
130,E_WORD
131,B_WORD
132,I_WORD
133,I_WORD
134,I_WORD
135,I_WORD
136,I_WORD
137,I_WORD
138,E_WORD
140,B_WORD
141,I_WORD
142,E_WORD
143,B_WORD
144,I_WORD
145,E_WORD
146,B_WORD
147,I_WORD
148,I_WORD
149,I_WORD
150,E_WORD
151,B_WORD
152,I_WORD
153,I_WORD
154,I_WORD
155,I_WORD
156,E_WORD
157,B_WORD
158,I_WORD
159,I_WORD
160,I_WORD
161,I_WORD
162,I_WORD
163,E_WORD
164,B_WORD
165,I_WORD
166,E_WORD
167,B_WORD
168,I_WORD
169,E_WORD
170,B_WORD
171,I_WORD
172,I_WORD
173,I_WORD
174,I_WORD
175,I_WORD
176,E_WORD
177,B_WORD
178,I_WORD
179,I_WORD
180,I_WORD
181,I_WORD
182,I_WORD
183,I_WORD
184,E_WORD
185,B_WORD
186,E_WORD
187,B_WORD
188,E_WORD
189,B_WORD
190,I_WORD
191,I_WORD
192,I_WORD
193,I_WORD
194,I_WORD
195,I_WORD
196,I_WORD
197,E_WORD
198,B_WORD
199,I_WORD
200,E_WORD
201,B_WORD
202,I_WORD
203,I_WORD
204,E_WORD
205,B_WORD
206,I_WORD
207,I_WORD
208,I_WORD
209,I_WORD
210,E_WORD
212,B_WORD
213,E_WORD
215,B_WORD
216,I_WORD
217,I_WORD
218,E_WORD
219,B_WORD
220,I_WORD
221,I_WORD
222,I_WORD
223,I_WORD
224,E_WORD
226,B_WORD
227,E_WORD
229,B_WORD
230,I_WORD
231,I_WORD
232,I_WORD
233,I_WORD
234,I_WORD
235,E_WORD
237,B_WORD
238,I_WORD
239,I_WORD
240,I_WORD
241,I_WORD
242,I_WORD
243,E_WORD
244,B_WORD
245,I_WORD
246,I_WORD
247,E_WORD
248,B_WORD
249,I_WORD
250,I_WORD
251,E_WORD
253,B_WORD
255,B_WORD
256,I_WORD
257,I_WORD
258,E_WORD
259,B_WORD
260,I_WORD
261,E_WORD
262,B_WORD
263,I_WORD
264,I_WORD
265,I_WORD
266,I_WORD
267,I_WORD
268,I_WORD
269,I_WORD
270,I_WORD
271,E_WORD
272,B_WORD
273,I_WORD
274,I_WORD
275,E_WORD
276,B_WORD
277,I_WORD
278,I_WORD
279,E_WORD
280,B_WORD
281,I_WORD
282,I_WORD
283,I_WORD
284,I_WORD
285,I_WORD
286,I_WORD
287,E_WORD
288,B_WORD
289,E_WORD
290,B_WORD
291,I_WORD
292,I_WORD
293,E_WORD
294,B_WORD
295,I_WORD
296,I_WORD
297,E_WORD
298,B_WORD
299,I_WORD
300,I_WORD
301,I_WORD
302,I_WORD
303,I_WORD
304,I_WORD
305,I_WORD
306,I_WORD
307,E_WORD
309,B_WORD
310,I_WORD
311,E_WORD
312,B_WORD
313,I_WORD
314,E_WORD
315,B_WORD
316,I_WORD
317,E_WORD
318,B_WORD
319,I_WORD
320,E_WORD
321,B_WORD
322,I_WORD
323,I_WORD
324,I_WORD
325,I_WORD
326,I_WORD
327,E_WORD
328,B_WORD
329,I_WORD
330,E_WORD
331,B_WORD
332,I_WORD
333,I_WORD
334,I_WORD
335,I_WORD
336,I_WORD
337,I_WORD
338,E_WORD
339,B_WORD
340,I_WORD
341,I_WORD
342,I_WORD
343,I_WORD
344,E_WORD
345,B_WORD
346,I_WORD
347,I_WORD
348,I_WORD
349,I_WORD
350,E_WORD
351,B_WORD
352,I_WORD
353,E_WORD
355,B_WORD
357,B_WORD
358,I_WORD
359,I_WORD
360,I_WORD
361,I_WORD
362,I_WORD
363,E_WORD
364,B_WORD
365,I_WORD
366,I_WORD
367,I_WORD
368,I_WORD
369,I_WORD
370,I_WORD
371,I_WORD
372,I_WORD
373,E_WORD
375,B_WORD
376,I_WORD
377,I_WORD
378,I_WORD
379,I_WORD
380,I_WORD
381,I_WORD
382,I_WORD
383,I_WORD
384,I_WORD
385,I_WORD
386,E_WORD
388,B_WORD
389,I_WORD
390,E_WORD
391,B_WORD
392,E_WORD
393,B_WORD
394,I_WORD
395,I_WORD
396,I_WORD
397,I_WORD
398,I_WORD
399,E_WORD
400,B_WORD
401,I_WORD
402,I_WORD
403,I_WORD
404,I_WORD
405,I_WORD
406,I_WORD
407,I_WORD
408,I_WORD
409,I_WORD
410,E_WORD
411,B_WORD
412,I_WORD
413,I_WORD
414,I_WORD
415,I_WORD
416,E_WORD
417,B_WORD
418,I_WORD
419,E_WORD
420,B_WORD
421,I_WORD
422,E_WORD
423,B_WORD
424,I_WORD
425,I_WORD
426,I_WORD
427,E_WORD
429,B_WORD
430,I_WORD
431,E_WORD
432,B_WORD
433,I_WORD
434,I_WORD
435,I_WORD
436,I_WORD
437,E_WORD
438,B_WORD
439,I_WORD
440,I_WORD
441,I_WORD
442,I_WORD
443,E_WORD
444,B_WORD
445,I_WORD
446,I_WORD
447,I_WORD
448,I_WORD
449,E_WORD
450,B_WORD
451,I_WORD
452,E_WORD
454,B_WORD
456,B_WORD
457,I_WORD
458,I_WORD
459,I_WORD
460,I_WORD
461,I_WORD
462,E_WORD
463,B_WORD
464,E_WORD
465,B_WORD
466,E_WORD
467,B_WORD
468,I_WORD
469,I_WORD
470,I_WORD
471,I_WORD
472,I_WORD
473,I_WORD
474,I_WORD
475,E_WORD
476,B_WORD
477,I_WORD
478,I_WORD
479,I_WORD
480,E_WORD
481,B_WORD
482,I_WORD
483,I_WORD
484,I_WORD
485,I_WORD
486,I_WORD
487,I_WORD
488,I_WORD
489,E_WORD
491,B_WORD
492,I_WORD
493,E_WORD
494,B_WORD
495,E_WORD
496,B_WORD
497,E_WORD
498,B_WORD
499,I_WORD
500,I_WORD
501,I_WORD
502,I_WORD
503,E_WORD
504,B_WORD
505,I_WORD
506,I_WORD
507,I_WORD
508,I_WORD
509,I_WORD
510,I_WORD
511,E_WORD
513,B_WORD
514,I_WORD
515,I_WORD
516,I_WORD
517,I_WORD
518,E_WORD
520,B_WORD
521,I_WORD
522,I_WORD
523,E_WORD
524,B_WORD
525,I_WORD
526,E_WORD
528,B_WORD
529,I_WORD
530,I_WORD
531,I_WORD
532,I_WORD
533,I_WORD
534,I_WORD
535,I_WORD
536,E_WORD
537,B_WORD
538,I_WORD
539,I_WORD
540,I_WORD
541,E_WORD
542,B_WORD
543,I_WORD
544,I_WORD
545,I_WORD
546,E_WORD
547,B_WORD
548,I_WORD
549,E_WORD
550,B_WORD
551,E_WORD
553,B_WORD
554,I_WORD
555,I_WORD
556,E_WORD
558,B_WORD
559,I_WORD
560,I_WORD
561,I_WORD
562,I_WORD
563,E_WORD
565,B_WORD
566,I_WORD
567,E_WORD
569,B_WORD
570,I_WORD
571,E_WORD
572,B_WORD
573,I_WORD
574,I_WORD
575,E_WORD
576,B_WORD
577,I_WORD
578,I_WORD
579,B_WORD
580,I_WORD
581,I_WORD
582,I_WORD
583,I_WORD
584,E_WORD
585,B_WORD
586,I_WORD
587,E_WORD
588,B_WORD
589,I_WORD
590,E_WORD
591,B_WORD
592,I_WORD
593,I_WORD
594,I_WORD
595,I_WORD
596,I_WORD
597,I_WORD
598,E_WORD
600,B_WORD
601,I_WORD
602,I_WORD
603,I_WORD
604,I_WORD
605,E_WORD
607,B_WORD
608,I_WORD
609,I_WORD
610,E_WORD
611,B_WORD
612,I_WORD
613,E_WORD
615,B_WORD
616,I_WORD
617,I_WORD
618,I_WORD
619,I_WORD
620,E_WORD
621,B_WORD
622,E_WORD
623,B_WORD
624,I_WORD
625,E_WORD
626,B_WORD
627,I_WORD
628,I_WORD
629,I_WORD
630,I_WORD
631,E_WORD
632,B_WORD
633,I_WORD
634,I_WORD
635,I_WORD
636,I_WORD
637,E_WORD
638,B_WORD
639,I_WORD
640,E_WORD
641,B_WORD
642,I_WORD
643,I_WORD
644,I_WORD
645,I_WORD
646,I_WORD
647,E_WORD
648,B_WORD
649,I_WORD
650,I_WORD
651,I_WORD
652,E_WORD
654,B_WORD
655,I_WORD
656,I_WORD
657,I_WORD
658,E_WORD
660,B_WORD
661,I_WORD
662,I_WORD
663,E_WORD
664,B_WORD
665,I_WORD
666,E_WORD
667,B_WORD
668,I_WORD
669,I_WORD
670,I_WORD
671,I_WORD
672,I_WORD
673,I_WORD
674,E_WORD
676,B_WORD
677,I_WORD
678,I_WORD
679,I_WORD
680,I_WORD
681,I_WORD
682,E_WORD
684,B_WORD
685,E_WORD
686,B_WORD
687,I_WORD
688,I_WORD
689,E_WORD
691,B_WORD
693,B_WORD
694,I_WORD
695,I_WORD
696,I_WORD
697,E_WORD
698,B_WORD
699,I_WORD
700,E_WORD
701,B_WORD
702,E_WORD
703,B_WORD
704,I_WORD
705,E_WORD
707,B_WORD
709,B_WORD
710,I_WORD
711,I_WORD
712,E_WORD
714,B_WORD
716,B_WORD
717,I_WORD
718,I_WORD
719,E_WORD
721,B_WORD
722,I_WORD
723,I_WORD
724,E_WORD
726,B_WORD
728,B_WORD
729,I_WORD
730,I_WORD
731,I_WORD
732,I_WORD
733,E_WORD
734,B_WORD
735,I_WORD
736,I_WORD
737,I_WORD
738,I_WORD
739,I_WORD
740,E_WORD
741,B_WORD
742,I_WORD
743,I_WORD
744,I_WORD
745,I_WORD
746,E_WORD
747,B_WORD
748,E_WORD
749,B_WORD
750,I_WORD
751,E_WORD
752,B_WORD
753,I_WORD
754,E_WORD
755,B_WORD
756,I_WORD
757,E_WORD
758,B_WORD
759,I_WORD
760,I_WORD
761,I_WORD
762,I_WORD
763,I_WORD
764,I_WORD
765,E_WORD
767,B_WORD
768,I_WORD
769,I_WORD
770,I_WORD
771,I_WORD
772,E_WORD
774,B_WORD
775,I_WORD
776,I_WORD
777,E_WORD
778,B_WORD
779,I_WORD
780,E_WORD
782,B_WORD
783,I_WORD
784,I_WORD
785,I_WORD
786,I_WORD
787,I_WORD
788,I_WORD
789,I_WORD
790,E_WORD
791,B_WORD
792,I_WORD
793,I_WORD
794,I_WORD
795,E_WORD
796,B_WORD
797,I_WORD
798,I_WORD
799,I_WORD
800,E_WORD
801,B_WORD
802,I_WORD
803,E_WORD
804,B_WORD
805,I_WORD
806,I_WORD
807,E_WORD
808,B_WORD
809,I_WORD
810,I_WORD
811,I_WORD
812,I_WORD
813,I_WORD
814,I_WORD
815,E_WORD
816,B_WORD
817,I_WORD
818,E_WORD
819,B_WORD
820,E_WORD
821,B_WORD
822,I_WORD
823,I_WORD
824,I_WORD
825,I_WORD
826,I_WORD
827,I_WORD
828,I_WORD
829,E_WORD
830,B_WORD
831,I_WORD
832,I_WORD
833,I_WORD
834,I_WORD
835,E_WORD
837,B_WORD
838,I_WORD
839,I_WORD
840,E_WORD
842,B_WORD
843,I_WORD
844,E_WORD
845,B_WORD
846,I_WORD
847,E_WORD
848,B_WORD
849,I_WORD
850,I_WORD
851,I_WORD
852,I_WORD
853,E_WORD
854,B_WORD
855,I_WORD
856,I_WORD
857,I_WORD
858,I_WORD
859,E_WORD
860,B_WORD
861,I_WORD
862,I_WORD
863,I_WORD
864,I_WORD
865,I_WORD
866,I_WORD
867,E_WORD
869,B_WORD
870,I_WORD
871,I_WORD
872,I_WORD
873,I_WORD
874,E_WORD
876,B_WORD
877,I_WORD
878,I_WORD
879,E_WORD
880,B_WORD
881,I_WORD
882,E_WORD
884,B_WORD
885,I_WORD
886,E_WORD
887,B_WORD
888,E_WORD
889,B_WORD
890,I_WORD
891,E_WORD
892,B_WORD
893,I_WORD
894,I_WORD
895,I_WORD
896,I_WORD
897,E_WORD
898,B_WORD
899,I_WORD
900,I_WORD
901,I_WORD
902,E_WORD
904,B_WORD
905,I_WORD
906,E_WORD
908,B_WORD
909,I_WORD
910,I_WORD
911,E_WORD
912,B_WORD
913,I_WORD
914,E_WORD
916,B_WORD
917,E_WORD
918,B_WORD
919,I_WORD
920,I_WORD
921,I_WORD
922,I_WORD
923,E_WORD
925,B_WORD
927,B_WORD
928,I_WORD
929,E_WORD
931,B_WORD
933,B_WORD
934,I_WORD
935,I_WORD
936,E_WORD
938,B_WORD
940,B_WORD
942,B_WORD
943,I_WORD
944,E_WORD
946,B_WORD
947,I_WORD
948,I_WORD
949,E_WORD
951,B_WORD
953,B_WORD
954,I_WORD
955,I_WORD
956,E_WORD
957,B_WORD
958,I_WORD
959,I_WORD
960,I_WORD
961,E_WORD
962,B_WORD
963,I_WORD
964,I_WORD
965,E_WORD
967,B_WORD
969,B_WORD
970,I_WORD
971,I_WORD
972,E_WORD
973,B_WORD
974,I_WORD
975,E_WORD
977,B_WORD
979,B_WORD
980,E_WORD
981,B_WORD
982,I_WORD
983,I_WORD
984,I_WORD
985,I_WORD
986,I_WORD
987,I_WORD
988,I_WORD
989,E_WORD
990,B_WORD
991,I_WORD
992,I_WORD
993,E_WORD
994,B_WORD
995,I_WORD
996,E_WORD
998,B_WORD
1000,B_WORD
1001,I_WORD
1002,I_WORD
1003,I_WORD
1004,I_WORD
1005,I_WORD
1006,E_WORD
1007,B_WORD
1008,I_WORD
1009,I_WORD
1010,I_WORD
1011,I_WORD
1012,E_WORD
1013,B_WORD
1014,I_WORD
1015,E_WORD
1017,B_WORD
1019,B_WORD
1020,I_WORD
1021,I_WORD
1022,I_WORD
1023,I_WORD
1024,I_WORD
1025,E_WORD
1027,B_WORD
1028,I_WORD
1029,E_WORD
1030,B_WORD
1031,I_WORD
1032,I_WORD
1033,I_WORD
1034,I_WORD
1035,I_WORD
1036,E_WORD
1038,B_WORD
1040,B_WORD
1041,E_WORD
1042,B_WORD
1043,I_WORD
1044,I_WORD
1045,I_WORD
1046,I_WORD
1047,I_WORD
1048,I_WORD
1049,E_WORD
1050,B_WORD
1051,I_WORD
1052,I_WORD
1053,I_WORD
1054,I_WORD
1055,I_WORD
1056,I_WORD
1057,I_WORD
1058,I_WORD
1059,I_WORD
1060,I_WORD
1061,I_WORD
1062,E_WORD
1064,B_WORD
1065,I_WORD
1066,I_WORD
1067,E_WORD
1068,B_WORD
1069,I_WORD
1070,E_WORD
1072,B_WORD
1073,E_WORD
1074,B_WORD
1075,I_WORD
1076,I_WORD
1077,I_WORD
1078,E_WORD
1079,B_WORD
1080,I_WORD
1081,I_WORD
1082,E_WORD
1084,B_WORD
1086,B_WORD
1087,I_WORD
1088,I_WORD
1089,E_WORD
1090,B_WORD
1091,I_WORD
1092,I_WORD
1093,I_WORD
1094,I_WORD
1095,I_WORD
1096,I_WORD
1097,I_WORD
1098,I_WORD
1099,I_WORD
1100,E_WORD
1101,B_WORD
1102,I_WORD
1103,I_WORD
1104,I_WORD
1105,I_WORD
1106,I_WORD
1107,E_WORD
1108,B_WORD
1109,I_WORD
1110,I_WORD
1111,I_WORD
1112,I_WORD
1113,I_WORD
1114,E_WORD
1115,B_WORD
1116,I_WORD
1117,E_WORD
1118,B_WORD
1119,I_WORD
1120,E_WORD
1121,B_WORD
1122,I_WORD
1123,I_WORD
1124,I_WORD
1125,I_WORD
1126,I_WORD
1127,I_WORD
1128,I_WORD
1129,E_WORD
1131,B_WORD
1132,I_WORD
1133,I_WORD
1134,I_WORD
1135,I_WORD
1136,I_WORD
1137,I_WORD
1138,I_WORD
1139,I_WORD
1140,I_WORD
1141,E_WORD
1142,B_WORD
1143,I_WORD
1144,I_WORD
1145,E_WORD
1146,B_WORD
1147,E_WORD
1148,B_WORD
1149,I_WORD
1150,I_WORD
1151,E_WORD
1152,B_WORD
1153,E_WORD
1154,B_WORD
1155,I_WORD
1156,I_WORD
1157,I_WORD
1158,I_WORD
1159,I_WORD
1160,E_WORD
1161,B_WORD
1162,I_WORD
1163,E_WORD
1164,B_WORD
1165,I_WORD
1166,I_WORD
1167,E_WORD
1168,B_WORD
1169,I_WORD
1170,I_WORD
1171,I_WORD
1172,E_WORD
1173,B_WORD
1174,I_WORD
1175,E_WORD
1176,B_WORD
1177,I_WORD
1178,I_WORD
1179,I_WORD
1180,I_WORD
1181,I_WORD
1182,I_WORD
1183,E_WORD
1185,B_WORD
1186,I_WORD
1187,I_WORD
1188,E_WORD
1189,B_WORD
1190,I_WORD
1191,E_WORD
1192,B_WORD
1193,I_WORD
1194,I_WORD
1195,E_WORD
1196,B_WORD
1197,I_WORD
1198,E_WORD
1199,B_WORD
1200,I_WORD
1201,E_WORD
1202,B_WORD
1203,I_WORD
1204,I_WORD
1205,I_WORD
1206,I_WORD
1207,I_WORD
1208,I_WORD
1209,I_WORD
1210,E_WORD
1211,B_WORD
1212,I_WORD
1213,E_WORD
1214,B_WORD
1215,I_WORD
1216,I_WORD
1217,E_WORD
1218,B_WORD
1219,I_WORD
1220,I_WORD
1221,I_WORD
1222,I_WORD
1223,E_WORD
1224,B_WORD
1225,I_WORD
1226,I_WORD
1227,I_WORD
1228,I_WORD
1229,E_WORD
1230,B_WORD
1231,I_WORD
1232,I_WORD
1233,E_WORD
1235,B_WORD
1236,I_WORD
1237,I_WORD
1238,I_WORD
1239,E_WORD
1240,B_WORD
1241,I_WORD
1242,I_WORD
1243,E_WORD
1245,B_WORD
1246,I_WORD
1247,I_WORD
1248,I_WORD
1249,E_WORD
1251,B_WORD
1252,E_WORD
1254,B_WORD
1255,I_WORD
1256,I_WORD
1257,I_WORD
1258,I_WORD
1259,E_WORD
1261,B_WORD
1262,E_WORD
1264,B_WORD
1265,I_WORD
1266,I_WORD
1267,E_WORD
1269,B_WORD
1270,I_WORD
1271,I_WORD
1272,E_WORD
1273,B_WORD
1274,I_WORD
1275,I_WORD
1276,I_WORD
1277,E_WORD
1278,B_WORD
1279,I_WORD
1280,I_WORD
1281,I_WORD
1282,I_WORD
1283,I_WORD
1284,E_WORD
1286,B_WORD
1287,I_WORD
1288,I_WORD
1289,I_WORD
1290,I_WORD
1291,I_WORD
1292,E_WORD
1294,B_WORD
1295,E_WORD
1296,B_WORD
1297,B_WORD
1298,E_WORD
1300,B_WORD
1301,I_WORD
1302,E_WORD
1303,B_WORD
1304,I_WORD
1305,I_WORD
1306,I_WORD
1307,E_WORD
1309,B_WORD
1310,I_WORD
1311,I_WORD
1312,I_WORD
1313,E_WORD
1314,B_WORD
1315,I_WORD
1316,I_WORD
1317,I_WORD
1318,I_WORD
1319,I_WORD
1320,I_WORD
1321,E_WORD
1323,B_WORD
1324,I_WORD
1325,E_WORD
1327,B_WORD
1328,I_WORD
1329,I_WORD
1330,I_WORD
1331,I_WORD
1332,I_WORD
1333,E_WORD
1334,B_WORD
1335,I_WORD
1336,E_WORD
1337,B_WORD
1338,I_WORD
1339,I_WORD
1340,E_WORD
1341,B_WORD
1342,I_WORD
1343,E_WORD
1345,B_WORD
1346,I_WORD
1347,E_WORD
1349,B_WORD
1350,E_WORD
1351,B_WORD
1352,B_WORD
1353,E_WORD
1355,B_WORD
1356,I_WORD
1357,I_WORD
1358,E_WORD
1360,B_WORD
1361,I_WORD
1362,I_WORD
1363,I_WORD
1364,E_WORD
1366,B_WORD
1367,I_WORD
1368,E_WORD
1369,B_WORD
1370,I_WORD
1371,I_WORD
1372,E_WORD
1374,B_WORD
1376,B_WORD
1377,I_WORD
1378,E_WORD
1380,B_WORD
1381,I_WORD
1382,I_WORD
1383,E_WORD
1385,B_WORD
1386,I_WORD
1387,I_WORD
1388,I_WORD
1389,I_WORD
1390,E_WORD
1392,B_WORD
1393,I_WORD
1394,I_WORD
1395,I_WORD
1396,I_WORD
1397,E_WORD
1398,B_WORD
1399,I_WORD
1400,I_WORD
1401,E_WORD
1402,B_WORD
1403,I_WORD
1404,I_WORD
1405,I_WORD
1406,I_WORD
1407,I_WORD
1408,E_WORD
1410,B_WORD
1411,I_WORD
1412,I_WORD
1413,I_WORD
1414,I_WORD
1415,I_WORD
1416,I_WORD
1417,I_WORD
1418,E_WORD
1419,B_WORD
1420,E_WORD
1422,B_WORD
1423,I_WORD
1424,E_WORD
1425,B_WORD
1426,E_WORD
1427,B_WORD
1428,I_WORD
1429,I_WORD
1430,I_WORD
1431,I_WORD
1432,I_WORD
1433,I_WORD
1434,I_WORD
1435,E_WORD
1436,B_WORD
1437,I_WORD
1438,I_WORD
1439,I_WORD
1440,E_WORD
1441,B_WORD
1442,I_WORD
1443,I_WORD
1444,E_WORD
1445,B_WORD
1446,I_WORD
1447,E_WORD
1448,B_WORD
1449,I_WORD
1450,E_WORD
1451,B_WORD
1452,I_WORD
1453,I_WORD
1454,I_WORD
1455,I_WORD
1456,E_WORD
1458,B_WORD
1459,I_WORD
1460,I_WORD
1461,E_WORD
1462,B_WORD
1463,E_WORD
1465,B_WORD
1467,B_WORD
1468,E_WORD
1470,B_WORD
1471,I_WORD
1472,I_WORD
1473,E_WORD
1474,B_WORD
1475,I_WORD
1476,E_WORD
1477,B_WORD
1478,E_WORD
1479,B_WORD
1480,I_WORD
1481,E_WORD
1483,B_WORD
1484,E_WORD
1485,B_WORD
1486,B_WORD
1487,E_WORD
1489,B_WORD
1490,I_WORD
1491,E_WORD
1492,B_WORD
1493,I_WORD
1494,I_WORD
1495,I_WORD
1496,E_WORD
1498,B_WORD
1499,E_WORD
1500,B_WORD
1501,B_WORD
1502,E_WORD
1504,B_WORD
1505,I_WORD
1506,E_WORD
1507,B_WORD
1508,I_WORD
1509,I_WORD
1510,E_WORD
1512,B_WORD
1513,I_WORD
1514,I_WORD
1515,E_WORD
1516,B_WORD
1517,I_WORD
1518,I_WORD
1519,I_WORD
1520,E_WORD
1522,B_WORD
1523,E_WORD
1524,B_WORD
1525,B_WORD
1526,E_WORD
1528,B_WORD
1529,I_WORD
1530,E_WORD
1531,B_WORD
1532,I_WORD
1533,I_WORD
1534,I_WORD
1535,E_WORD
1537,B_WORD
1538,I_WORD
1539,I_WORD
1540,E_WORD
1541,B_WORD
1542,I_WORD
1543,I_WORD
1544,I_WORD
1545,E_WORD
1547,B_WORD
1548,I_WORD
1549,I_WORD
1550,I_WORD
1551,I_WORD
1552,I_WORD
1553,I_WORD
1554,I_WORD
1555,I_WORD
1556,I_WORD
1557,I_WORD
1558,I_WORD
1559,I_WORD
1560,I_WORD
1561,E_WORD
1563,B_WORD
1564,I_WORD
1565,I_WORD
1566,I_WORD
1567,E_WORD
1569,B_WORD
1570,E_WORD
1571,B_WORD
1572,I_WORD
1573,I_WORD
1574,I_WORD
1575,E_WORD
1577,B_WORD
1578,I_WORD
1579,E_WORD
1580,B_WORD
1581,I_WORD
1582,I_WORD
1583,E_WORD
1585,B_WORD
1586,I_WORD
1587,I_WORD
1588,I_WORD
1589,I_WORD
1590,I_WORD
1591,E_WORD
1592,B_WORD
1593,I_WORD
1594,I_WORD
1595,I_WORD
1596,I_WORD
1597,E_WORD
1598,B_WORD
1599,I_WORD
1600,I_WORD
1601,I_WORD
1602,I_WORD
1603,E_WORD
1604,B_WORD
1605,I_WORD
1606,I_WORD
1607,E_WORD
1609,B_WORD
1610,I_WORD
1611,E_WORD
1612,B_WORD
1613,I_WORD
1614,E_WORD
1615,B_WORD
1616,I_WORD
1617,E_WORD
1618,B_WORD
1619,I_WORD
1620,I_WORD
1621,I_WORD
1622,I_WORD
1623,E_WORD
1625,B_WORD
1626,E_WORD
1627,B_WORD
1628,I_WORD
1629,I_WORD
1630,I_WORD
1631,I_WORD
1632,E_WORD
1634,B_WORD
1635,I_WORD
1636,I_WORD
1637,E_WORD
1638,B_WORD
1639,I_WORD
1640,I_WORD
1641,I_WORD
1642,I_WORD
1643,I_WORD
1644,E_WORD
1645,B_WORD
1646,I_WORD
1647,I_WORD
1648,I_WORD
1649,I_WORD
1650,I_WORD
1651,I_WORD
1652,I_WORD
1653,I_WORD
1654,I_WORD
1655,I_WORD
1656,I_WORD
1657,E_WORD
1659,B_WORD
1660,I_WORD
1661,I_WORD
1662,E_WORD
1663,B_WORD
1664,I_WORD
1665,I_WORD
1666,I_WORD
1667,I_WORD
1668,I_WORD
1669,E_WORD
1670,B_WORD
1671,I_WORD
1672,I_WORD
1673,I_WORD
1674,I_WORD
1675,I_WORD
1676,I_WORD
1677,I_WORD
1678,I_WORD
1679,E_WORD
1681,B_WORD
1682,E_WORD
1683,B_WORD
1684,B_WORD
1685,E_WORD
1687,B_WORD
1688,I_WORD
1689,I_WORD
1690,E_WORD
1692,B_WORD
1693,I_WORD
1694,I_WORD
1695,I_WORD
1696,E_WORD
1698,B_WORD
1699,E_WORD
1700,B_WORD
1701,B_WORD
1702,E_WORD
1704,B_WORD
1705,I_WORD
1706,I_WORD
1707,I_WORD
1708,E_WORD
1710,B_WORD
1711,I_WORD
1712,E_WORD
1714,B_WORD
1715,I_WORD
1716,I_WORD
1717,E_WORD
1719,B_WORD
1720,I_WORD
1721,I_WORD
1722,I_WORD
1723,I_WORD
1724,E_WORD
1726,B_WORD
1727,I_WORD
1728,E_WORD
1729,B_WORD
1730,I_WORD
1731,E_WORD
1733,B_WORD
1734,E_WORD
1735,B_WORD
1736,E_WORD
1737,B_WORD
1738,E_WORD
1740,B_WORD
1741,I_WORD
1742,I_WORD
1743,E_WORD
1745,B_WORD
1746,I_WORD
1747,I_WORD
1748,I_WORD
1749,I_WORD
1750,I_WORD
1751,I_WORD
1752,I_WORD
1753,I_WORD
1754,E_WORD
1755,B_WORD
1756,I_WORD
1757,I_WORD
1758,I_WORD
1759,I_WORD
1760,I_WORD
1761,I_WORD
1762,I_WORD
1763,I_WORD
1764,I_WORD
1765,E_WORD
1766,B_WORD
1767,I_WORD
1768,I_WORD
1769,I_WORD
1770,I_WORD
1771,I_WORD
1772,I_WORD
1773,I_WORD
1774,I_WORD
1775,I_WORD
1776,I_WORD
1777,I_WORD
1778,E_WORD
1780,B_WORD
1781,I_WORD
1782,E_WORD
1783,B_WORD
1784,I_WORD
1785,I_WORD
1786,E_WORD
1788,B_WORD
1789,I_WORD
1790,E_WORD
1792,B_WORD
1793,I_WORD
1794,E_WORD
1796,B_WORD
1797,I_WORD
1798,I_WORD
1799,I_WORD
1800,I_WORD
1801,I_WORD
1802,I_WORD
1803,E_WORD
1804,B_WORD
1805,I_WORD
1806,I_WORD
1807,I_WORD
1808,I_WORD
1809,E_WORD
1811,B_WORD
1812,I_WORD
1813,E_WORD
1814,B_WORD
1815,I_WORD
1816,I_WORD
1817,I_WORD
1818,I_WORD
1819,I_WORD
1820,I_WORD
1821,I_WORD
1822,E_WORD
1823,B_WORD
1824,I_WORD
1825,I_WORD
1826,I_WORD
1827,I_WORD
1828,E_WORD
1829,B_WORD
1830,I_WORD
1831,I_WORD
1832,I_WORD
1833,I_WORD
1834,I_WORD
1835,E_WORD
1836,B_WORD
1837,I_WORD
1838,I_WORD
1839,E_WORD
1840,B_WORD
1841,I_WORD
1842,I_WORD
1843,I_WORD
1844,I_WORD
1845,E_WORD
1847,B_WORD
1848,E_WORD
1849,B_WORD
1850,I_WORD
1851,I_WORD
1852,E_WORD
1853,B_WORD
1854,I_WORD
1855,I_WORD
1856,I_WORD
1857,I_WORD
1858,E_WORD
1859,B_WORD
1860,I_WORD
1861,I_WORD
1862,I_WORD
1863,I_WORD
1864,I_WORD
1865,I_WORD
1866,I_WORD
1867,I_WORD
1868,I_WORD
1869,I_WORD
1870,I_WORD
1871,E_WORD
1872,B_WORD
1873,I_WORD
1874,I_WORD
1875,I_WORD
1876,I_WORD
1877,E_WORD
1878,B_WORD
1879,I_WORD
1880,I_WORD
1881,E_WORD
1882,B_WORD
1883,I_WORD
1884,I_WORD
1885,E_WORD
1886,B_WORD
1887,I_WORD
1888,I_WORD
1889,I_WORD
1890,I_WORD
1891,I_WORD
1892,E_WORD
1894,B_WORD
1895,I_WORD
1896,E_WORD
1898,B_WORD
1899,E_WORD
1900,B_WORD
1901,B_WORD
1902,E_WORD
1904,B_WORD
1905,I_WORD
1906,E_WORD
1908,B_WORD
1909,E_WORD
1910,B_WORD
1911,I_WORD
1912,I_WORD
1913,I_WORD
1914,E_WORD
1916,B_WORD
1917,I_WORD
1918,E_WORD
1920,B_WORD
1921,I_WORD
1922,E_WORD
1924,B_WORD
1925,I_WORD
1926,E_WORD
1928,B_WORD
1929,I_WORD
1930,E_WORD
1931,B_WORD
1932,I_WORD
1933,I_WORD
1934,I_WORD
1935,I_WORD
1936,I_WORD
1937,I_WORD
1938,I_WORD
1939,I_WORD
1940,I_WORD
1941,I_WORD
1942,I_WORD
1943,E_WORD
1944,B_WORD
1945,I_WORD
1946,I_WORD
1947,E_WORD
1948,B_WORD
1949,I_WORD
1950,I_WORD
1951,I_WORD
1952,I_WORD
1953,E_WORD
1954,B_WORD
1955,I_WORD
1956,I_WORD
1957,I_WORD
1958,I_WORD
1959,I_WORD
1960,E_WORD
1962,B_WORD
1963,I_WORD
1964,I_WORD
1965,I_WORD
1966,I_WORD
1967,I_WORD
1968,I_WORD
1969,I_WORD
1970,E_WORD
1971,B_WORD
1972,I_WORD
1973,I_WORD
1974,I_WORD
1975,E_WORD
1976,B_WORD
1977,I_WORD
1978,I_WORD
1979,E_WORD
1981,B_WORD
1982,I_WORD
1983,I_WORD
1984,E_WORD
1985,B_WORD
1986,I_WORD
1987,I_WORD
1988,I_WORD
1989,I_WORD
1990,I_WORD
1991,I_WORD
1992,E_WORD
1993,B_WORD
1994,I_WORD
1995,I_WORD
1996,I_WORD
1997,E_WORD
1998,B_WORD
1999,I_WORD
2000,I_WORD
2001,I_WORD
2002,I_WORD
2003,I_WORD
2004,I_WORD
2005,E_WORD
2006,B_WORD
2007,I_WORD
2008,I_WORD
2009,I_WORD
2010,E_WORD
2011,B_WORD
2012,I_WORD
2013,I_WORD
2014,I_WORD
2015,I_WORD
2016,I_WORD
2017,I_WORD
2018,E_WORD
2019,B_WORD
2020,I_WORD
2021,E_WORD
2022,B_WORD
2023,I_WORD
2024,E_WORD
2025,B_WORD
2026,I_WORD
2027,I_WORD
2028,I_WORD
2029,I_WORD
2030,E_WORD
2032,B_WORD
2033,I_WORD
2034,E_WORD
2036,B_WORD
2038,B_WORD
2039,I_WORD
2040,I_WORD
2041,I_WORD
2042,I_WORD
2043,I_WORD
2044,E_WORD
2046,B_WORD
2047,I_WORD
2048,I_WORD
2049,E_WORD
2050,B_WORD
2051,I_WORD
2052,I_WORD
2053,E_WORD
2054,B_WORD
2055,I_WORD
2056,I_WORD
2057,I_WORD
2058,I_WORD
2059,I_WORD
2060,I_WORD
2061,I_WORD
2062,E_WORD
2063,B_WORD
2064,I_WORD
2065,I_WORD
2066,E_WORD
2067,B_WORD
2068,E_WORD
2070,B_WORD
2072,B_WORD
2073,I_WORD
2074,I_WORD
2075,I_WORD
2076,I_WORD
2077,I_WORD
2078,E_WORD
2080,B_WORD
2081,I_WORD
2082,E_WORD
2083,B_WORD
2084,I_WORD
2085,E_WORD
2086,B_WORD
2087,E_WORD
2088,B_WORD
2089,E_WORD
2090,B_WORD
2091,I_WORD
2092,I_WORD
2093,I_WORD
2094,E_WORD
2095,B_WORD
2096,I_WORD
2097,I_WORD
2098,E_WORD
2100,B_WORD
2101,I_WORD
2102,I_WORD
2103,I_WORD
2104,E_WORD
2105,B_WORD
2106,I_WORD
2107,I_WORD
2108,I_WORD
2109,I_WORD
2110,I_WORD
2111,I_WORD
2112,I_WORD
2113,E_WORD
2114,B_WORD
2115,I_WORD
2116,I_WORD
2117,I_WORD
2118,I_WORD
2119,I_WORD
2120,I_WORD
2121,I_WORD
2122,I_WORD
2123,E_WORD
2124,B_WORD
2125,I_WORD
2126,I_WORD
2127,I_WORD
2128,I_WORD
2129,E_WORD
2130,B_WORD
2131,I_WORD
2132,I_WORD
2133,I_WORD
2134,I_WORD
2135,E_WORD
2137,B_WORD
2139,B_WORD
2140,E_WORD
2141,B_WORD
2142,I_WORD
2143,I_WORD
2144,E_WORD
2146,B_WORD
2148,B_WORD
2149,I_WORD
2150,E_WORD
2152,B_WORD
2154,B_WORD
2155,I_WORD
2156,I_WORD
2157,I_WORD
2158,I_WORD
2159,I_WORD
2160,E_WORD
2162,B_WORD
2163,I_WORD
2164,I_WORD
2165,E_WORD
2166,B_WORD
2167,I_WORD
2168,I_WORD
2169,I_WORD
2170,I_WORD
2171,I_WORD
2172,E_WORD
2174,B_WORD
2175,I_WORD
2176,E_WORD
2177,B_WORD
2178,I_WORD
2179,E_WORD
2180,B_WORD
2181,I_WORD
2182,I_WORD
2183,I_WORD
2184,I_WORD
2185,E_WORD
2186,B_WORD
2187,I_WORD
2188,I_WORD
2189,I_WORD
2190,E_WORD
2191,B_WORD
2192,I_WORD
2193,E_WORD
2195,B_WORD
2196,I_WORD
2197,I_WORD
2198,I_WORD
2199,I_WORD
2200,E_WORD
2201,B_WORD
2202,I_WORD
2203,I_WORD
2204,E_WORD
2205,B_WORD
2206,I_WORD
2207,I_WORD
2208,E_WORD
2209,B_WORD
2210,I_WORD
2211,E_WORD
2213,B_WORD
2214,I_WORD
2215,I_WORD
2216,I_WORD
2217,I_WORD
2218,I_WORD
2219,I_WORD
2220,I_WORD
2221,E_WORD
2222,B_WORD
2223,I_WORD
2224,I_WORD
2225,I_WORD
2226,I_WORD
2227,I_WORD
2228,I_WORD
2229,I_WORD
2230,I_WORD
2231,E_WORD
2232,B_WORD
2233,I_WORD
2234,I_WORD
2235,I_WORD
2236,I_WORD
2237,E_WORD
2238,B_WORD
2239,I_WORD
2240,I_WORD
2241,I_WORD
2242,I_WORD
2243,E_WORD
2244,B_WORD
2245,I_WORD
2246,E_WORD
2248,B_WORD
2250,B_WORD
2251,I_WORD
2252,I_WORD
2253,I_WORD
2254,I_WORD
2255,I_WORD
2256,E_WORD
2258,B_WORD
2259,I_WORD
2260,I_WORD
2261,I_WORD
2262,E_WORD
2263,B_WORD
2264,I_WORD
2265,I_WORD
2266,I_WORD
2267,I_WORD
2268,I_WORD
2269,E_WORD
2270,B_WORD
2271,I_WORD
2272,I_WORD
2273,E_WORD
2275,B_WORD
2276,E_WORD
2277,B_WORD
2278,E_WORD
2279,B_WORD
2280,I_WORD
2281,I_WORD
2282,I_WORD
2283,I_WORD
2284,I_WORD
2285,I_WORD
2286,I_WORD
2287,E_WORD
2288,B_WORD
2289,I_WORD
2290,I_WORD
2291,I_WORD
2292,I_WORD
2293,I_WORD
2294,E_WORD
2296,B_WORD
2298,B_WORD
2299,I_WORD
2300,I_WORD
2301,I_WORD
2302,I_WORD
2303,E_WORD
2305,B_WORD
2306,I_WORD
2307,E_WORD
2309,B_WORD
2310,I_WORD
2311,I_WORD
2312,I_WORD
2313,I_WORD
2314,E_WORD
2315,B_WORD
2316,I_WORD
2317,E_WORD
2319,B_WORD
2320,B_WORD
2322,B_WORD
2323,E_WORD
2324,B_WORD
2325,E_WORD
2326,B_WORD
2327,I_WORD
2328,I_WORD
2329,I_WORD
2330,I_WORD
2331,I_WORD
2332,I_WORD
2333,E_WORD
2334,B_WORD
2335,I_WORD
2336,E_WORD
2337,B_WORD
2338,I_WORD
2339,E_WORD
2340,B_WORD
2341,I_WORD
2342,I_WORD
2343,I_WORD
2344,I_WORD
2345,I_WORD
2346,I_WORD
2347,I_WORD
2348,E_WORD
2350,B_WORD
2351,I_WORD
2352,E_WORD
2354,B_WORD
2355,E_WORD
2356,B_WORD
2357,B_WORD
2358,E_WORD
2360,B_WORD
2361,I_WORD
2362,I_WORD
2363,E_WORD
2365,B_WORD
2366,I_WORD
2367,I_WORD
2368,I_WORD
2369,E_WORD
2371,B_WORD
2372,I_WORD
2373,E_WORD
2375,B_WORD
2376,E_WORD
2377,B_WORD
2378,B_WORD
2379,E_WORD
2381,B_WORD
2382,I_WORD
2383,E_WORD
2384,B_WORD
2385,I_WORD
2386,I_WORD
2387,I_WORD
2388,E_WORD
2390,B_WORD
2391,I_WORD
2392,I_WORD
2393,E_WORD
2394,B_WORD
2395,I_WORD
2396,I_WORD
2397,I_WORD
2398,I_WORD
2399,E_WORD
2400,B_WORD
2401,I_WORD
2402,E_WORD
2404,B_WORD
2405,B_WORD
2407,B_WORD
2408,I_WORD
2409,E_WORD
2410,B_WORD
2411,E_WORD
2412,B_WORD
2413,I_WORD
2414,I_WORD
2415,I_WORD
2416,E_WORD
2417,B_WORD
2418,I_WORD
2419,E_WORD
2420,B_WORD
2421,I_WORD
2422,I_WORD
2423,I_WORD
2424,I_WORD
2425,I_WORD
2426,E_WORD
2428,B_WORD
2429,E_WORD
2430,B_WORD
2431,B_WORD
2432,E_WORD
2434,B_WORD
2435,I_WORD
2436,I_WORD
2437,E_WORD
2439,B_WORD
2440,I_WORD
2441,I_WORD
2442,I_WORD
2443,E_WORD
2445,B_WORD
2446,I_WORD
2447,E_WORD
2449,B_WORD
2450,E_WORD
2451,B_WORD
2452,B_WORD
2453,E_WORD
2455,B_WORD
2456,I_WORD
2457,E_WORD
2458,B_WORD
2459,I_WORD
2460,I_WORD
2461,I_WORD
2462,E_WORD
2463,B_WORD
2464,I_WORD
2465,I_WORD
2466,I_WORD
2467,E_WORD
2468,B_WORD
2469,I_WORD
2470,E_WORD
2471,B_WORD
2472,I_WORD
2473,I_WORD
2474,E_WORD
2475,B_WORD
2476,I_WORD
2477,E_WORD
2479,B_WORD
2480,I_WORD
2481,E_WORD
2482,B_WORD
2483,I_WORD
2484,I_WORD
2485,I_WORD
2486,I_WORD
2487,I_WORD
2488,E_WORD
2489,B_WORD
2490,I_WORD
2491,E_WORD
2492,B_WORD
2493,I_WORD
2494,I_WORD
2495,E_WORD
2496,B_WORD
2497,E_WORD
2499,B_WORD
2501,B_WORD
2502,E_WORD
2504,B_WORD
2505,I_WORD
2506,I_WORD
2507,I_WORD
2508,I_WORD
2509,I_WORD
2510,I_WORD
2511,E_WORD
2512,B_WORD
2513,I_WORD
2514,I_WORD
2515,I_WORD
2516,I_WORD
2517,I_WORD
2518,E_WORD
2519,B_WORD
2520,I_WORD
2521,I_WORD
2522,I_WORD
2523,E_WORD
2524,B_WORD
2525,I_WORD
2526,I_WORD
2527,I_WORD
2528,E_WORD
2529,B_WORD
2530,I_WORD
2531,E_WORD
2533,B_WORD
2534,I_WORD
2535,E_WORD
2537,B_WORD
2538,I_WORD
2539,E_WORD
2540,B_WORD
2541,E_WORD
2542,B_WORD
2543,I_WORD
2544,I_WORD
2545,I_WORD
2546,I_WORD
2547,I_WORD
2548,I_WORD
2549,I_WORD
2550,I_WORD
2551,I_WORD
2552,I_WORD
2553,I_WORD
2554,E_WORD
2555,B_WORD
2556,I_WORD
2557,I_WORD
2558,I_WORD
2559,I_WORD
2560,E_WORD
2561,B_WORD
2562,I_WORD
2563,I_WORD
2564,I_WORD
2565,I_WORD
2566,E_WORD
2567,B_WORD
2568,I_WORD
2569,E_WORD
2570,B_WORD
2571,I_WORD
2572,I_WORD
2573,I_WORD
2574,E_WORD
2575,B_WORD
2576,I_WORD
2577,I_WORD
2578,I_WORD
2579,I_WORD
2580,I_WORD
2581,I_WORD
2582,E_WORD
2583,B_WORD
2584,I_WORD
2585,I_WORD
2586,I_WORD
2587,E_WORD
2588,B_WORD
2589,E_WORD
2590,B_WORD
2591,I_WORD
2592,E_WORD
2593,B_WORD
2594,E_WORD
2595,B_WORD
2596,I_WORD
2597,I_WORD
2598,I_WORD
2599,E_WORD
2600,B_WORD
2601,I_WORD
2602,I_WORD
2603,E_WORD
2604,B_WORD
2605,I_WORD
2606,E_WORD
2607,B_WORD
2608,I_WORD
2609,I_WORD
2610,I_WORD
2611,I_WORD
2612,I_WORD
2613,I_WORD
2614,I_WORD
2615,I_WORD
2616,I_WORD
2617,E_WORD
2618,B_WORD
2619,I_WORD
2620,E_WORD
2621,B_WORD
2622,E_WORD
2623,B_WORD
2624,I_WORD
2625,I_WORD
2626,I_WORD
2627,E_WORD
2628,B_WORD
2629,E_WORD
2630,B_WORD
2631,I_WORD
2632,I_WORD
2633,I_WORD
2634,I_WORD
2635,I_WORD
2636,I_WORD
2637,I_WORD
2638,I_WORD
2639,I_WORD
2640,I_WORD
2641,I_WORD
2642,E_WORD
2644,B_WORD
2645,I_WORD
2646,E_WORD
2647,B_WORD
2648,I_WORD
2649,I_WORD
2650,I_WORD
2651,E_WORD
2652,B_WORD
2653,I_WORD
2654,E_WORD
2655,B_WORD
2656,I_WORD
2657,I_WORD
2658,E_WORD
2659,B_WORD
2660,I_WORD
2661,I_WORD
2662,I_WORD
2663,I_WORD
2664,I_WORD
2665,E_WORD
2666,B_WORD
2667,E_WORD
2668,B_WORD
2669,I_WORD
2670,I_WORD
2671,I_WORD
2672,I_WORD
2673,I_WORD
2674,E_WORD
2675,B_WORD
2676,I_WORD
2677,I_WORD
2678,I_WORD
2679,I_WORD
2680,E_WORD
2682,B_WORD
2683,I_WORD
2684,E_WORD
2685,B_WORD
2686,I_WORD
2687,E_WORD
2688,B_WORD
2689,I_WORD
2690,I_WORD
2691,I_WORD
2692,I_WORD
2693,E_WORD
2695,B_WORD
2696,E_WORD
2697,B_WORD
2698,I_WORD
2699,I_WORD
2700,I_WORD
2701,I_WORD
2702,E_WORD
2704,B_WORD
2705,I_WORD
2706,I_WORD
2707,E_WORD
2708,B_WORD
2709,I_WORD
2710,I_WORD
2711,I_WORD
2712,I_WORD
2713,I_WORD
2714,E_WORD
2715,B_WORD
2716,I_WORD
2717,I_WORD
2718,I_WORD
2719,I_WORD
2720,I_WORD
2721,I_WORD
2722,I_WORD
2723,I_WORD
2724,I_WORD
2725,I_WORD
2726,I_WORD
2727,E_WORD
2729,B_WORD
2730,I_WORD
2731,I_WORD
2732,I_WORD
2733,I_WORD
2734,I_WORD
2735,E_WORD
2736,B_WORD
2737,I_WORD
2738,E_WORD
2740,B_WORD
2741,I_WORD
2742,I_WORD
2743,I_WORD
2744,I_WORD
2745,I_WORD
2746,I_WORD
2747,E_WORD
2748,B_WORD
2749,I_WORD
2750,I_WORD
2751,I_WORD
2752,I_WORD
2753,I_WORD
2754,E_WORD
2756,B_WORD
2757,I_WORD
2758,I_WORD
2759,I_WORD
2760,I_WORD
2761,I_WORD
2762,E_WORD
2764,B_WORD
2765,E_WORD
2766,B_WORD
2767,B_WORD
2768,E_WORD
2770,B_WORD
2771,I_WORD
2772,E_WORD
2773,B_WORD
2774,I_WORD
2775,I_WORD
2776,I_WORD
2777,E_WORD
2779,B_WORD
2780,E_WORD
2781,B_WORD
2782,B_WORD
2783,E_WORD
2785,B_WORD
2786,I_WORD
2787,I_WORD
2788,E_WORD
2790,B_WORD
2791,I_WORD
2792,I_WORD
2793,I_WORD
2794,E_WORD
2796,B_WORD
2797,I_WORD
2798,I_WORD
2799,I_WORD
2800,I_WORD
2801,E_WORD
2802,B_WORD
2803,I_WORD
2804,I_WORD
2805,I_WORD
2806,E_WORD
2807,B_WORD
2808,I_WORD
2809,I_WORD
2810,I_WORD
2811,I_WORD
2812,I_WORD
2813,I_WORD
2814,I_WORD
2815,I_WORD
2816,E_WORD
2818,B_WORD
2819,I_WORD
2820,E_WORD
2821,B_WORD
2822,I_WORD
2823,E_WORD
2824,B_WORD
2825,I_WORD
2826,I_WORD
2827,I_WORD
2828,E_WORD
2829,B_WORD
2830,E_WORD
2831,B_WORD
2832,I_WORD
2833,I_WORD
2834,I_WORD
2835,I_WORD
2836,I_WORD
2837,E_WORD
2838,B_WORD
2839,I_WORD
2840,I_WORD
2841,I_WORD
2842,I_WORD
2843,E_WORD
2844,B_WORD
2845,I_WORD
2846,I_WORD
2847,I_WORD
2848,I_WORD
2849,E_WORD
2850,B_WORD
2851,I_WORD
2852,E_WORD
2853,B_WORD
2854,I_WORD
2855,I_WORD
2856,I_WORD
2857,E_WORD
2858,B_WORD
2859,I_WORD
2860,I_WORD
2861,E_WORD
2862,B_WORD
2863,I_WORD
2864,I_WORD
2865,I_WORD
2866,I_WORD
2867,I_WORD
2868,I_WORD
2869,E_WORD
2870,B_WORD
2871,I_WORD
2872,E_WORD
2873,B_WORD
2874,E_WORD
2875,B_WORD
2876,I_WORD
2877,E_WORD
2879,B_WORD
2880,E_WORD
2882,B_WORD
2883,I_WORD
2884,I_WORD
2885,E_WORD
2887,B_WORD
2888,I_WORD
2889,I_WORD
2890,E_WORD
2892,B_WORD
2894,B_WORD
2895,I_WORD
2896,I_WORD
2897,I_WORD
2898,I_WORD
2899,I_WORD
2900,E_WORD
2902,B_WORD
2903,E_WORD
2904,B_WORD
2905,I_WORD
2906,I_WORD
2907,E_WORD
2908,B_WORD
2909,I_WORD
2910,I_WORD
2911,I_WORD
2912,E_WORD
2913,B_WORD
2914,I_WORD
2915,I_WORD
2916,I_WORD
2917,I_WORD
2918,I_WORD
2919,I_WORD
2920,I_WORD
2921,I_WORD
2922,I_WORD
2923,E_WORD
2924,B_WORD
2925,I_WORD
2926,I_WORD
2927,I_WORD
2928,I_WORD
2929,I_WORD
2930,E_WORD
2931,B_WORD
2932,E_WORD
2933,B_WORD
2934,I_WORD
2935,I_WORD
2936,I_WORD
2937,I_WORD
2938,I_WORD
2939,E_WORD
2940,B_WORD
2941,I_WORD
2942,I_WORD
2943,I_WORD
2944,I_WORD
2945,E_WORD
2946,B_WORD
2947,I_WORD
2948,E_WORD
2949,B_WORD
2950,I_WORD
2951,I_WORD
2952,I_WORD
2953,I_WORD
2954,E_WORD
2956,B_WORD
2957,I_WORD
2958,E_WORD
2959,B_WORD
2960,I_WORD
2961,I_WORD
2962,I_WORD
2963,E_WORD
2964,B_WORD
2965,I_WORD
2966,I_WORD
2967,E_WORD
2969,B_WORD
2971,B_WORD
2972,I_WORD
2973,I_WORD
2974,I_WORD
2975,E_WORD
2976,B_WORD
2977,I_WORD
2978,I_WORD
2979,E_WORD
2980,B_WORD
2981,I_WORD
2982,I_WORD
2983,E_WORD
2984,B_WORD
2985,I_WORD
2986,I_WORD
2987,I_WORD
2988,I_WORD
2989,I_WORD
2990,I_WORD
2991,I_WORD
2992,I_WORD
2993,I_WORD
2994,E_WORD
2995,B_WORD
2996,E_WORD
2997,B_WORD
2998,I_WORD
2999,I_WORD
3000,E_WORD
3002,B_WORD
3003,I_WORD
3004,I_WORD
3005,I_WORD
3006,E_WORD
3008,B_WORD
3009,B_WORD
3010,I_WORD
3011,E_WORD
3013,B_WORD
3014,E_WORD
3015,B_WORD
3016,E_WORD
3017,B_WORD
3018,I_WORD
3019,I_WORD
3020,I_WORD
3021,E_WORD
3023,B_WORD
3024,I_WORD
3025,I_WORD
3026,I_WORD
3027,I_WORD
3028,I_WORD
3029,I_WORD
3030,I_WORD
3031,I_WORD
3032,I_WORD
3033,E_WORD
3034,B_WORD
3035,I_WORD
3036,I_WORD
3037,I_WORD
3038,E_WORD
3039,B_WORD
3040,I_WORD
3041,I_WORD
3042,I_WORD
3043,I_WORD
3044,I_WORD
3045,E_WORD
3046,B_WORD
3047,I_WORD
3048,E_WORD
3050,B_WORD
3052,B_WORD
3053,I_WORD
3054,I_WORD
3055,I_WORD
3056,E_WORD
3057,B_WORD
3058,I_WORD
3059,I_WORD
3060,I_WORD
3061,I_WORD
3062,I_WORD
3063,E_WORD
3065,B_WORD
3067,B_WORD
3068,E_WORD
3069,B_WORD
3070,B_WORD
3071,E_WORD
3072,B_WORD
3073,B_WORD
3074,I_WORD
3075,E_WORD
3077,B_WORD
3079,B_WORD
3080,I_WORD
3081,E_WORD
3083,B_WORD
3084,I_WORD
3085,I_WORD
3086,I_WORD
3087,I_WORD
3088,I_WORD
3089,I_WORD
3090,I_WORD
3091,I_WORD
3092,I_WORD
3093,E_WORD
3094,B_WORD
3095,I_WORD
3096,I_WORD
3097,I_WORD
3098,I_WORD
3099,I_WORD
3100,I_WORD
3101,E_WORD
3102,B_WORD
3103,I_WORD
3104,I_WORD
3105,I_WORD
3106,E_WORD
3108,B_WORD
3109,I_WORD
3110,I_WORD
3111,I_WORD
3112,I_WORD
3113,I_WORD
3114,E_WORD
3115,B_WORD
3116,I_WORD
3117,E_WORD
3119,B_WORD
3120,I_WORD
3121,E_WORD
3122,B_WORD
3123,I_WORD
3124,I_WORD
3125,I_WORD
3126,I_WORD
3127,I_WORD
3128,I_WORD
3129,I_WORD
3130,E_WORD
3131,B_WORD
3132,I_WORD
3133,I_WORD
3134,I_WORD
3135,I_WORD
3136,I_WORD
3137,I_WORD
3138,I_WORD
3139,I_WORD
3140,I_WORD
3141,E_WORD
3142,B_WORD
3143,E_WORD
3144,B_WORD
3145,I_WORD
3146,I_WORD
3147,I_WORD
3148,I_WORD
3149,E_WORD
3151,B_WORD
3152,I_WORD
3153,E_WORD
3154,B_WORD
3155,E_WORD
3156,B_WORD
3157,I_WORD
3158,E_WORD
3159,B_WORD
3160,I_WORD
3161,I_WORD
3162,E_WORD
3163,B_WORD
3164,I_WORD
3165,I_WORD
3166,I_WORD
3167,E_WORD
3168,B_WORD
3169,I_WORD
3170,E_WORD
3171,B_WORD
3172,I_WORD
3173,I_WORD
3174,E_WORD
3175,B_WORD
3176,I_WORD
3177,I_WORD
3178,E_WORD
3180,B_WORD
3181,I_WORD
3182,I_WORD
3183,I_WORD
3184,E_WORD
3186,B_WORD
3187,I_WORD
3188,E_WORD
3190,B_WORD
3191,I_WORD
3192,I_WORD
3193,I_WORD
3194,I_WORD
3195,I_WORD
3196,E_WORD
3198,B_WORD
3199,I_WORD
3200,E_WORD
3201,B_WORD
3202,I_WORD
3203,E_WORD
3204,B_WORD
3205,I_WORD
3206,I_WORD
3207,I_WORD
3208,I_WORD
3209,I_WORD
3210,I_WORD
3211,E_WORD
3212,B_WORD
3213,I_WORD
3214,I_WORD
3215,I_WORD
3216,E_WORD
3217,B_WORD
3218,I_WORD
3219,E_WORD
3220,B_WORD
3221,I_WORD
3222,E_WORD
3223,B_WORD
3224,I_WORD
3225,I_WORD
3226,I_WORD
3227,E_WORD
3228,B_WORD
3229,I_WORD
3230,E_WORD
3231,B_WORD
3232,I_WORD
3233,E_WORD
3234,B_WORD
3235,I_WORD
3236,I_WORD
3237,I_WORD
3238,I_WORD
3239,I_WORD
3240,I_WORD
3241,E_WORD
3242,B_WORD
3243,I_WORD
3244,E_WORD
3246,B_WORD
3247,E_WORD
3249,B_WORD
3250,I_WORD
3251,E_WORD
3252,B_WORD
3253,I_WORD
3254,I_WORD
3255,I_WORD
3256,I_WORD
3257,I_WORD
3258,I_WORD
3259,E_WORD
3260,B_WORD
3261,I_WORD
3262,E_WORD
3264,B_WORD
3265,E_WORD
3267,B_WORD
3268,I_WORD
3269,E_WORD
3271,B_WORD
3272,I_WORD
3273,I_WORD
3274,E_WORD
3275,B_WORD
3276,I_WORD
3277,I_WORD
3278,I_WORD
3279,I_WORD
3280,I_WORD
3281,E_WORD
3282,B_WORD
3283,I_WORD
3284,I_WORD
3285,I_WORD
3286,I_WORD
3287,E_WORD
3288,B_WORD
3289,I_WORD
3290,I_WORD
3291,I_WORD
3292,I_WORD
3293,I_WORD
3294,E_WORD
3296,B_WORD
3297,I_WORD
3298,I_WORD
3299,I_WORD
3300,E_WORD
3301,B_WORD
3302,I_WORD
3303,I_WORD
3304,E_WORD
3305,B_WORD
3306,I_WORD
3307,I_WORD
3308,I_WORD
3309,I_WORD
3310,I_WORD
3311,E_WORD
3312,B_WORD
3313,I_WORD
3314,I_WORD
3315,I_WORD
3316,I_WORD
3317,E_WORD
3318,B_WORD
3319,I_WORD
3320,I_WORD
3321,E_WORD
3322,B_WORD
3323,I_WORD
3324,I_WORD
3325,I_WORD
3326,I_WORD
3327,E_WORD
3328,B_WORD
3329,I_WORD
3330,I_WORD
3331,E_WORD
3332,B_WORD
3333,I_WORD
3334,E_WORD
3336,B_WORD
3337,I_WORD
3338,I_WORD
3339,I_WORD
3340,E_WORD
3342,B_WORD
3343,I_WORD
3344,E_WORD
3345,B_WORD
3346,B_WORD
3347,I_WORD
3348,I_WORD
3349,I_WORD
3350,I_WORD
3351,I_WORD
3352,I_WORD
3353,E_WORD
3355,B_WORD
3356,E_WORD
3358,B_WORD
3359,I_WORD
3360,I_WORD
3361,E_WORD
3362,B_WORD
3363,I_WORD
3364,I_WORD
3365,I_WORD
3366,I_WORD
3367,E_WORD
3369,B_WORD
3370,E_WORD
3372,B_WORD
3373,I_WORD
3374,I_WORD
3375,I_WORD
3376,I_WORD
3377,I_WORD
3378,E_WORD
3380,B_WORD
3381,I_WORD
3382,I_WORD
3383,I_WORD
3384,E_WORD
3386,B_WORD
3387,B_WORD
3388,I_WORD
3389,E_WORD
3391,B_WORD
3392,I_WORD
3393,I_WORD
3394,I_WORD
3395,E_WORD
3396,B_WORD
3397,E_WORD
3398,B_WORD
3399,B_WORD
3400,I_WORD
3401,E_WORD
3403,B_WORD
3404,I_WORD
3405,E_WORD
3406,B_WORD
3407,I_WORD
3408,I_WORD
3409,I_WORD
3410,I_WORD
3411,I_WORD
3412,I_WORD
3413,I_WORD
3414,E_WORD
3415,B_WORD
3416,I_WORD
3417,I_WORD
3418,I_WORD
3419,I_WORD
3420,I_WORD
3421,I_WORD
3422,I_WORD
3423,I_WORD
3424,I_WORD
3425,E_WORD
3426,B_WORD
3427,I_WORD
3428,I_WORD
3429,I_WORD
3430,I_WORD
3431,E_WORD
3432,B_WORD
3433,I_WORD
3434,E_WORD
3435,B_WORD
3436,I_WORD
3437,I_WORD
3438,I_WORD
3439,I_WORD
3440,I_WORD
3441,I_WORD
3442,I_WORD
3443,I_WORD
3444,I_WORD
3445,E_WORD
3447,B_WORD
3448,I_WORD
3449,E_WORD
3450,B_WORD
3451,I_WORD
3452,I_WORD
3453,I_WORD
3454,E_WORD
3455,B_WORD
3456,I_WORD
3457,E_WORD
3458,B_WORD
3459,I_WORD
3460,I_WORD
3461,I_WORD
3462,I_WORD
3463,I_WORD
3464,I_WORD
3465,I_WORD
3466,E_WORD
3467,B_WORD
3468,E_WORD
3469,B_WORD
3470,I_WORD
3471,E_WORD
3472,B_WORD
3473,I_WORD
3474,I_WORD
3475,E_WORD
3476,B_WORD
3477,I_WORD
3478,I_WORD
3479,I_WORD
3480,I_WORD
3481,I_WORD
3482,I_WORD
3483,I_WORD
3484,I_WORD
3485,E_WORD
3486,B_WORD
3487,I_WORD
3488,I_WORD
3489,E_WORD
3490,B_WORD
3491,I_WORD
3492,I_WORD
3493,I_WORD
3494,I_WORD
3495,I_WORD
3496,E_WORD
3498,B_WORD
3499,I_WORD
3500,I_WORD
3501,E_WORD
3502,B_WORD
3503,I_WORD
3504,E_WORD
3505,B_WORD
3506,I_WORD
3507,I_WORD
3508,I_WORD
3509,I_WORD
3510,I_WORD
3511,I_WORD
3512,I_WORD
3513,E_WORD
3514,B_WORD
3515,I_WORD
3516,E_WORD
3517,B_WORD
3518,I_WORD
3519,I_WORD
3520,E_WORD
3521,B_WORD
3522,I_WORD
3523,I_WORD
3524,E_WORD
3525,B_WORD
3526,E_WORD
3527,B_WORD
3528,E_WORD
3529,B_WORD
3530,I_WORD
3531,I_WORD
3532,I_WORD
3533,I_WORD
3534,E_WORD
3535,B_WORD
3536,E_WORD
3537,B_WORD
3538,I_WORD
3539,E_WORD
3540,B_WORD
3541,I_WORD
3542,E_WORD
3543,B_WORD
3544,E_WORD
3545,B_WORD
3546,I_WORD
3547,E_WORD
3548,B_WORD
3549,I_WORD
3550,I_WORD
3551,E_WORD
3552,B_WORD
3553,I_WORD
3554,I_WORD
3555,I_WORD
3556,I_WORD
3557,E_WORD
3559,B_WORD
3560,I_WORD
3561,I_WORD
3562,I_WORD
3563,I_WORD
3564,I_WORD
3565,I_WORD
3566,I_WORD
3567,E_WORD
3568,B_WORD
3569,I_WORD
3570,I_WORD
3571,I_WORD
3572,E_WORD
3573,B_WORD
3574,I_WORD
3575,I_WORD
3576,I_WORD
3577,I_WORD
3578,I_WORD
3579,I_WORD
3580,E_WORD
3581,B_WORD
3582,E_WORD
3583,B_WORD
3584,I_WORD
3585,I_WORD
3586,I_WORD
3587,I_WORD
3588,E_WORD
3589,B_WORD
3590,E_WORD
3591,B_WORD
3592,I_WORD
3593,I_WORD
3594,E_WORD
3595,B_WORD
3596,I_WORD
3597,E_WORD
3598,B_WORD
3599,E_WORD
3600,B_WORD
3601,E_WORD
3602,B_WORD
3603,I_WORD
3604,I_WORD
3605,I_WORD
3606,I_WORD
3607,I_WORD
3608,I_WORD
3609,E_WORD
3610,B_WORD
3611,I_WORD
3612,I_WORD
3613,I_WORD
3614,I_WORD
3615,I_WORD
3616,I_WORD
3617,I_WORD
3618,E_WORD
3619,B_WORD
3620,I_WORD
3621,I_WORD
3622,I_WORD
3623,I_WORD
3624,I_WORD
3625,I_WORD
3626,I_WORD
3627,I_WORD
3628,E_WORD
3629,B_WORD
3630,I_WORD
3631,I_WORD
3632,I_WORD
3633,I_WORD
3634,E_WORD
3635,B_WORD
3636,I_WORD
3637,E_WORD
3639,B_WORD
3641,B_WORD
3642,I_WORD
3643,I_WORD
3644,I_WORD
3645,I_WORD
3646,I_WORD
3647,E_WORD
3649,B_WORD
3650,I_WORD
3651,I_WORD
3652,E_WORD
3653,B_WORD
3654,I_WORD
3655,I_WORD
3656,I_WORD
3657,I_WORD
3658,I_WORD
3659,E_WORD
3660,B_WORD
3661,I_WORD
3662,I_WORD
3663,I_WORD
3664,I_WORD
3665,I_WORD
3666,I_WORD
3667,I_WORD
3668,E_WORD
3669,B_WORD
3670,I_WORD
3671,I_WORD
3672,I_WORD
3673,I_WORD
3674,I_WORD
3675,I_WORD
3676,E_WORD
3678,B_WORD
3679,I_WORD
3680,I_WORD
3681,I_WORD
3682,I_WORD
3683,E_WORD
3684,B_WORD
3685,I_WORD
3686,I_WORD
3687,E_WORD
3688,B_WORD
3689,I_WORD
3690,I_WORD
3691,E_WORD
3692,B_WORD
3693,I_WORD
3694,E_WORD
3696,B_WORD
3697,I_WORD
3698,E_WORD
3699,B_WORD
3700,I_WORD
3701,E_WORD
3702,B_WORD
3703,I_WORD
3704,E_WORD
3705,B_WORD
3706,E_WORD
3707,B_WORD
3708,I_WORD
3709,I_WORD
3710,I_WORD
3711,I_WORD
3712,I_WORD
3713,I_WORD
3714,I_WORD
3715,I_WORD
3716,I_WORD
3717,E_WORD
3718,B_WORD
3719,I_WORD
3720,I_WORD
3721,I_WORD
3722,I_WORD
3723,I_WORD
3724,I_WORD
3725,E_WORD
3726,B_WORD
3727,I_WORD
3728,E_WORD
3729,B_WORD
3730,I_WORD
3731,I_WORD
3732,I_WORD
3733,E_WORD
3735,B_WORD
3736,I_WORD
3737,I_WORD
3738,I_WORD
3739,I_WORD
3740,E_WORD
3741,B_WORD
3742,I_WORD
3743,I_WORD
3744,E_WORD
3745,B_WORD
3746,I_WORD
3747,I_WORD
3748,I_WORD
3749,I_WORD
3750,I_WORD
3751,E_WORD
3752,B_WORD
3753,I_WORD
3754,I_WORD
3755,I_WORD
3756,I_WORD
3757,E_WORD
3758,B_WORD
3759,I_WORD
3760,I_WORD
3761,E_WORD
3762,B_WORD
3763,I_WORD
3764,I_WORD
3765,E_WORD
3766,B_WORD
3767,I_WORD
3768,I_WORD
3769,I_WORD
3770,I_WORD
3771,E_WORD
3772,B_WORD
3773,I_WORD
3774,I_WORD
3775,E_WORD
3776,B_WORD
3777,I_WORD
3778,I_WORD
3779,I_WORD
3780,I_WORD
3781,E_WORD
3783,B_WORD
3784,I_WORD
3785,I_WORD
3786,I_WORD
3787,I_WORD
3788,I_WORD
3789,I_WORD
3790,E_WORD
3791,B_WORD
3792,I_WORD
3793,I_WORD
3794,I_WORD
3795,E_WORD
3796,B_WORD
3797,I_WORD
3798,I_WORD
3799,I_WORD
3800,I_WORD
3801,E_WORD
3803,B_WORD
3804,I_WORD
3805,I_WORD
3806,I_WORD
3807,I_WORD
3808,E_WORD
3810,B_WORD
3811,I_WORD
3812,E_WORD
3813,B_WORD
3814,I_WORD
3815,I_WORD
3816,I_WORD
3817,I_WORD
3818,I_WORD
3819,E_WORD
3820,B_WORD
3821,I_WORD
3822,E_WORD
3823,B_WORD
3824,I_WORD
3825,I_WORD
3826,I_WORD
3827,I_WORD
3828,I_WORD
3829,E_WORD
3830,B_WORD
3831,I_WORD
3832,E_WORD
3833,B_WORD
3834,I_WORD
3835,I_WORD
3836,I_WORD
3837,I_WORD
3838,I_WORD
3839,E_WORD
3841,B_WORD
3842,E_WORD
3843,B_WORD
3844,I_WORD
3845,I_WORD
3846,E_WORD
3847,B_WORD
3848,I_WORD
3849,E_WORD
3850,B_WORD
3851,I_WORD
3852,I_WORD
3853,I_WORD
3854,E_WORD
3855,B_WORD
3856,I_WORD
3857,E_WORD
3858,B_WORD
3859,I_WORD
3860,I_WORD
3861,E_WORD
3862,B_WORD
3863,I_WORD
3864,I_WORD
3865,I_WORD
3866,I_WORD
3867,E_WORD
3869,B_WORD
3870,I_WORD
3871,I_WORD
3872,I_WORD
3873,I_WORD
3874,E_WORD
3875,B_WORD
3876,I_WORD
3877,I_WORD
3878,I_WORD
3879,I_WORD
3880,I_WORD
3881,E_WORD
3882,B_WORD
3883,I_WORD
3884,I_WORD
3885,I_WORD
3886,I_WORD
3887,E_WORD
3888,B_WORD
3889,I_WORD
3890,I_WORD
3891,I_WORD
3892,I_WORD
3893,I_WORD
3894,E_WORD
3895,B_WORD
3896,I_WORD
3897,I_WORD
3898,E_WORD
3899,B_WORD
3900,I_WORD
3901,I_WORD
3902,I_WORD
3903,I_WORD
3904,E_WORD
3905,B_WORD
3906,I_WORD
3907,I_WORD
3908,E_WORD
3909,B_WORD
3910,I_WORD
3911,I_WORD
3912,I_WORD
3913,I_WORD
3914,E_WORD
3916,B_WORD
3917,I_WORD
3918,I_WORD
3919,E_WORD
3920,B_WORD
3921,I_WORD
3922,I_WORD
3923,E_WORD
3924,B_WORD
3925,I_WORD
3926,I_WORD
3927,I_WORD
3928,I_WORD
3929,E_WORD
3931,B_WORD
3932,I_WORD
3933,I_WORD
3934,E_WORD
3935,B_WORD
3936,I_WORD
3937,I_WORD
3938,E_WORD
3939,B_WORD
3940,I_WORD
3941,I_WORD
3942,I_WORD
3943,I_WORD
3944,I_WORD
3945,E_WORD
3946,B_WORD
3947,I_WORD
3948,E_WORD
3949,B_WORD
3950,I_WORD
3951,E_WORD
3952,B_WORD
3953,I_WORD
3954,I_WORD
3955,I_WORD
3956,I_WORD
3957,E_WORD
3958,B_WORD
3959,I_WORD
3960,E_WORD
3961,B_WORD
3962,I_WORD
3963,I_WORD
3964,I_WORD
3965,I_WORD
3966,E_WORD
3967,B_WORD
3968,I_WORD
3969,E_WORD
3970,B_WORD
3971,I_WORD
3972,I_WORD
3973,E_WORD
3974,B_WORD
3975,I_WORD
3976,I_WORD
3977,I_WORD
3978,I_WORD
3979,E_WORD
3980,B_WORD
3981,I_WORD
3982,I_WORD
3983,E_WORD
3984,B_WORD
3985,I_WORD
3986,I_WORD
3987,I_WORD
3988,I_WORD
3989,E_WORD
3991,B_WORD
3992,I_WORD
3993,I_WORD
3994,I_WORD
3995,E_WORD
3996,B_WORD
3997,I_WORD
3998,I_WORD
3999,I_WORD
4000,I_WORD
4001,E_WORD
4003,B_WORD
4004,I_WORD
4005,I_WORD
4006,I_WORD
4007,I_WORD
4008,E_WORD
4010,B_WORD
4011,I_WORD
4012,E_WORD
4013,B_WORD
4014,I_WORD
4015,I_WORD
4016,E_WORD
4017,B_WORD
4018,I_WORD
4019,I_WORD
4020,E_WORD
4021,B_WORD
4022,I_WORD
4023,E_WORD
4024,B_WORD
4025,I_WORD
4026,I_WORD
4027,E_WORD
4028,B_WORD
4029,I_WORD
4030,E_WORD
4031,B_WORD
4032,I_WORD
4033,E_WORD
4034,B_WORD
4035,E_WORD
4036,B_WORD
4037,I_WORD
4038,E_WORD
4039,B_WORD
4040,I_WORD
4041,E_WORD
4042,B_WORD
4043,I_WORD
4044,I_WORD
4045,I_WORD
4046,I_WORD
4047,E_WORD
4048,B_WORD
4049,I_WORD
4050,E_WORD
4051,B_WORD
4052,I_WORD
4053,I_WORD
4054,I_WORD
4055,E_WORD
4056,B_WORD
4057,I_WORD
4058,I_WORD
4059,I_WORD
4060,I_WORD
4061,I_WORD
4062,E_WORD
4063,B_WORD
4064,E_WORD
4065,B_WORD
4066,I_WORD
4067,I_WORD
4068,E_WORD
4069,B_WORD
4070,I_WORD
4071,E_WORD
4072,B_WORD
4073,I_WORD
4074,I_WORD
4075,I_WORD
4076,E_WORD
4078,B_WORD
4079,I_WORD
4080,I_WORD
4081,E_WORD
4082,B_WORD
4083,E_WORD
4084,B_WORD
4085,I_WORD
4086,I_WORD
4087,E_WORD
4088,B_WORD
4089,I_WORD
4090,I_WORD
4091,I_WORD
4092,I_WORD
4093,I_WORD
4094,E_WORD
4096,B_WORD
4097,I_WORD
4098,I_WORD
4099,E_WORD
4100,B_WORD
4101,I_WORD
4102,I_WORD
4103,I_WORD
4104,I_WORD
4105,I_WORD
4106,E_WORD
4107,B_WORD
4108,I_WORD
4109,I_WORD
4110,E_WORD
4112,B_WORD
4114,B_WORD
4115,I_WORD
4116,I_WORD
4117,E_WORD
4118,B_WORD
4119,I_WORD
4120,I_WORD
4121,I_WORD
4122,I_WORD
4123,I_WORD
4124,I_WORD
4125,E_WORD
4126,B_WORD
4127,I_WORD
4128,I_WORD
4129,I_WORD
4130,I_WORD
4131,E_WORD
4132,B_WORD
4133,I_WORD
4134,E_WORD
4135,B_WORD
4136,I_WORD
4137,E_WORD
4138,B_WORD
4139,I_WORD
4140,I_WORD
4141,E_WORD
4142,B_WORD
4143,I_WORD
4144,I_WORD
4145,I_WORD
4146,E_WORD
4148,B_WORD
4149,I_WORD
4150,I_WORD
4151,E_WORD
4153,B_WORD
4154,I_WORD
4155,I_WORD
4156,E_WORD
4157,B_WORD
4158,I_WORD
4159,E_WORD
4160,B_WORD
4161,I_WORD
4162,I_WORD
4163,I_WORD
4164,I_WORD
4165,I_WORD
4166,I_WORD
4167,I_WORD
4168,I_WORD
4169,I_WORD
4170,I_WORD
4171,I_WORD
4172,E_WORD
4173,B_WORD
4174,I_WORD
4175,I_WORD
4176,I_WORD
4177,I_WORD
4178,I_WORD
4179,I_WORD
4180,I_WORD
4181,E_WORD
4182,B_WORD
4183,E_WORD
4184,B_WORD
4185,I_WORD
4186,E_WORD
4187,B_WORD
4188,I_WORD
4189,E_WORD
4190,B_WORD
4191,I_WORD
4192,I_WORD
4193,E_WORD
4194,B_WORD
4195,I_WORD
4196,E_WORD
4197,B_WORD
4198,I_WORD
4199,E_WORD
4200,B_WORD
4201,I_WORD
4202,E_WORD
4204,B_WORD
4205,I_WORD
4206,I_WORD
4207,E_WORD
4209,B_WORD
4210,E_WORD
4211,B_WORD
4212,I_WORD
4213,E_WORD
4214,B_WORD
4215,I_WORD
4216,I_WORD
4217,I_WORD
4218,I_WORD
4219,I_WORD
4220,I_WORD
4221,I_WORD
4222,E_WORD
4223,B_WORD
4224,I_WORD
4225,I_WORD
4226,I_WORD
4227,I_WORD
4228,I_WORD
4229,E_WORD
4230,B_WORD
4231,E_WORD
4232,B_WORD
4233,I_WORD
4234,I_WORD
4235,I_WORD
4236,E_WORD
4237,B_WORD
4238,I_WORD
4239,I_WORD
4240,I_WORD
4241,I_WORD
4242,I_WORD
4243,I_WORD
4244,I_WORD
4245,I_WORD
4246,I_WORD
4247,E_WORD
4248,B_WORD
4249,I_WORD
4250,E_WORD
4251,B_WORD
4252,I_WORD
4253,E_WORD
4255,B_WORD
4256,I_WORD
4257,I_WORD
4258,E_WORD
4260,B_WORD
4261,I_WORD
4262,I_WORD
4263,I_WORD
4264,I_WORD
4265,I_WORD
4266,I_WORD
4267,E_WORD
4268,B_WORD
4269,I_WORD
4270,E_WORD
4271,B_WORD
4272,I_WORD
4273,I_WORD
4274,I_WORD
4275,I_WORD
4276,I_WORD
4277,E_WORD
4279,B_WORD
4280,I_WORD
4281,E_WORD
4282,B_WORD
4283,I_WORD
4284,I_WORD
4285,I_WORD
4286,E_WORD
4287,B_WORD
4288,I_WORD
4289,E_WORD
4290,B_WORD
4291,I_WORD
4292,I_WORD
4293,I_WORD
4294,I_WORD
4295,I_WORD
4296,E_WORD
4297,B_WORD
4298,I_WORD
4299,I_WORD
4300,E_WORD
4301,B_WORD
4302,E_WORD
4303,B_WORD
4304,I_WORD
4305,I_WORD
4306,E_WORD
4307,B_WORD
4308,I_WORD
4309,E_WORD
4311,B_WORD
4312,I_WORD
4313,E_WORD
4314,B_WORD
4315,I_WORD
4316,I_WORD
4317,I_WORD
4318,E_WORD
4319,B_WORD
4320,E_WORD
4321,B_WORD
4322,I_WORD
4323,I_WORD
4324,I_WORD
4325,I_WORD
4326,I_WORD
4327,E_WORD
4328,B_WORD
4329,I_WORD
4330,E_WORD
4331,B_WORD
4332,I_WORD
4333,E_WORD
4334,B_WORD
4335,I_WORD
4336,I_WORD
4337,I_WORD
4338,I_WORD
4339,E_WORD
4341,B_WORD
4342,I_WORD
4343,I_WORD
4344,I_WORD
4345,E_WORD
4346,B_WORD
4347,I_WORD
4348,I_WORD
4349,I_WORD
4350,I_WORD
4351,I_WORD
4352,E_WORD
4353,B_WORD
4354,I_WORD
4355,I_WORD
4356,E_WORD
4357,B_WORD
4358,I_WORD
4359,I_WORD
4360,E_WORD
4361,B_WORD
4362,I_WORD
4363,I_WORD
4364,I_WORD
4365,I_WORD
4366,E_WORD
4368,B_WORD
4369,E_WORD
4370,B_WORD
4371,I_WORD
4372,I_WORD
4373,I_WORD
4374,I_WORD
4375,I_WORD
4376,E_WORD
4378,B_WORD
4380,B_WORD
4381,I_WORD
4382,I_WORD
4383,E_WORD
4384,B_WORD
4385,I_WORD
4386,E_WORD
4387,B_WORD
4388,I_WORD
4389,I_WORD
4390,I_WORD
4391,E_WORD
4392,B_WORD
4393,I_WORD
4394,I_WORD
4395,I_WORD
4396,E_WORD
4397,B_WORD
4398,I_WORD
4399,I_WORD
4400,E_WORD
4401,B_WORD
4402,I_WORD
4403,I_WORD
4404,I_WORD
4405,I_WORD
4406,I_WORD
4407,I_WORD
4408,E_WORD
4409,B_WORD
4410,I_WORD
4411,I_WORD
4412,E_WORD
4413,B_WORD
4414,I_WORD
4415,I_WORD
4416,E_WORD
4418,B_WORD
4420,B_WORD
4421,I_WORD
4422,I_WORD
4423,I_WORD
4424,I_WORD
4425,E_WORD
4426,B_WORD
4427,I_WORD
4428,I_WORD
4429,I_WORD
4430,I_WORD
4431,E_WORD
4432,B_WORD
4433,I_WORD
4434,I_WORD
4435,I_WORD
4436,I_WORD
4437,I_WORD
4438,I_WORD
4439,I_WORD
4440,E_WORD
4441,B_WORD
4442,E_WORD
4443,B_WORD
4444,I_WORD
4445,I_WORD
4446,I_WORD
4447,I_WORD
4448,I_WORD
4449,I_WORD
4450,E_WORD
4451,B_WORD
4452,I_WORD
4453,E_WORD
4454,B_WORD
4455,I_WORD
4456,I_WORD
4457,I_WORD
4458,I_WORD
4459,E_WORD
4460,B_WORD
4461,I_WORD
4462,I_WORD
4463,E_WORD
4465,B_WORD
4466,I_WORD
4467,E_WORD
4468,B_WORD
4469,I_WORD
4470,I_WORD
4471,I_WORD
4472,I_WORD
4473,I_WORD
4474,E_WORD
4475,B_WORD
4476,I_WORD
4477,I_WORD
4478,I_WORD
4479,E_WORD
4480,B_WORD
4481,I_WORD
4482,E_WORD
4483,B_WORD
4484,E_WORD
4485,B_WORD
4486,E_WORD
4487,B_WORD
4488,I_WORD
4489,I_WORD
4490,I_WORD
4491,I_WORD
4492,E_WORD
4493,B_WORD
4494,I_WORD
4495,E_WORD
4496,B_WORD
4497,I_WORD
4498,I_WORD
4499,I_WORD
4500,E_WORD
4501,B_WORD
4502,E_WORD
4503,B_WORD
4504,I_WORD
4505,I_WORD
4506,E_WORD
4507,B_WORD
4508,I_WORD
4509,I_WORD
4510,E_WORD
4511,B_WORD
4512,I_WORD
4513,I_WORD
4514,I_WORD
4515,I_WORD
4516,E_WORD
4518,B_WORD
4520,B_WORD
4521,I_WORD
4522,I_WORD
4523,I_WORD
4524,I_WORD
4525,I_WORD
4526,E_WORD
4528,B_WORD
4529,I_WORD
4530,E_WORD
4531,B_WORD
4532,E_WORD
4533,B_WORD
4534,I_WORD
4535,I_WORD
4536,E_WORD
4537,B_WORD
4538,I_WORD
4539,I_WORD
4540,E_WORD
4541,B_WORD
4542,I_WORD
4543,I_WORD
4544,I_WORD
4545,E_WORD
4546,B_WORD
4547,I_WORD
4548,I_WORD
4549,I_WORD
4550,I_WORD
4551,E_WORD
4552,B_WORD
4553,I_WORD
4554,I_WORD
4555,I_WORD
4556,E_WORD
4557,B_WORD
4558,I_WORD
4559,I_WORD
4560,E_WORD
4561,B_WORD
4562,E_WORD
4564,B_WORD
4566,B_WORD
4567,E_WORD
4569,B_WORD
4570,I_WORD
4571,I_WORD
4572,I_WORD
4573,I_WORD
4574,I_WORD
4575,I_WORD
4576,I_WORD
4577,I_WORD
4578,E_WORD
4580,B_WORD
4581,E_WORD
4582,B_WORD
4583,B_WORD
4584,E_WORD
4586,B_WORD
4587,I_WORD
4588,E_WORD
4589,B_WORD
4590,I_WORD
4591,I_WORD
4592,I_WORD
4593,E_WORD
4595,B_WORD
4596,E_WORD
4597,B_WORD
4598,B_WORD
4599,E_WORD
4601,B_WORD
4602,I_WORD
4603,E_WORD
4604,B_WORD
4605,I_WORD
4606,I_WORD
4607,E_WORD
4609,B_WORD
4610,I_WORD
4611,E_WORD
4612,B_WORD
4613,I_WORD
4614,E_WORD
4615,B_WORD
4616,I_WORD
4617,I_WORD
4618,E_WORD
4619,B_WORD
4620,I_WORD
4621,I_WORD
4622,I_WORD
4623,I_WORD
4624,E_WORD
4626,B_WORD
4627,I_WORD
4628,I_WORD
4629,E_WORD
4630,B_WORD
4631,I_WORD
4632,I_WORD
4633,E_WORD
4634,B_WORD
4635,I_WORD
4636,I_WORD
4637,I_WORD
4638,I_WORD
4639,I_WORD
4640,E_WORD
4641,B_WORD
4642,I_WORD
4643,I_WORD
4644,I_WORD
4645,I_WORD
4646,I_WORD
4647,I_WORD
4648,I_WORD
4649,I_WORD
4650,E_WORD
4652,B_WORD
4653,E_WORD
4654,B_WORD
4655,B_WORD
4656,E_WORD
4658,B_WORD
4659,I_WORD
4660,I_WORD
4661,E_WORD
4663,B_WORD
4664,I_WORD
4665,I_WORD
4666,I_WORD
4667,E_WORD
4669,B_WORD
4670,E_WORD
4671,B_WORD
4672,B_WORD
4673,E_WORD
4675,B_WORD
4676,I_WORD
4677,I_WORD
4678,I_WORD
4679,E_WORD
4681,B_WORD
4682,I_WORD
4683,E_WORD
4685,B_WORD
4686,I_WORD
4687,E_WORD
4689,B_WORD
4690,I_WORD
4691,E_WORD
4693,B_WORD
4694,E_WORD
4695,B_WORD
4696,E_WORD
4697,B_WORD
4698,E_WORD
4700,B_WORD
4701,I_WORD
4702,I_WORD
4703,I_WORD
4704,E_WORD
4705,B_WORD
4706,I_WORD
4707,I_WORD
4708,I_WORD
4709,I_WORD
4710,I_WORD
4711,I_WORD
4712,I_WORD
4713,E_WORD
4714,B_WORD
4715,I_WORD
4716,I_WORD
4717,E_WORD
4718,B_WORD
4719,I_WORD
4720,I_WORD
4721,I_WORD
4722,I_WORD
4723,I_WORD
4724,I_WORD
4725,E_WORD
4726,B_WORD
4727,I_WORD
4728,E_WORD
4729,B_WORD
4730,E_WORD
4731,B_WORD
4732,I_WORD
4733,I_WORD
4734,I_WORD
4735,E_WORD
4736,B_WORD
4737,I_WORD
4738,E_WORD
4739,B_WORD
4740,I_WORD
4741,E_WORD
4742,B_WORD
4743,I_WORD
4744,E_WORD
4745,B_WORD
4746,I_WORD
4747,I_WORD
4748,I_WORD
4749,I_WORD
4750,I_WORD
4751,E_WORD
4752,B_WORD
4753,I_WORD
4754,E_WORD
4755,B_WORD
4756,I_WORD
4757,I_WORD
4758,I_WORD
4759,I_WORD
4760,E_WORD
4762,B_WORD
4763,I_WORD
4764,I_WORD
4765,I_WORD
4766,I_WORD
4767,I_WORD
4768,E_WORD
4769,B_WORD
4770,I_WORD
4771,I_WORD
4772,I_WORD
4773,I_WORD
4774,I_WORD
4775,I_WORD
4776,E_WORD
4777,B_WORD
4778,I_WORD
4779,I_WORD
4780,E_WORD
4782,B_WORD
4784,B_WORD
4785,I_WORD
4786,E_WORD
4787,B_WORD
4788,I_WORD
4789,I_WORD
4790,E_WORD
4791,B_WORD
4792,I_WORD
4793,I_WORD
4794,I_WORD
4795,I_WORD
4796,E_WORD
4797,B_WORD
4798,E_WORD
4799,B_WORD
4800,I_WORD
4801,I_WORD
4802,I_WORD
4803,E_WORD
4804,B_WORD
4805,I_WORD
4806,E_WORD
4807,B_WORD
4808,E_WORD
4809,B_WORD
4810,I_WORD
4811,I_WORD
4812,I_WORD
4813,E_WORD
4815,B_WORD
4816,I_WORD
4817,I_WORD
4818,I_WORD
4819,I_WORD
4820,E_WORD
4821,B_WORD
4822,I_WORD
4823,I_WORD
4824,E_WORD
4825,B_WORD
4826,I_WORD
4827,I_WORD
4828,E_WORD
4829,B_WORD
4830,I_WORD
4831,E_WORD
4833,B_WORD
4834,E_WORD
4835,B_WORD
4836,I_WORD
4837,I_WORD
4838,I_WORD
4839,I_WORD
4840,I_WORD
4841,I_WORD
4842,I_WORD
4843,E_WORD
4844,B_WORD
4845,I_WORD
4846,E_WORD
4847,B_WORD
4848,E_WORD
4849,B_WORD
4850,I_WORD
4851,I_WORD
4852,I_WORD
4853,I_WORD
4854,I_WORD
4855,I_WORD
4856,E_WORD
4857,B_WORD
4858,I_WORD
4859,E_WORD
4860,B_WORD
4861,I_WORD
4862,E_WORD
4863,B_WORD
4864,I_WORD
4865,I_WORD
4866,E_WORD
4867,B_WORD
4868,E_WORD
4870,B_WORD
4872,B_WORD
4873,I_WORD
4874,I_WORD
4875,I_WORD
4876,I_WORD
4877,I_WORD
4878,E_WORD
4880,B_WORD
4881,I_WORD
4882,E_WORD
4884,B_WORD
4885,B_WORD
4887,B_WORD
4888,I_WORD
4889,I_WORD
4890,E_WORD
4891,B_WORD
4892,I_WORD
4893,E_WORD
4895,B_WORD
4896,B_WORD
4898,B_WORD
4899,I_WORD
4900,I_WORD
4901,E_WORD
4902,B_WORD
4903,I_WORD
4904,I_WORD
4905,I_WORD
4906,E_WORD
4907,B_WORD
4908,I_WORD
4909,I_WORD
4910,I_WORD
4911,E_WORD
4912,B_WORD
4913,I_WORD
4914,I_WORD
4915,E_WORD
4916,B_WORD
4917,I_WORD
4918,I_WORD
4919,E_WORD
4921,B_WORD
4923,B_WORD
4924,I_WORD
4925,I_WORD
4926,E_WORD
4928,B_WORD
4929,I_WORD
4930,E_WORD
4932,B_WORD
4933,B_WORD
4935,B_WORD
4936,I_WORD
4937,I_WORD
4938,E_WORD
4939,B_WORD
4940,E_WORD
4941,B_WORD
4942,E_WORD
4943,B_WORD
4944,I_WORD
4945,I_WORD
4946,I_WORD
4947,I_WORD
4948,I_WORD
4949,I_WORD
4950,I_WORD
4951,E_WORD
4952,B_WORD
4953,E_WORD
4954,B_WORD
4955,I_WORD
4956,I_WORD
4957,E_WORD
4958,B_WORD
4959,I_WORD
4960,I_WORD
4961,I_WORD
4962,I_WORD
4963,I_WORD
4964,E_WORD
4965,B_WORD
4966,I_WORD
4967,I_WORD
4968,I_WORD
4969,I_WORD
4970,I_WORD
4971,I_WORD
4972,E_WORD
4974,B_WORD
4975,E_WORD
4976,B_WORD
4977,I_WORD
4978,E_WORD
4979,B_WORD
4980,E_WORD
4981,B_WORD
4982,I_WORD
4983,I_WORD
4984,I_WORD
4985,I_WORD
4986,E_WORD
4988,B_WORD
4990,B_WORD
4991,I_WORD
4992,I_WORD
4993,E_WORD
4994,B_WORD
4995,E_WORD
4996,B_WORD
4997,I_WORD
4998,I_WORD
4999,I_WORD
5000,I_WORD
5001,I_WORD
5002,I_WORD
5003,E_WORD
5004,B_WORD
5005,I_WORD
5006,I_WORD
5007,I_WORD
5008,I_WORD
5009,I_WORD
5010,I_WORD
5011,I_WORD
5012,I_WORD
5013,I_WORD
5014,I_WORD
5015,I_WORD
5016,E_WORD
5018,B_WORD
5020,B_WORD
5021,I_WORD
5022,I_WORD
5023,E_WORD
5024,B_WORD
5025,I_WORD
5026,I_WORD
5027,I_WORD
5028,E_WORD
5029,B_WORD
5030,I_WORD
5031,I_WORD
5032,I_WORD
5033,I_WORD
5034,E_WORD
5035,B_WORD
5036,I_WORD
5037,I_WORD
5038,I_WORD
5039,I_WORD
5040,I_WORD
5041,E_WORD
5042,B_WORD
5043,I_WORD
5044,I_WORD
5045,I_WORD
5046,I_WORD
5047,E_WORD
5049,B_WORD
5051,B_WORD
5052,I_WORD
5053,I_WORD
5054,I_WORD
5055,I_WORD
5056,I_WORD
5057,E_WORD
5058,B_WORD
5059,I_WORD
5060,E_WORD
5061,B_WORD
5062,I_WORD
5063,I_WORD
5064,E_WORD
5065,B_WORD
5066,E_WORD
5067,B_WORD
5068,I_WORD
5069,I_WORD
5070,I_WORD
5071,E_WORD
5072,B_WORD
5073,I_WORD
5074,I_WORD
5075,E_WORD
5076,B_WORD
5077,I_WORD
5078,I_WORD
5079,I_WORD
5080,I_WORD
5081,E_WORD
5083,B_WORD
5084,I_WORD
5085,I_WORD
5086,I_WORD
5087,E_WORD
5089,B_WORD
5090,E_WORD
5092,B_WORD
5093,E_WORD
5094,B_WORD
5095,B_WORD
5096,E_WORD
5098,B_WORD
5099,I_WORD
5100,I_WORD
5101,E_WORD
5103,B_WORD
5104,I_WORD
5105,I_WORD
5106,I_WORD
5107,E_WORD
5109,B_WORD
5110,I_WORD
5111,E_WORD
5113,B_WORD
5114,E_WORD
5115,B_WORD
5116,B_WORD
5117,E_WORD
5119,B_WORD
5120,I_WORD
5121,E_WORD
5122,B_WORD
5123,I_WORD
5124,I_WORD
5125,I_WORD
5126,E_WORD
5127,B_WORD
5128,I_WORD
5129,I_WORD
5130,I_WORD
5131,E_WORD
5132,B_WORD
5133,I_WORD
5134,E_WORD
5135,B_WORD
5136,I_WORD
5137,E_WORD
5138,B_WORD
5139,I_WORD
5140,I_WORD
5141,I_WORD
5142,I_WORD
5143,I_WORD
5144,E_WORD
5145,B_WORD
5146,I_WORD
5147,I_WORD
5148,I_WORD
5149,I_WORD
5150,I_WORD
5151,I_WORD
5152,E_WORD
5154,B_WORD
5155,I_WORD
5156,E_WORD
5158,B_WORD
5159,E_WORD
5160,B_WORD
5161,B_WORD
5162,E_WORD
5164,B_WORD
5165,I_WORD
5166,I_WORD
5167,E_WORD
5169,B_WORD
5170,I_WORD
5171,I_WORD
5172,I_WORD
5173,E_WORD
5175,B_WORD
5176,I_WORD
5177,I_WORD
5178,I_WORD
5179,I_WORD
5180,I_WORD
5181,I_WORD
5182,E_WORD
5184,B_WORD
5185,I_WORD
5186,I_WORD
5187,I_WORD
5188,I_WORD
5189,I_WORD
5190,I_WORD
5191,I_WORD
5192,E_WORD
5193,B_WORD
5194,I_WORD
5195,E_WORD
5196,B_WORD
5197,I_WORD
5198,I_WORD
5199,I_WORD
5200,I_WORD
5201,I_WORD
5202,E_WORD
5203,B_WORD
5204,I_WORD
5205,E_WORD
5207,B_WORD
5208,I_WORD
5209,I_WORD
5210,E_WORD
5211,B_WORD
5212,I_WORD
5213,I_WORD
5214,I_WORD
5215,I_WORD
5216,E_WORD
5217,B_WORD
5218,I_WORD
5219,E_WORD
5220,B_WORD
5221,I_WORD
5222,I_WORD
5223,I_WORD
5224,I_WORD
5225,I_WORD
5226,I_WORD
5227,I_WORD
5228,I_WORD
5229,E_WORD
5230,B_WORD
5231,I_WORD
5232,E_WORD
5233,B_WORD
5234,I_WORD
5235,I_WORD
5236,I_WORD
5237,I_WORD
5238,I_WORD
5239,I_WORD
5240,I_WORD
5241,E_WORD
5243,B_WORD
5244,I_WORD
5245,E_WORD
5246,B_WORD
5247,I_WORD
5248,E_WORD
5249,B_WORD
5250,I_WORD
5251,I_WORD
5252,E_WORD
5253,B_WORD
5254,I_WORD
5255,I_WORD
5256,I_WORD
5257,I_WORD
5258,I_WORD
5259,I_WORD
5260,I_WORD
5261,I_WORD
5262,E_WORD
5264,B_WORD
5265,I_WORD
5266,I_WORD
5267,E_WORD
5268,B_WORD
5269,I_WORD
5270,E_WORD
5271,B_WORD
5272,I_WORD
5273,I_WORD
5274,I_WORD
5275,I_WORD
5276,I_WORD
5277,I_WORD
5278,E_WORD
5279,B_WORD
5280,I_WORD
5281,I_WORD
5282,I_WORD
5283,I_WORD
5284,I_WORD
5285,I_WORD
5286,I_WORD
5287,I_WORD
5288,I_WORD
5289,I_WORD
5290,I_WORD
5291,E_WORD
5293,B_WORD
5294,I_WORD
5295,E_WORD
5296,B_WORD
5297,I_WORD
5298,E_WORD
5299,B_WORD
5300,I_WORD
5301,I_WORD
5302,E_WORD
5304,B_WORD
5305,I_WORD
5306,I_WORD
5307,I_WORD
5308,I_WORD
5309,I_WORD
5310,I_WORD
5311,I_WORD
5312,I_WORD
5313,I_WORD
5314,E_WORD
5315,B_WORD
5316,E_WORD
5317,B_WORD
5318,I_WORD
5319,I_WORD
5320,E_WORD
5321,B_WORD
5322,I_WORD
5323,E_WORD
5324,B_WORD
5325,I_WORD
5326,I_WORD
5327,I_WORD
5328,I_WORD
5329,I_WORD
5330,I_WORD
5331,E_WORD
5332,B_WORD
5333,I_WORD
5334,I_WORD
5335,E_WORD
5337,B_WORD
5339,B_WORD
5340,I_WORD
5341,I_WORD
5342,I_WORD
5343,I_WORD
5344,I_WORD
5345,I_WORD
5346,E_WORD
5347,B_WORD
5348,I_WORD
5349,I_WORD
5350,E_WORD
5352,B_WORD
5354,B_WORD
5355,I_WORD
5356,E_WORD
5357,B_WORD
5358,I_WORD
5359,I_WORD
5360,I_WORD
5361,I_WORD
5362,I_WORD
5363,E_WORD
5364,B_WORD
5365,I_WORD
5366,I_WORD
5367,I_WORD
5368,I_WORD
5369,I_WORD
5370,I_WORD
5371,I_WORD
5372,I_WORD
5373,I_WORD
5374,I_WORD
5375,E_WORD
5376,B_WORD
5377,I_WORD
5378,I_WORD
5379,E_WORD
5381,B_WORD
5382,I_WORD
5383,E_WORD
5384,B_WORD
5385,I_WORD
5386,E_WORD
5387,B_WORD
5388,I_WORD
5389,E_WORD
5390,B_WORD
5391,E_WORD
5392,B_WORD
5393,I_WORD
5394,I_WORD
5395,E_WORD
5396,B_WORD
5397,I_WORD
5398,I_WORD
5399,I_WORD
5400,I_WORD
5401,I_WORD
5402,I_WORD
5403,E_WORD
5405,B_WORD
5406,I_WORD
5407,I_WORD
5408,I_WORD
5409,E_WORD
5410,B_WORD
5411,I_WORD
5412,I_WORD
5413,I_WORD
5414,I_WORD
5415,I_WORD
5416,I_WORD
5417,I_WORD
5418,E_WORD
5419,B_WORD
5420,I_WORD
5421,I_WORD
5422,I_WORD
5423,I_WORD
5424,I_WORD
5425,I_WORD
5426,I_WORD
5427,I_WORD
5428,E_WORD
5429,B_WORD
5430,I_WORD
5431,I_WORD
5432,I_WORD
5433,I_WORD
5434,E_WORD
5435,B_WORD
5436,I_WORD
5437,I_WORD
5438,I_WORD
5439,I_WORD
5440,E_WORD
5442,B_WORD
5444,B_WORD
5445,E_WORD
5446,B_WORD
5447,I_WORD
5448,I_WORD
5449,E_WORD
5451,B_WORD
5453,B_WORD
5454,I_WORD
5455,E_WORD
5457,B_WORD
5459,B_WORD
5460,I_WORD
5461,I_WORD
5462,I_WORD
5463,I_WORD
5464,I_WORD
5465,E_WORD
5467,B_WORD
5468,I_WORD
5469,I_WORD
5470,E_WORD
5471,B_WORD
5472,I_WORD
5473,I_WORD
5474,I_WORD
5475,I_WORD
5476,I_WORD
5477,E_WORD
5479,B_WORD
5480,I_WORD
5481,I_WORD
5482,I_WORD
5483,E_WORD
5484,B_WORD
5485,I_WORD
5486,I_WORD
5487,E_WORD
5488,B_WORD
5489,I_WORD
5490,E_WORD
5491,B_WORD
5492,I_WORD
5493,E_WORD
5495,B_WORD
5497,B_WORD
5498,E_WORD
5499,B_WORD
5500,B_WORD
5501,E_WORD
5503,B_WORD
5504,I_WORD
5505,I_WORD
5506,E_WORD
5508,B_WORD
5509,I_WORD
5510,I_WORD
5511,I_WORD
5512,E_WORD
5514,B_WORD
5515,I_WORD
5516,I_WORD
5517,I_WORD
5518,E_WORD
5520,B_WORD
5521,I_WORD
5522,E_WORD
5523,B_WORD
5524,I_WORD
5525,E_WORD
5526,B_WORD
5527,I_WORD
5528,I_WORD
5529,E_WORD
5530,B_WORD
5531,E_WORD
5532,B_WORD
5533,I_WORD
5534,E_WORD
5535,B_WORD
5536,I_WORD
5537,I_WORD
5538,E_WORD
5539,B_WORD
5540,I_WORD
5541,I_WORD
5542,I_WORD
5543,I_WORD
5544,I_WORD
5545,I_WORD
5546,I_WORD
5547,I_WORD
5548,E_WORD
5549,B_WORD
5550,I_WORD
5551,E_WORD
5553,B_WORD
5554,I_WORD
5555,I_WORD
5556,E_WORD
5557,B_WORD
5558,I_WORD
5559,E_WORD
5560,B_WORD
5561,I_WORD
5562,I_WORD
5563,I_WORD
5564,I_WORD
5565,I_WORD
5566,I_WORD
5567,I_WORD
5568,E_WORD
5570,B_WORD
5571,I_WORD
5572,I_WORD
5573,I_WORD
5574,I_WORD
5575,I_WORD
5576,I_WORD
5577,I_WORD
5578,E_WORD
5579,B_WORD
5580,I_WORD
5581,E_WORD
5582,B_WORD
5583,I_WORD
5584,E_WORD
5585,B_WORD
5586,I_WORD
5587,E_WORD
5588,B_WORD
5589,I_WORD
5590,I_WORD
5591,I_WORD
5592,E_WORD
5593,B_WORD
5594,I_WORD
5595,I_WORD
5596,I_WORD
5597,I_WORD
5598,I_WORD
5599,I_WORD
5600,I_WORD
5601,I_WORD
5602,I_WORD
5603,E_WORD
5604,B_WORD
5605,I_WORD
5606,I_WORD
5607,I_WORD
5608,I_WORD
5609,I_WORD
5610,I_WORD
5611,E_WORD
5613,B_WORD
5614,I_WORD
5615,I_WORD
5616,E_WORD
5617,B_WORD
5618,E_WORD
5619,B_WORD
5620,I_WORD
5621,E_WORD
5622,B_WORD
5623,E_WORD
5624,B_WORD
5625,I_WORD
5626,E_WORD
5627,B_WORD
5628,I_WORD
5629,I_WORD
5630,I_WORD
5631,I_WORD
5632,I_WORD
5633,I_WORD
5634,E_WORD
5635,B_WORD
5636,I_WORD
5637,I_WORD
5638,I_WORD
5639,I_WORD
5640,I_WORD
5641,I_WORD
5642,I_WORD
5643,E_WORD
5645,B_WORD
5646,I_WORD
5647,E_WORD
5648,B_WORD
5649,I_WORD
5650,I_WORD
5651,E_WORD
5652,B_WORD
5653,I_WORD
5654,E_WORD
5655,B_WORD
5656,I_WORD
5657,I_WORD
5658,I_WORD
5659,I_WORD
5660,I_WORD
5661,I_WORD
5662,E_WORD
5663,B_WORD
5664,E_WORD
5665,B_WORD
5666,I_WORD
5667,I_WORD
5668,E_WORD
5669,B_WORD
5670,I_WORD
5671,I_WORD
5672,I_WORD
5673,I_WORD
5674,I_WORD
5675,I_WORD
5676,I_WORD
5677,I_WORD
5678,I_WORD
5679,E_WORD
5681,B_WORD
5682,I_WORD
5683,I_WORD
5684,E_WORD
5685,B_WORD
5686,I_WORD
5687,E_WORD
5688,B_WORD
5689,I_WORD
5690,I_WORD
5691,I_WORD
5692,I_WORD
5693,I_WORD
5694,I_WORD
5695,I_WORD
5696,I_WORD
5697,I_WORD
5698,E_WORD
5699,B_WORD
5700,I_WORD
5701,I_WORD
5702,I_WORD
5703,E_WORD
5704,B_WORD
5705,I_WORD
5706,E_WORD
5708,B_WORD
5709,I_WORD
5710,E_WORD
5711,B_WORD
5712,I_WORD
5713,I_WORD
5714,I_WORD
5715,I_WORD
5716,I_WORD
5717,I_WORD
5718,I_WORD
5719,I_WORD
5720,E_WORD
5722,B_WORD
5723,I_WORD
5724,E_WORD
5725,B_WORD
5726,I_WORD
5727,I_WORD
5728,I_WORD
5729,I_WORD
5730,I_WORD
5731,I_WORD
5732,I_WORD
5733,I_WORD
5734,I_WORD
5735,E_WORD
5736,B_WORD
5737,I_WORD
5738,I_WORD
5739,I_WORD
5740,E_WORD
5741,B_WORD
5742,I_WORD
5743,E_WORD
5744,B_WORD
5745,I_WORD
5746,I_WORD
5747,E_WORD
5749,B_WORD
5750,I_WORD
5751,E_WORD
5752,B_WORD
5753,E_WORD
5754,B_WORD
5755,I_WORD
5756,I_WORD
5757,I_WORD
5758,I_WORD
5759,I_WORD
5760,I_WORD
5761,I_WORD
5762,E_WORD
5763,B_WORD
5764,I_WORD
5765,E_WORD
5766,B_WORD
5767,E_WORD
5768,B_WORD
5769,E_WORD
5770,B_WORD
5771,I_WORD
5772,I_WORD
5773,I_WORD
5774,I_WORD
5775,I_WORD
5776,E_WORD
5777,B_WORD
5778,I_WORD
5779,I_WORD
5780,E_WORD
5781,B_WORD
5782,I_WORD
5783,I_WORD
5784,I_WORD
5785,I_WORD
5786,I_WORD
5787,E_WORD
5788,B_WORD
5789,I_WORD
5790,E_WORD
5791,B_WORD
5792,I_WORD
5793,E_WORD
5795,B_WORD
5796,I_WORD
5797,I_WORD
5798,I_WORD
5799,I_WORD
5800,I_WORD
5801,I_WORD
5802,I_WORD
5803,E_WORD
5804,B_WORD
5805,I_WORD
5806,I_WORD
5807,I_WORD
5808,I_WORD
5809,E_WORD
5810,B_WORD
5811,I_WORD
5812,E_WORD
5813,B_WORD
5814,E_WORD
5815,B_WORD
5816,I_WORD
5817,I_WORD
5818,E_WORD
5819,B_WORD
5820,I_WORD
5821,I_WORD
5822,I_WORD
5823,I_WORD
5824,I_WORD
5825,I_WORD
5826,I_WORD
5827,E_WORD
5829,B_WORD
5830,I_WORD
5831,I_WORD
5832,E_WORD
5833,B_WORD
5834,I_WORD
5835,E_WORD
5836,B_WORD
5837,I_WORD
5838,I_WORD
5839,I_WORD
5840,I_WORD
5841,E_WORD
5842,B_WORD
5843,E_WORD
5844,B_WORD
5845,I_WORD
5846,I_WORD
5847,I_WORD
5848,E_WORD
5849,B_WORD
5850,I_WORD
5851,E_WORD
5852,B_WORD
5853,I_WORD
5854,I_WORD
5855,I_WORD
5856,I_WORD
5857,E_WORD
5859,B_WORD
5860,I_WORD
5861,I_WORD
5862,I_WORD
5863,I_WORD
5864,I_WORD
5865,I_WORD
5866,I_WORD
5867,I_WORD
5868,I_WORD
5869,E_WORD
5870,B_WORD
5871,I_WORD
5872,I_WORD
5873,I_WORD
5874,I_WORD
5875,E_WORD
5876,B_WORD
5877,I_WORD
5878,E_WORD
5879,B_WORD
5880,E_WORD
5881,B_WORD
5882,I_WORD
5883,E_WORD
5884,B_WORD
5885,I_WORD
5886,E_WORD
5888,B_WORD
5889,I_WORD
5890,E_WORD
5891,B_WORD
5892,I_WORD
5893,I_WORD
5894,E_WORD
5895,B_WORD
5896,I_WORD
5897,I_WORD
5898,I_WORD
5899,E_WORD
5900,B_WORD
5901,E_WORD
5902,B_WORD
5903,I_WORD
5904,I_WORD
5905,I_WORD
5906,E_WORD
5907,B_WORD
5908,E_WORD
5909,B_WORD
5910,I_WORD
5911,E_WORD
5913,B_WORD
5914,E_WORD
5915,B_WORD
5916,E_WORD
5917,B_WORD
5918,I_WORD
5919,I_WORD
5920,E_WORD
5921,B_WORD
5922,I_WORD
5923,E_WORD
5924,B_WORD
5925,I_WORD
5926,I_WORD
5927,I_WORD
5928,E_WORD
5929,B_WORD
5930,E_WORD
5932,B_WORD
5933,E_WORD
5934,B_WORD
5935,B_WORD
5936,E_WORD
5938,B_WORD
5939,I_WORD
5940,E_WORD
5941,B_WORD
5942,I_WORD
5943,I_WORD
5944,I_WORD
5945,E_WORD
5946,B_WORD
5947,I_WORD
5948,I_WORD
5949,I_WORD
5950,I_WORD
5951,I_WORD
5952,I_WORD
5953,E_WORD
5955,B_WORD
5956,I_WORD
5957,I_WORD
5958,I_WORD
5959,I_WORD
5960,I_WORD
5961,I_WORD
5962,I_WORD
5963,E_WORD
5964,B_WORD
5965,I_WORD
5966,I_WORD
5967,I_WORD
5968,I_WORD
5969,I_WORD
5970,I_WORD
5971,I_WORD
5972,I_WORD
5973,I_WORD
5974,E_WORD
5976,B_WORD
5977,E_WORD
5978,B_WORD
5979,I_WORD
5980,E_WORD
5981,B_WORD
5982,I_WORD
5983,I_WORD
5984,E_WORD
5985,B_WORD
5986,I_WORD
5987,E_WORD
5988,B_WORD
5989,I_WORD
5990,I_WORD
5991,I_WORD
5992,I_WORD
5993,I_WORD
5994,I_WORD
5995,I_WORD
5996,I_WORD
5997,E_WORD
5998,B_WORD
5999,I_WORD
6000,E_WORD
6001,B_WORD
6002,I_WORD
6003,I_WORD
6004,I_WORD
6005,E_WORD
6006,B_WORD
6007,I_WORD
6008,I_WORD
6009,E_WORD
6011,B_WORD
6012,I_WORD
6013,E_WORD
6014,B_WORD
6015,I_WORD
6016,E_WORD
6017,B_WORD
6018,E_WORD
6019,B_WORD
6020,I_WORD
6021,E_WORD
6022,B_WORD
6023,I_WORD
6024,E_WORD
6025,B_WORD
6026,I_WORD
6027,I_WORD
6028,I_WORD
6029,I_WORD
6030,I_WORD
6031,I_WORD
6032,I_WORD
6033,I_WORD
6034,E_WORD
6036,B_WORD
6037,I_WORD
6038,E_WORD
6039,B_WORD
6040,I_WORD
6041,E_WORD
6042,B_WORD
6043,I_WORD
6044,I_WORD
6045,I_WORD
6046,E_WORD
6048,B_WORD
6049,I_WORD
6050,I_WORD
6051,E_WORD
6052,B_WORD
6053,I_WORD
6054,I_WORD
6055,I_WORD
6056,I_WORD
6057,E_WORD
6058,B_WORD
6059,I_WORD
6060,E_WORD
6061,B_WORD
6062,E_WORD
6063,B_WORD
6064,I_WORD
6065,I_WORD
6066,E_WORD
6067,B_WORD
6068,I_WORD
6069,E_WORD
6070,B_WORD
6071,I_WORD
6072,I_WORD
6073,I_WORD
6074,I_WORD
6075,E_WORD
6077,B_WORD
6078,I_WORD
6079,I_WORD
6080,E_WORD
6081,B_WORD
6082,I_WORD
6083,E_WORD
6084,B_WORD
6085,I_WORD
6086,E_WORD
6087,B_WORD
6088,E_WORD
6089,B_WORD
6090,I_WORD
6091,I_WORD
6092,E_WORD
6094,B_WORD
6095,I_WORD
6096,I_WORD
6097,I_WORD
6098,E_WORD
6099,B_WORD
6100,I_WORD
6101,E_WORD
6102,B_WORD
6103,I_WORD
6104,E_WORD
6106,B_WORD
6107,I_WORD
6108,I_WORD
6109,I_WORD
6110,I_WORD
6111,E_WORD
6112,B_WORD
6113,I_WORD
6114,I_WORD
6115,I_WORD
6116,I_WORD
6117,I_WORD
6118,I_WORD
6119,E_WORD
6120,B_WORD
6121,I_WORD
6122,I_WORD
6123,I_WORD
6124,E_WORD
6125,B_WORD
6126,E_WORD
6128,B_WORD
6129,I_WORD
6130,I_WORD
6131,E_WORD
6133,B_WORD
6134,I_WORD
6135,E_WORD
6136,B_WORD
6137,E_WORD
6138,B_WORD
6139,E_WORD
6140,B_WORD
6141,I_WORD
6142,I_WORD
6143,I_WORD
6144,E_WORD
6145,B_WORD
6146,I_WORD
6147,I_WORD
6148,I_WORD
6149,I_WORD
6150,I_WORD
6151,E_WORD
6153,B_WORD
6154,I_WORD
6155,E_WORD
6157,B_WORD
6158,I_WORD
6159,E_WORD
6161,B_WORD
6162,I_WORD
6163,I_WORD
6164,I_WORD
6165,I_WORD
6166,I_WORD
6167,I_WORD
6168,E_WORD
6170,B_WORD
6171,I_WORD
6172,I_WORD
6173,E_WORD
6174,B_WORD
6175,I_WORD
6176,I_WORD
6177,I_WORD
6178,E_WORD
6180,B_WORD
6181,I_WORD
6182,E_WORD
6183,B_WORD
6184,I_WORD
6185,E_WORD
6186,B_WORD
6187,I_WORD
6188,E_WORD
6189,B_WORD
6190,I_WORD
6191,E_WORD
6193,B_WORD
6194,I_WORD
6195,I_WORD
6196,I_WORD
6197,I_WORD
6198,I_WORD
6199,I_WORD
6200,E_WORD
6201,B_WORD
6202,I_WORD
6203,I_WORD
6204,I_WORD
6205,I_WORD
6206,I_WORD
6207,I_WORD
6208,E_WORD
6209,B_WORD
6210,I_WORD
6211,I_WORD
6212,I_WORD
6213,I_WORD
6214,I_WORD
6215,E_WORD
6216,B_WORD
6217,I_WORD
6218,I_WORD
6219,I_WORD
6220,I_WORD
6221,I_WORD
6222,E_WORD
6224,B_WORD
6225,E_WORD
6226,B_WORD
6227,B_WORD
6228,E_WORD
6230,B_WORD
6231,I_WORD
6232,E_WORD
6233,B_WORD
6234,I_WORD
6235,I_WORD
6236,I_WORD
6237,E_WORD
6238,B_WORD
6239,I_WORD
6240,E_WORD
6242,B_WORD
6243,I_WORD
6244,E_WORD
6245,B_WORD
6246,I_WORD
6247,E_WORD
6248,B_WORD
6249,I_WORD
6250,I_WORD
6251,I_WORD
6252,I_WORD
6253,I_WORD
6254,E_WORD
6256,B_WORD
6257,I_WORD
6258,E_WORD
6259,B_WORD
6260,I_WORD
6261,I_WORD
6262,E_WORD
6263,B_WORD
6264,I_WORD
6265,E_WORD
6267,B_WORD
6268,I_WORD
6269,I_WORD
6270,I_WORD
6271,I_WORD
6272,I_WORD
6273,I_WORD
6274,I_WORD
6275,I_WORD
6276,I_WORD
6277,E_WORD
6279,B_WORD
6280,I_WORD
6281,E_WORD
6282,B_WORD
6283,I_WORD
6284,E_WORD
6285,B_WORD
6286,I_WORD
6287,E_WORD
6288,B_WORD
6289,I_WORD
6290,I_WORD
6291,I_WORD
6292,I_WORD
6293,I_WORD
6294,E_WORD
6295,B_WORD
6296,I_WORD
6297,I_WORD
6298,I_WORD
6299,E_WORD
6300,B_WORD
6301,E_WORD
6302,B_WORD
6303,I_WORD
6304,I_WORD
6305,E_WORD
6306,B_WORD
6307,I_WORD
6308,I_WORD
6309,I_WORD
6310,I_WORD
6311,E_WORD
6312,B_WORD
6313,I_WORD
6314,I_WORD
6315,I_WORD
6316,I_WORD
6317,I_WORD
6318,I_WORD
6319,E_WORD
6321,B_WORD
6322,I_WORD
6323,I_WORD
6324,I_WORD
6325,E_WORD
6326,B_WORD
6327,I_WORD
6328,I_WORD
6329,E_WORD
6330,B_WORD
6331,E_WORD
6332,B_WORD
6333,I_WORD
6334,I_WORD
6335,E_WORD
6336,B_WORD
6337,I_WORD
6338,E_WORD
6339,B_WORD
6340,I_WORD
6341,E_WORD
6342,B_WORD
6343,I_WORD
6344,I_WORD
6345,I_WORD
6346,I_WORD
6347,E_WORD
6348,B_WORD
6349,I_WORD
6350,I_WORD
6351,I_WORD
6352,E_WORD
6353,B_WORD
6354,I_WORD
6355,I_WORD
6356,E_WORD
6357,B_WORD
6358,I_WORD
6359,I_WORD
6360,E_WORD
6361,B_WORD
6362,I_WORD
6363,I_WORD
6364,I_WORD
6365,I_WORD
6366,I_WORD
6367,E_WORD
6369,B_WORD
6370,I_WORD
6371,E_WORD
6372,B_WORD
6373,I_WORD
6374,E_WORD
6375,B_WORD
6376,I_WORD
6377,E_WORD
6378,B_WORD
6379,E_WORD
6380,B_WORD
6381,I_WORD
6382,I_WORD
6383,E_WORD
6385,B_WORD
6386,I_WORD
6387,E_WORD
6388,B_WORD
6389,I_WORD
6390,I_WORD
6391,I_WORD
6392,I_WORD
6393,I_WORD
6394,E_WORD
6395,B_WORD
6396,I_WORD
6397,I_WORD
6398,I_WORD
6399,I_WORD
6400,I_WORD
6401,E_WORD
6402,B_WORD
6403,I_WORD
6404,E_WORD
6405,B_WORD
6406,I_WORD
6407,E_WORD
6409,B_WORD
6410,I_WORD
6411,E_WORD
6412,B_WORD
6413,E_WORD
6414,B_WORD
6415,I_WORD
6416,I_WORD
6417,I_WORD
6418,I_WORD
6419,E_WORD
6420,B_WORD
6421,I_WORD
6422,I_WORD
6423,I_WORD
6424,I_WORD
6425,I_WORD
6426,I_WORD
6427,E_WORD
6429,B_WORD
6430,I_WORD
6431,I_WORD
6432,E_WORD
6433,B_WORD
6434,E_WORD
6435,B_WORD
6436,E_WORD
6437,B_WORD
6438,I_WORD
6439,I_WORD
6440,I_WORD
6441,E_WORD
6442,B_WORD
6443,E_WORD
6444,B_WORD
6445,I_WORD
6446,I_WORD
6447,E_WORD
6448,B_WORD
6449,I_WORD
6450,I_WORD
6451,I_WORD
6452,I_WORD
6453,E_WORD
6455,B_WORD
6456,I_WORD
6457,E_WORD
6458,B_WORD
6459,E_WORD
6460,B_WORD
6461,I_WORD
6462,I_WORD
6463,I_WORD
6464,E_WORD
6465,B_WORD
6466,I_WORD
6467,I_WORD
6468,E_WORD
6469,B_WORD
6470,I_WORD
6471,I_WORD
6472,I_WORD
6473,I_WORD
6474,I_WORD
6475,E_WORD
6477,B_WORD
6478,I_WORD
6479,I_WORD
6480,I_WORD
6481,I_WORD
6482,E_WORD
6483,B_WORD
6484,I_WORD
6485,I_WORD
6486,E_WORD
6488,B_WORD
6489,I_WORD
6490,I_WORD
6491,I_WORD
6492,I_WORD
6493,I_WORD
6494,E_WORD
6495,B_WORD
6496,I_WORD
6497,I_WORD
6498,I_WORD
6499,I_WORD
6500,I_WORD
6501,I_WORD
6502,E_WORD
6503,B_WORD
6504,I_WORD
6505,I_WORD
6506,I_WORD
6507,E_WORD
6509,B_WORD
6510,E_WORD
6511,B_WORD
6512,B_WORD
6513,E_WORD
6515,B_WORD
6516,I_WORD
6517,I_WORD
6518,E_WORD
6520,B_WORD
6521,I_WORD
6522,I_WORD
6523,I_WORD
6524,E_WORD
6525,B_WORD
6526,I_WORD
6527,E_WORD
6528,B_WORD
6529,I_WORD
6530,E_WORD
6531,B_WORD
6532,I_WORD
6533,E_WORD
6534,B_WORD
6535,I_WORD
6536,I_WORD
6537,I_WORD
6538,I_WORD
6539,I_WORD
6540,E_WORD
6541,B_WORD
6542,I_WORD
6543,I_WORD
6544,E_WORD
6545,B_WORD
6546,I_WORD
6547,I_WORD
6548,I_WORD
6549,I_WORD
6550,E_WORD
6551,B_WORD
6552,I_WORD
6553,I_WORD
6554,I_WORD
6555,I_WORD
6556,I_WORD
6557,E_WORD
6559,B_WORD
6560,I_WORD
6561,I_WORD
6562,I_WORD
6563,I_WORD
6564,E_WORD
6566,B_WORD
6567,E_WORD
6568,B_WORD
6569,B_WORD
6570,E_WORD
6572,B_WORD
6573,I_WORD
6574,E_WORD
6575,B_WORD
6576,I_WORD
6577,I_WORD
6578,I_WORD
6579,E_WORD
6580,B_WORD
6581,I_WORD
6582,I_WORD
6583,I_WORD
6584,E_WORD
6585,B_WORD
6586,I_WORD
6587,E_WORD
6588,B_WORD
6589,I_WORD
6590,I_WORD
6591,I_WORD
6592,I_WORD
6593,I_WORD
6594,E_WORD
6595,B_WORD
6596,I_WORD
6597,E_WORD
6598,B_WORD
6599,I_WORD
6600,I_WORD
6601,I_WORD
6602,I_WORD
6603,E_WORD
6604,B_WORD
6605,I_WORD
6606,E_WORD
6607,B_WORD
6608,E_WORD
6609,B_WORD
6610,I_WORD
6611,I_WORD
6612,I_WORD
6613,I_WORD
6614,I_WORD
6615,I_WORD
6616,I_WORD
6617,I_WORD
6618,E_WORD
6620,B_WORD
6621,I_WORD
6622,I_WORD
6623,E_WORD
6624,B_WORD
6625,I_WORD
6626,E_WORD
6627,B_WORD
6628,I_WORD
6629,I_WORD
6630,E_WORD
6631,B_WORD
6632,I_WORD
6633,E_WORD
6634,B_WORD
6635,I_WORD
6636,E_WORD
6637,B_WORD
6638,I_WORD
6639,I_WORD
6640,I_WORD
6641,I_WORD
6642,I_WORD
6643,I_WORD
6644,I_WORD
6645,E_WORD
6646,B_WORD
6647,I_WORD
6648,E_WORD
6649,B_WORD
6650,I_WORD
6651,I_WORD
6652,I_WORD
6653,I_WORD
6654,E_WORD
6656,B_WORD
6657,I_WORD
6658,E_WORD
6659,B_WORD
6660,I_WORD
6661,I_WORD
6662,E_WORD
6663,B_WORD
6664,I_WORD
6665,I_WORD
6666,I_WORD
6667,I_WORD
6668,E_WORD
6670,B_WORD
6671,E_WORD
6672,B_WORD
6673,I_WORD
6674,I_WORD
6675,I_WORD
6676,I_WORD
6677,E_WORD
6679,B_WORD
6680,I_WORD
6681,I_WORD
6682,E_WORD
6683,B_WORD
6684,I_WORD
6685,I_WORD
6686,I_WORD
6687,I_WORD
6688,I_WORD
6689,E_WORD
6690,B_WORD
6691,I_WORD
6692,I_WORD
6693,I_WORD
6694,I_WORD
6695,I_WORD
6696,I_WORD
6697,I_WORD
6698,I_WORD
6699,I_WORD
6700,I_WORD
6701,I_WORD
6702,E_WORD
6704,B_WORD
6705,I_WORD
6706,I_WORD
6707,I_WORD
6708,I_WORD
6709,E_WORD
6710,B_WORD
6711,I_WORD
6712,I_WORD
6713,I_WORD
6714,E_WORD
6715,B_WORD
6716,I_WORD
6717,I_WORD
6718,I_WORD
6719,I_WORD
6720,I_WORD
6721,I_WORD
6722,E_WORD
6723,B_WORD
6724,I_WORD
6725,I_WORD
6726,I_WORD
6727,I_WORD
6728,I_WORD
6729,I_WORD
6730,I_WORD
6731,E_WORD
6732,B_WORD
6733,I_WORD
6734,I_WORD
6735,I_WORD
6736,I_WORD
6737,I_WORD
6738,I_WORD
6739,I_WORD
6740,E_WORD
6741,B_WORD
6742,I_WORD
6743,E_WORD
6744,B_WORD
6745,E_WORD
6746,B_WORD
6747,I_WORD
6748,I_WORD
6749,E_WORD
6751,B_WORD
6752,I_WORD
6753,E_WORD
6754,B_WORD
6755,I_WORD
6756,E_WORD
6758,B_WORD
6760,B_WORD
6761,I_WORD
6762,I_WORD
6763,I_WORD
6764,I_WORD
6765,I_WORD
6766,E_WORD
6768,B_WORD
6769,I_WORD
6770,E_WORD
6771,B_WORD
6772,I_WORD
6773,I_WORD
6774,E_WORD
6775,B_WORD
6776,I_WORD
6777,E_WORD
6778,B_WORD
6779,I_WORD
6780,E_WORD
6781,B_WORD
6782,I_WORD
6783,E_WORD
6785,B_WORD
6786,E_WORD
6787,B_WORD
6788,I_WORD
6789,I_WORD
6790,I_WORD
6791,I_WORD
6792,I_WORD
6793,I_WORD
6794,I_WORD
6795,E_WORD
6796,B_WORD
6797,I_WORD
6798,I_WORD
6799,I_WORD
6800,I_WORD
6801,I_WORD
6802,I_WORD
6803,I_WORD
6804,E_WORD
6805,B_WORD
6806,I_WORD
6807,I_WORD
6808,I_WORD
6809,E_WORD
6810,B_WORD
6811,I_WORD
6812,I_WORD
6813,I_WORD
6814,I_WORD
6815,I_WORD
6816,I_WORD
6817,E_WORD
6818,B_WORD
6819,I_WORD
6820,I_WORD
6821,I_WORD
6822,I_WORD
6823,I_WORD
6824,I_WORD
6825,I_WORD
6826,I_WORD
6827,I_WORD
6828,E_WORD
6829,B_WORD
6830,I_WORD
6831,I_WORD
6832,I_WORD
6833,I_WORD
6834,E_WORD
6835,B_WORD
6836,I_WORD
6837,E_WORD
6838,B_WORD
6839,I_WORD
6840,E_WORD
6841,B_WORD
6842,I_WORD
6843,I_WORD
6844,I_WORD
6845,E_WORD
6847,B_WORD
6848,I_WORD
6849,E_WORD
6850,B_WORD
6851,I_WORD
6852,I_WORD
6853,I_WORD
6854,E_WORD
6855,B_WORD
6856,I_WORD
6857,I_WORD
6858,I_WORD
6859,E_WORD
6860,B_WORD
6861,I_WORD
6862,E_WORD
6864,B_WORD
6865,I_WORD
6866,I_WORD
6867,I_WORD
6868,I_WORD
6869,E_WORD
6870,B_WORD
6871,I_WORD
6872,I_WORD
6873,I_WORD
6874,E_WORD
6875,B_WORD
6876,E_WORD
6877,B_WORD
6878,B_WORD
6879,I_WORD
6880,I_WORD
6881,E_WORD
6882,B_WORD
6883,I_WORD
6884,I_WORD
6885,I_WORD
6886,I_WORD
6887,I_WORD
6888,I_WORD
6889,I_WORD
6890,I_WORD
6891,I_WORD
6892,I_WORD
6893,I_WORD
6894,E_WORD
6895,B_WORD
6896,I_WORD
6897,E_WORD
6898,B_WORD
6899,E_WORD
6900,B_WORD
6901,I_WORD
6902,I_WORD
6903,E_WORD
6904,B_WORD
6905,I_WORD
6906,I_WORD
6907,I_WORD
6908,I_WORD
6909,I_WORD
6910,E_WORD
6911,B_WORD
6912,I_WORD
6913,E_WORD
6915,B_WORD
6916,E_WORD
6917,B_WORD
6918,I_WORD
6919,I_WORD
6920,I_WORD
6921,I_WORD
6922,I_WORD
6923,I_WORD
6924,I_WORD
6925,E_WORD
6926,B_WORD
6927,I_WORD
6928,I_WORD
6929,I_WORD
6930,I_WORD
6931,I_WORD
6932,I_WORD
6933,E_WORD
6934,B_WORD
6935,E_WORD
6936,B_WORD
6937,I_WORD
6938,E_WORD
6939,B_WORD
6940,I_WORD
6941,E_WORD
6942,B_WORD
6943,I_WORD
6944,I_WORD
6945,E_WORD
6946,B_WORD
6947,I_WORD
6948,I_WORD
6949,I_WORD
6950,I_WORD
6951,E_WORD
6953,B_WORD
6954,I_WORD
6955,I_WORD
6956,I_WORD
6957,E_WORD
6958,B_WORD
6959,I_WORD
6960,I_WORD
6961,E_WORD
6962,B_WORD
6963,I_WORD
6964,I_WORD
6965,I_WORD
6966,I_WORD
6967,E_WORD
6968,B_WORD
6969,I_WORD
6970,I_WORD
6971,I_WORD
6972,I_WORD
6973,E_WORD
6974,B_WORD
6975,I_WORD
6976,I_WORD
6977,E_WORD
6979,B_WORD
6980,I_WORD
6981,I_WORD
6982,I_WORD
6983,I_WORD
6984,E_WORD
6985,B_WORD
6986,I_WORD
6987,E_WORD
6988,B_WORD
6989,I_WORD
6990,I_WORD
6991,I_WORD
6992,I_WORD
6993,I_WORD
6994,I_WORD
6995,E_WORD
6996,B_WORD
6997,I_WORD
6998,E_WORD
6999,B_WORD
7000,E_WORD
7001,B_WORD
7002,I_WORD
7003,E_WORD
7004,B_WORD
7005,I_WORD
7006,I_WORD
7007,I_WORD
7008,I_WORD
7009,I_WORD
7010,I_WORD
7011,I_WORD
7012,I_WORD
7013,E_WORD
7015,B_WORD
7016,I_WORD
7017,E_WORD
7018,B_WORD
7019,I_WORD
7020,I_WORD
7021,E_WORD
7022,B_WORD
7023,I_WORD
7024,I_WORD
7025,I_WORD
7026,I_WORD
7027,I_WORD
7028,E_WORD
7029,B_WORD
7030,E_WORD
7031,B_WORD
7032,I_WORD
7033,E_WORD
7034,B_WORD
7035,I_WORD
7036,I_WORD
7037,I_WORD
7038,E_WORD
7039,B_WORD
7040,I_WORD
7041,E_WORD
7043,B_WORD
7044,I_WORD
7045,I_WORD
7046,E_WORD
7047,B_WORD
7048,I_WORD
7049,E_WORD
7050,B_WORD
7051,I_WORD
7052,E_WORD
7053,B_WORD
7054,I_WORD
7055,E_WORD
7057,B_WORD
7058,B_WORD
7059,E_WORD
7060,B_WORD
7061,I_WORD
7062,I_WORD
7063,E_WORD
7065,B_WORD
7066,I_WORD
7067,I_WORD
7068,I_WORD
7069,I_WORD
7070,I_WORD
7071,I_WORD
7072,I_WORD
7073,I_WORD
7074,I_WORD
7075,I_WORD
7076,I_WORD
7077,E_WORD
7079,B_WORD
7080,I_WORD
7081,I_WORD
7082,I_WORD
7083,E_WORD
7084,B_WORD
7085,I_WORD
7086,I_WORD
7087,I_WORD
7088,I_WORD
7089,I_WORD
7090,I_WORD
7091,I_WORD
7092,I_WORD
7093,I_WORD
7094,I_WORD
7095,I_WORD
7096,I_WORD
7097,I_WORD
7098,I_WORD
7099,I_WORD
7100,I_WORD
7101,I_WORD
7102,I_WORD
7103,E_WORD
7105,B_WORD
7106,I_WORD
7107,I_WORD
7108,E_WORD
7109,B_WORD
7110,I_WORD
7111,I_WORD
7112,I_WORD
7113,I_WORD
7114,E_WORD
7115,B_WORD
7116,I_WORD
7117,E_WORD
7118,B_WORD
7119,I_WORD
7120,I_WORD
7121,I_WORD
7122,I_WORD
7123,I_WORD
7124,I_WORD
7125,I_WORD
7126,E_WORD
7127,B_WORD
7128,I_WORD
7129,E_WORD
7130,B_WORD
7131,E_WORD
7132,B_WORD
7133,I_WORD
7134,I_WORD
7135,E_WORD
7137,B_WORD
7138,E_WORD
7139,B_WORD
7140,I_WORD
7141,I_WORD
7142,E_WORD
7143,B_WORD
7144,I_WORD
7145,I_WORD
7146,I_WORD
7147,I_WORD
7148,I_WORD
7149,I_WORD
7150,I_WORD
7151,E_WORD
7152,B_WORD
7153,E_WORD
7154,B_WORD
7155,I_WORD
7156,I_WORD
7157,E_WORD
7158,B_WORD
7159,I_WORD
7160,I_WORD
7161,E_WORD
7162,B_WORD
7163,I_WORD
7164,E_WORD
7166,B_WORD
7167,E_WORD
7168,B_WORD
7169,I_WORD
7170,I_WORD
7171,I_WORD
7172,I_WORD
7173,E_WORD
7174,B_WORD
7175,I_WORD
7176,I_WORD
7177,I_WORD
7178,E_WORD
7179,B_WORD
7180,I_WORD
7181,I_WORD
7182,I_WORD
7183,I_WORD
7184,I_WORD
7185,I_WORD
7186,E_WORD
7187,B_WORD
7188,I_WORD
7189,E_WORD
7190,B_WORD
7191,I_WORD
7192,E_WORD
7193,B_WORD
7194,E_WORD
7195,B_WORD
7196,I_WORD
7197,I_WORD
7198,E_WORD
7199,B_WORD
7200,I_WORD
7201,I_WORD
7202,I_WORD
7203,I_WORD
7204,I_WORD
7205,I_WORD
7206,I_WORD
7207,I_WORD
7208,I_WORD
7209,I_WORD
7210,I_WORD
7211,E_WORD
7212,B_WORD
7213,I_WORD
7214,E_WORD
7215,B_WORD
7216,I_WORD
7217,I_WORD
7218,I_WORD
7219,I_WORD
7220,E_WORD
7222,B_WORD
7223,I_WORD
7224,I_WORD
7225,I_WORD
7226,E_WORD
7227,B_WORD
7228,I_WORD
7229,E_WORD
7230,B_WORD
7231,I_WORD
7232,I_WORD
7233,I_WORD
7234,I_WORD
7235,I_WORD
7236,E_WORD
7237,B_WORD
7238,I_WORD
7239,E_WORD
7240,B_WORD
7241,I_WORD
7242,I_WORD
7243,I_WORD
7244,E_WORD
7245,B_WORD
7246,I_WORD
7247,E_WORD
7248,B_WORD
7249,I_WORD
7250,E_WORD
7251,B_WORD
7252,I_WORD
7253,E_WORD
7254,B_WORD
7255,I_WORD
7256,E_WORD
7257,B_WORD
7258,I_WORD
7259,I_WORD
7260,I_WORD
7261,I_WORD
7262,I_WORD
7263,E_WORD
7265,B_WORD
7266,I_WORD
7267,E_WORD
7268,B_WORD
7269,I_WORD
7270,I_WORD
7271,I_WORD
7272,E_WORD
7273,B_WORD
7274,I_WORD
7275,E_WORD
7277,B_WORD
7279,B_WORD
7280,I_WORD
7281,I_WORD
7282,E_WORD
7283,B_WORD
7284,I_WORD
7285,I_WORD
7286,E_WORD
7288,B_WORD
7289,I_WORD
7290,E_WORD
7292,B_WORD
7293,I_WORD
7294,E_WORD
7296,B_WORD
7298,B_WORD
7299,E_WORD
7300,B_WORD
7301,I_WORD
7302,I_WORD
7303,E_WORD
7304,B_WORD
7305,I_WORD
7306,I_WORD
7307,I_WORD
7308,I_WORD
7309,I_WORD
7310,I_WORD
7311,I_WORD
7312,E_WORD
7314,B_WORD
7315,I_WORD
7316,E_WORD
7318,B_WORD
7319,E_WORD
7321,B_WORD
7322,E_WORD
7323,B_WORD
7324,I_WORD
7325,E_WORD
7326,B_WORD
7327,E_WORD
7328,B_WORD
7329,I_WORD
7330,I_WORD
7331,I_WORD
7332,I_WORD
7333,I_WORD
7334,I_WORD
7335,I_WORD
7336,E_WORD
7338,B_WORD
7339,I_WORD
7340,I_WORD
7341,E_WORD
7342,B_WORD
7343,I_WORD
7344,E_WORD
7345,B_WORD
7346,I_WORD
7347,I_WORD
7348,I_WORD
7349,E_WORD
7350,B_WORD
7351,I_WORD
7352,E_WORD
7353,B_WORD
7354,I_WORD
7355,I_WORD
7356,I_WORD
7357,I_WORD
7358,I_WORD
7359,I_WORD
7360,I_WORD
7361,E_WORD
7362,B_WORD
7363,I_WORD
7364,E_WORD
7365,B_WORD
7366,I_WORD
7367,I_WORD
7368,I_WORD
7369,E_WORD
7370,B_WORD
7371,I_WORD
7372,I_WORD
7373,E_WORD
7375,B_WORD
7377,B_WORD
7378,I_WORD
7379,E_WORD
7380,B_WORD
7381,I_WORD
7382,E_WORD
7383,B_WORD
7384,E_WORD
7386,B_WORD
7387,I_WORD
7388,I_WORD
7389,I_WORD
7390,I_WORD
7391,E_WORD
7392,B_WORD
7393,I_WORD
7394,I_WORD
7395,I_WORD
7396,I_WORD
7397,E_WORD
7398,B_WORD
7399,I_WORD
7400,I_WORD
7401,E_WORD
7402,B_WORD
7403,I_WORD
7404,I_WORD
7405,E_WORD
7407,B_WORD
7408,I_WORD
7409,I_WORD
7410,I_WORD
7411,I_WORD
7412,E_WORD
7413,B_WORD
7414,I_WORD
7415,I_WORD
7416,I_WORD
7417,I_WORD
7418,I_WORD
7419,I_WORD
7420,I_WORD
7421,E_WORD
7422,B_WORD
7423,I_WORD
7424,I_WORD
7425,I_WORD
7426,I_WORD
7427,I_WORD
7428,E_WORD
7429,B_WORD
7430,I_WORD
7431,E_WORD
7432,B_WORD
7433,I_WORD
7434,I_WORD
7435,I_WORD
7436,E_WORD
7437,B_WORD
7438,E_WORD
7440,B_WORD
7441,I_WORD
7442,E_WORD
7443,B_WORD
7444,I_WORD
7445,I_WORD
7446,I_WORD
7447,I_WORD
7448,I_WORD
7449,E_WORD
7450,B_WORD
7451,E_WORD
7452,B_WORD
7453,I_WORD
7454,I_WORD
7455,E_WORD
7456,B_WORD
7457,I_WORD
7458,I_WORD
7459,I_WORD
7460,I_WORD
7461,E_WORD
7462,B_WORD
7463,I_WORD
7464,I_WORD
7465,I_WORD
7466,I_WORD
7467,I_WORD
7468,I_WORD
7469,E_WORD
7470,B_WORD
7471,I_WORD
7472,E_WORD
7473,B_WORD
7474,I_WORD
7475,E_WORD
7477,B_WORD
7479,B_WORD
7480,E_WORD
7482,B_WORD
7483,I_WORD
7484,E_WORD
7485,B_WORD
7486,I_WORD
7487,I_WORD
7488,I_WORD
7489,I_WORD
7490,E_WORD
7491,B_WORD
7492,I_WORD
7493,I_WORD
7494,E_WORD
7495,B_WORD
7496,I_WORD
7497,E_WORD
7498,B_WORD
7499,I_WORD
7500,E_WORD
7501,B_WORD
7502,I_WORD
7503,I_WORD
7504,E_WORD
7505,B_WORD
7506,I_WORD
7507,I_WORD
7508,E_WORD
7510,B_WORD
7511,I_WORD
7512,I_WORD
7513,I_WORD
7514,E_WORD
7515,B_WORD
7516,I_WORD
7517,I_WORD
7518,E_WORD
7520,B_WORD
7521,I_WORD
7522,I_WORD
7523,I_WORD
7524,E_WORD
7526,B_WORD
7527,E_WORD
7529,B_WORD
7530,I_WORD
7531,I_WORD
7532,I_WORD
7533,I_WORD
7534,E_WORD
7536,B_WORD
7537,E_WORD
7539,B_WORD
7540,I_WORD
7541,I_WORD
7542,E_WORD
7544,B_WORD
7545,I_WORD
7546,E_WORD
7548,B_WORD
7549,I_WORD
7550,E_WORD
7552,B_WORD
7553,I_WORD
7554,I_WORD
7555,I_WORD
7556,E_WORD
7558,B_WORD
7559,E_WORD
7561,B_WORD
7562,I_WORD
7563,I_WORD
7564,I_WORD
7565,I_WORD
7566,I_WORD
7567,I_WORD
7568,E_WORD
7570,B_WORD
7571,I_WORD
7572,I_WORD
7573,I_WORD
7574,I_WORD
7575,E_WORD
7577,B_WORD
7578,E_WORD
7579,B_WORD
7580,I_WORD
7581,I_WORD
7582,E_WORD
7584,B_WORD
7585,I_WORD
7586,I_WORD
7587,I_WORD
7588,I_WORD
7589,E_WORD
7591,B_WORD
7592,I_WORD
7593,E_WORD
7595,B_WORD
7596,E_WORD
7597,B_WORD
7598,E_WORD
7600,B_WORD
7601,B_WORD
7602,B_WORD
7603,I_WORD
7604,E_WORD
7605,B_WORD
7606,I_WORD
7607,I_WORD
7608,I_WORD
7609,I_WORD
7610,I_WORD
7611,I_WORD
7612,E_WORD
7614,B_WORD
7615,B_WORD
7616,B_WORD
7617,B_WORD
7619,B_WORD
7620,I_WORD
7621,I_WORD
7622,E_WORD
7624,B_WORD
7625,I_WORD
7626,I_WORD
7627,I_WORD
7628,I_WORD
7629,E_WORD
7630,B_WORD
7631,E_WORD
7632,B_WORD
7633,I_WORD
7634,I_WORD
7635,E_WORD
7637,B_WORD
7638,I_WORD
7639,E_WORD
7640,B_WORD
7641,I_WORD
7642,I_WORD
7643,I_WORD
7644,I_WORD
7645,I_WORD
7646,I_WORD
7647,I_WORD
7648,I_WORD
7649,I_WORD
7650,I_WORD
7651,E_WORD
7652,B_WORD
7653,I_WORD
7654,E_WORD
7655,B_WORD
7656,I_WORD
7657,I_WORD
7658,I_WORD
7659,I_WORD
7660,I_WORD
7661,I_WORD
7662,E_WORD
7663,B_WORD
7664,I_WORD
7665,E_WORD
7667,B_WORD
7668,E_WORD
7670,B_WORD
7671,I_WORD
7672,E_WORD
7673,B_WORD
7674,I_WORD
7675,I_WORD
7676,I_WORD
7677,I_WORD
7678,I_WORD
7679,E_WORD
7680,B_WORD
7681,E_WORD
7682,B_WORD
7683,I_WORD
7684,I_WORD
7685,E_WORD
7686,B_WORD
7687,I_WORD
7688,I_WORD
7689,I_WORD
7690,I_WORD
7691,I_WORD
7692,I_WORD
7693,E_WORD
7694,B_WORD
7695,I_WORD
7696,I_WORD
7697,I_WORD
7698,I_WORD
7699,I_WORD
7700,I_WORD
7701,I_WORD
7702,E_WORD
7703,B_WORD
7704,I_WORD
7705,E_WORD
7707,B_WORD
7708,I_WORD
7709,E_WORD
7710,B_WORD
7711,E_WORD
7712,B_WORD
7713,E_WORD
7714,B_WORD
7715,I_WORD
7716,I_WORD
7717,E_WORD
7718,B_WORD
7719,E_WORD
7720,B_WORD
7721,E_WORD
7723,B_WORD
7724,E_WORD
7725,B_WORD
7726,E_WORD
7727,B_WORD
7728,E_WORD
7730,B_WORD
7731,I_WORD
7732,I_WORD
7733,E_WORD
7735,B_WORD
7736,E_WORD
7738,B_WORD
7739,E_WORD
7741,B_WORD
7742,I_WORD
7743,I_WORD
7744,I_WORD
7745,E_WORD
7746,B_WORD
7747,I_WORD
7748,E_WORD
7749,B_WORD
7750,I_WORD
7751,I_WORD
7752,I_WORD
7753,I_WORD
7754,I_WORD
7755,I_WORD
7756,I_WORD
7757,E_WORD
7759,B_WORD
7760,I_WORD
7761,I_WORD
7762,E_WORD
7763,B_WORD
7764,I_WORD
7765,I_WORD
7766,E_WORD
7767,B_WORD
7768,I_WORD
7769,I_WORD
7770,I_WORD
7771,I_WORD
7772,E_WORD
7774,B_WORD
7775,E_WORD
7777,B_WORD
7778,I_WORD
7779,E_WORD
7780,B_WORD
7781,E_WORD
7782,B_WORD
7783,I_WORD
7784,I_WORD
7785,I_WORD
7786,I_WORD
7787,I_WORD
7788,I_WORD
7789,E_WORD
7791,B_WORD
7793,B_WORD
7794,I_WORD
7795,E_WORD
7796,B_WORD
7797,I_WORD
7798,I_WORD
7799,E_WORD
7800,B_WORD
7801,I_WORD
7802,I_WORD
7803,I_WORD
7804,I_WORD
7805,E_WORD
7807,B_WORD
7808,E_WORD
7810,B_WORD
7811,E_WORD
7812,B_WORD
7813,E_WORD
7814,B_WORD
7815,E_WORD
7817,B_WORD
7818,E_WORD
7820,B_WORD
7821,I_WORD
7822,I_WORD
7823,I_WORD
7824,E_WORD
7825,B_WORD
7826,E_WORD
7827,B_WORD
7828,E_WORD
7830,B_WORD
7831,E_WORD
7833,B_WORD
7834,I_WORD
7835,I_WORD
7836,I_WORD
7837,I_WORD
7838,I_WORD
7839,I_WORD
7840,E_WORD
7842,B_WORD
7843,I_WORD
7844,I_WORD
7845,I_WORD
7846,I_WORD
7847,I_WORD
7848,I_WORD
7849,I_WORD
7850,E_WORD
7851,B_WORD
7852,I_WORD
7853,I_WORD
7854,I_WORD
7855,I_WORD
7856,E_WORD
7858,B_WORD
7859,I_WORD
7860,I_WORD
7861,I_WORD
7862,I_WORD
7863,E_WORD
7864,B_WORD
7865,I_WORD
7866,I_WORD
7867,I_WORD
7868,I_WORD
7869,I_WORD
7870,E_WORD
7872,B_WORD
7873,I_WORD
7874,I_WORD
7875,I_WORD
7876,I_WORD
7877,E_WORD
7878,B_WORD
7879,I_WORD
7880,I_WORD
7881,I_WORD
7882,I_WORD
7883,E_WORD
7885,B_WORD
7886,I_WORD
7887,I_WORD
7888,I_WORD
7889,I_WORD
7890,E_WORD
7892,B_WORD
7893,E_WORD
7894,B_WORD
7895,I_WORD
7896,I_WORD
7897,E_WORD
7899,B_WORD
7900,I_WORD
7901,I_WORD
7902,I_WORD
7903,I_WORD
7904,I_WORD
7905,E_WORD
7906,B_WORD
7907,I_WORD
7908,E_WORD
7910,B_WORD
7911,I_WORD
7912,I_WORD
7913,E_WORD
7914,B_WORD
7915,I_WORD
7916,I_WORD
7917,I_WORD
7918,I_WORD
7919,I_WORD
7920,I_WORD
7921,I_WORD
7922,E_WORD
7923,B_WORD
7924,I_WORD
7925,I_WORD
7926,I_WORD
7927,I_WORD
7928,E_WORD
7929,B_WORD
7930,I_WORD
7931,I_WORD
7932,I_WORD
7933,I_WORD
7934,I_WORD
7935,I_WORD
7936,I_WORD
7937,E_WORD
7938,B_WORD
7939,I_WORD
7940,I_WORD
7941,I_WORD
7942,I_WORD
7943,I_WORD
7944,I_WORD
7945,E_WORD
7947,B_WORD
7948,I_WORD
7949,E_WORD
7950,B_WORD
7951,I_WORD
7952,I_WORD
7953,I_WORD
7954,I_WORD
7955,E_WORD
7956,B_WORD
7957,I_WORD
7958,E_WORD
7959,B_WORD
7960,I_WORD
7961,E_WORD
7962,B_WORD
7963,I_WORD
7964,I_WORD
7965,I_WORD
7966,E_WORD
7967,B_WORD
7968,I_WORD
7969,I_WORD
7970,I_WORD
7971,I_WORD
7972,E_WORD
7973,B_WORD
7974,I_WORD
7975,I_WORD
7976,E_WORD
7977,B_WORD
7978,I_WORD
7979,I_WORD
7980,I_WORD
7981,I_WORD
7982,E_WORD
7983,B_WORD
7984,I_WORD
7985,E_WORD
7987,B_WORD
7988,I_WORD
7989,I_WORD
7990,E_WORD
7992,B_WORD
7993,I_WORD
7994,E_WORD
7996,B_WORD
7998,B_WORD
7999,I_WORD
8000,E_WORD
8001,B_WORD
8002,I_WORD
8003,I_WORD
8004,I_WORD
8005,E_WORD
8007,B_WORD
8009,B_WORD
8010,I_WORD
8011,I_WORD
8012,E_WORD
8014,B_WORD
8015,E_WORD
8017,B_WORD
8018,E_WORD
8020,B_WORD
8021,I_WORD
8022,E_WORD
8023,B_WORD
8024,I_WORD
8025,E_WORD
8026,B_WORD
8027,I_WORD
8028,E_WORD
8029,B_WORD
8030,I_WORD
8031,E_WORD
8032,B_WORD
8033,E_WORD
8034,B_WORD
8035,E_WORD
8036,B_WORD
8037,I_WORD
8038,I_WORD
8039,E_WORD
8041,B_WORD
8042,I_WORD
8043,I_WORD
8044,I_WORD
8045,I_WORD
8046,E_WORD
8047,B_WORD
8048,I_WORD
8049,I_WORD
8050,I_WORD
8051,I_WORD
8052,E_WORD
8053,B_WORD
8054,I_WORD
8055,E_WORD
8056,B_WORD
8057,I_WORD
8058,I_WORD
8059,E_WORD
8060,B_WORD
8061,I_WORD
8062,I_WORD
8063,E_WORD
8064,B_WORD
8065,I_WORD
8066,I_WORD
8067,I_WORD
8068,I_WORD
8069,E_WORD
8070,B_WORD
8071,I_WORD
8072,I_WORD
8073,I_WORD
8074,I_WORD
8075,E_WORD
8076,B_WORD
8077,I_WORD
8078,I_WORD
8079,I_WORD
8080,I_WORD
8081,E_WORD
8082,B_WORD
8083,I_WORD
8084,I_WORD
8085,I_WORD
8086,E_WORD
8087,B_WORD
8088,I_WORD
8089,I_WORD
8090,I_WORD
8091,I_WORD
8092,I_WORD
8093,I_WORD
8094,I_WORD
8095,I_WORD
8096,I_WORD
8097,I_WORD
8098,I_WORD
8099,E_WORD
8100,B_WORD
8101,I_WORD
8102,I_WORD
8103,I_WORD
8104,E_WORD
8105,B_WORD
8106,I_WORD
8107,I_WORD
8108,I_WORD
8109,E_WORD
8110,B_WORD
8111,I_WORD
8112,I_WORD
8113,I_WORD
8114,I_WORD
8115,I_WORD
8116,I_WORD
8117,I_WORD
8118,E_WORD
8120,B_WORD
8121,I_WORD
8122,I_WORD
8123,I_WORD
8124,E_WORD
8125,B_WORD
8126,I_WORD
8127,E_WORD
8128,B_WORD
8129,E_WORD
8130,B_WORD
8131,E_WORD
8132,B_WORD
8133,I_WORD
8134,I_WORD
8135,E_WORD
8136,B_WORD
8137,I_WORD
8138,I_WORD
8139,I_WORD
8140,E_WORD
8141,B_WORD
8142,I_WORD
8143,E_WORD
8144,B_WORD
8145,I_WORD
8146,I_WORD
8147,E_WORD
8148,B_WORD
8149,I_WORD
8150,I_WORD
8151,I_WORD
8152,I_WORD
8153,E_WORD
8154,B_WORD
8155,I_WORD
8156,I_WORD
8157,I_WORD
8158,I_WORD
8159,I_WORD
8160,I_WORD
8161,E_WORD
8162,B_WORD
8163,I_WORD
8164,I_WORD
8165,E_WORD
8166,B_WORD
8167,I_WORD
8168,I_WORD
8169,I_WORD
8170,I_WORD
8171,I_WORD
8172,I_WORD
8173,I_WORD
8174,I_WORD
8175,E_WORD
8176,B_WORD
8177,E_WORD
8178,B_WORD
8179,I_WORD
8180,E_WORD
8181,B_WORD
8182,I_WORD
8183,I_WORD
8184,I_WORD
8185,I_WORD
8186,E_WORD
8187,B_WORD
8188,I_WORD
8189,I_WORD
8190,I_WORD
8191,I_WORD
8192,I_WORD
8193,E_WORD
8194,B_WORD
8195,I_WORD
8196,I_WORD
8197,I_WORD
8198,E_WORD
8199,B_WORD
8200,E_WORD
8201,B_WORD
8202,E_WORD
8203,B_WORD
8204,I_WORD
8205,I_WORD
8206,I_WORD
8207,I_WORD
8208,I_WORD
8209,E_WORD
8210,B_WORD
8211,I_WORD
8212,E_WORD
8214,B_WORD
8215,I_WORD
8216,I_WORD
8217,I_WORD
8218,I_WORD
8219,I_WORD
8220,I_WORD
8221,E_WORD
8222,B_WORD
8223,I_WORD
8224,E_WORD
8225,B_WORD
8226,I_WORD
8227,E_WORD
8228,B_WORD
8229,I_WORD
8230,E_WORD
8231,B_WORD
8232,I_WORD
8233,I_WORD
8234,I_WORD
8235,I_WORD
8236,E_WORD
8238,B_WORD
8239,I_WORD
8240,I_WORD
8241,I_WORD
8242,I_WORD
8243,I_WORD
8244,I_WORD
8245,E_WORD
8246,B_WORD
8247,I_WORD
8248,I_WORD
8249,I_WORD
8250,E_WORD
8252,B_WORD
8254,B_WORD
8255,E_WORD
8257,B_WORD
8259,B_WORD
8260,I_WORD
8261,I_WORD
8262,I_WORD
8263,I_WORD
8264,I_WORD
8265,I_WORD
8266,I_WORD
8267,E_WORD
8268,B_WORD
8269,I_WORD
8270,E_WORD
8271,B_WORD
8272,E_WORD
8273,B_WORD
8274,E_WORD
8275,B_WORD
8276,I_WORD
8277,I_WORD
8278,E_WORD
8279,B_WORD
8280,I_WORD
8281,E_WORD
8282,B_WORD
8283,I_WORD
8284,E_WORD
8285,B_WORD
8286,I_WORD
8287,I_WORD
8288,I_WORD
8289,I_WORD
8290,E_WORD
8291,B_WORD
8292,E_WORD
8293,B_WORD
8294,B_WORD
8295,I_WORD
8296,E_WORD
8297,B_WORD
8298,I_WORD
8299,E_WORD
8300,B_WORD
8301,I_WORD
8302,E_WORD
8303,B_WORD
8304,I_WORD
8305,I_WORD
8306,I_WORD
8307,I_WORD
8308,E_WORD
8309,B_WORD
8310,E_WORD
8311,B_WORD
8312,E_WORD
8313,B_WORD
8314,E_WORD
8315,B_WORD
8316,I_WORD
8317,I_WORD
8318,E_WORD
8319,B_WORD
8320,I_WORD
8321,I_WORD
8322,I_WORD
8323,I_WORD
8324,E_WORD
8325,B_WORD
8326,I_WORD
8327,I_WORD
8328,I_WORD
8329,E_WORD
8330,B_WORD
8331,I_WORD
8332,I_WORD
8333,I_WORD
8334,I_WORD
8335,I_WORD
8336,E_WORD
8337,B_WORD
8338,I_WORD
8339,I_WORD
8340,I_WORD
8341,E_WORD
8342,B_WORD
8343,I_WORD
8344,I_WORD
8345,I_WORD
8346,I_WORD
8347,E_WORD
8348,B_WORD
8349,I_WORD
8350,E_WORD
8351,B_WORD
8352,I_WORD
8353,I_WORD
8354,I_WORD
8355,I_WORD
8356,E_WORD
8358,B_WORD
8360,B_WORD
8361,I_WORD
8362,I_WORD
8363,I_WORD
8364,I_WORD
8365,E_WORD
8367,B_WORD
8368,E_WORD
8369,B_WORD
8370,I_WORD
8371,I_WORD
8372,E_WORD
8374,B_WORD
8375,I_WORD
8376,I_WORD
8377,I_WORD
8378,E_WORD
8380,B_WORD
8381,I_WORD
8382,E_WORD
8383,B_WORD
8384,I_WORD
8385,E_WORD
8386,B_WORD
8387,I_WORD
8388,I_WORD
8389,I_WORD
8390,I_WORD
8391,I_WORD
8392,E_WORD
8393,B_WORD
8394,I_WORD
8395,I_WORD
8396,I_WORD
8397,E_WORD
8398,B_WORD
8399,I_WORD
8400,E_WORD
8401,B_WORD
8402,I_WORD
8403,I_WORD
8404,I_WORD
8405,E_WORD
8406,B_WORD
8407,I_WORD
8408,E_WORD
8409,B_WORD
8410,I_WORD
8411,E_WORD
8412,B_WORD
8413,I_WORD
8414,I_WORD
8415,I_WORD
8416,I_WORD
8417,I_WORD
8418,I_WORD
8419,I_WORD
8420,I_WORD
8421,E_WORD
8422,B_WORD
8423,I_WORD
8424,I_WORD
8425,I_WORD
8426,I_WORD
8427,E_WORD
8428,B_WORD
8429,I_WORD
8430,E_WORD
8431,B_WORD
8432,I_WORD
8433,E_WORD
8434,B_WORD
8435,E_WORD
8436,B_WORD
8437,E_WORD
8438,B_WORD
8439,I_WORD
8440,I_WORD
8441,E_WORD
8443,B_WORD
8444,I_WORD
8445,E_WORD
8446,B_WORD
8447,I_WORD
8448,I_WORD
8449,I_WORD
8450,E_WORD
8451,B_WORD
8452,E_WORD
8453,B_WORD
8454,E_WORD
8456,B_WORD
8457,E_WORD
8459,B_WORD
8460,I_WORD
8461,I_WORD
8462,I_WORD
8463,E_WORD
8465,B_WORD
8466,E_WORD
8468,B_WORD
8469,I_WORD
8470,I_WORD
8471,I_WORD
8472,I_WORD
8473,I_WORD
8474,I_WORD
8475,E_WORD
8477,B_WORD
8478,I_WORD
8479,I_WORD
8480,I_WORD
8481,I_WORD
8482,I_WORD
8483,E_WORD
8484,B_WORD
8485,I_WORD
8486,I_WORD
8487,I_WORD
8488,I_WORD
8489,I_WORD
8490,I_WORD
8491,I_WORD
8492,I_WORD
8493,I_WORD
8494,I_WORD
8495,E_WORD
8496,B_WORD
8497,I_WORD
8498,I_WORD
8499,E_WORD
8500,B_WORD
8501,E_WORD
8502,B_WORD
8503,I_WORD
8504,I_WORD
8505,I_WORD
8506,I_WORD
8507,E_WORD
8508,B_WORD
8509,I_WORD
8510,I_WORD
8511,E_WORD
8512,B_WORD
8513,I_WORD
8514,I_WORD
8515,I_WORD
8516,I_WORD
8517,I_WORD
8518,I_WORD
8519,E_WORD
8521,B_WORD
8522,I_WORD
8523,I_WORD
8524,I_WORD
8525,I_WORD
8526,I_WORD
8527,I_WORD
8528,I_WORD
8529,I_WORD
8530,I_WORD
8531,I_WORD
8532,I_WORD
8533,E_WORD
8534,B_WORD
8535,I_WORD
8536,E_WORD
8537,B_WORD
8538,I_WORD
8539,I_WORD
8540,I_WORD
8541,I_WORD
8542,I_WORD
8543,I_WORD
8544,I_WORD
8545,E_WORD
8547,B_WORD
8548,I_WORD
8549,I_WORD
8550,I_WORD
8551,I_WORD
8552,I_WORD
8553,E_WORD
8554,B_WORD
8555,I_WORD
8556,I_WORD
8557,E_WORD
8558,B_WORD
8559,I_WORD
8560,E_WORD
8561,B_WORD
8562,I_WORD
8563,I_WORD
8564,E_WORD
8565,B_WORD
8566,I_WORD
8567,E_WORD
8568,B_WORD
8569,I_WORD
8570,I_WORD
8571,E_WORD
8572,B_WORD
8573,I_WORD
8574,I_WORD
8575,E_WORD
8576,B_WORD
8577,E_WORD
8578,B_WORD
8579,I_WORD
8580,E_WORD
8581,B_WORD
8582,E_WORD
8583,B_WORD
8584,E_WORD
8586,B_WORD
8587,E_WORD
8589,B_WORD
8590,I_WORD
8591,I_WORD
8592,I_WORD
8593,E_WORD
8595,B_WORD
8596,E_WORD
8598,B_WORD
8599,I_WORD
8600,I_WORD
8601,I_WORD
8602,I_WORD
8603,I_WORD
8604,I_WORD
8605,E_WORD
8607,B_WORD
8608,I_WORD
8609,E_WORD
8610,B_WORD
8611,I_WORD
8612,I_WORD
8613,I_WORD
8614,E_WORD
8615,B_WORD
8616,I_WORD
8617,I_WORD
8618,E_WORD
8619,B_WORD
8620,I_WORD
8621,E_WORD
8622,B_WORD
8623,E_WORD
8624,B_WORD
8625,I_WORD
8626,I_WORD
8627,I_WORD
8628,I_WORD
8629,I_WORD
8630,I_WORD
8631,I_WORD
8632,E_WORD
8633,B_WORD
8634,I_WORD
8635,E_WORD
8636,B_WORD
8637,I_WORD
8638,I_WORD
8639,E_WORD
8640,B_WORD
8641,I_WORD
8642,I_WORD
8643,I_WORD
8644,I_WORD
8645,E_WORD
8646,B_WORD
8647,I_WORD
8648,E_WORD
8649,B_WORD
8650,I_WORD
8651,E_WORD
8652,B_WORD
8653,I_WORD
8654,I_WORD
8655,I_WORD
8656,E_WORD
8657,B_WORD
8658,I_WORD
8659,E_WORD
8660,B_WORD
8661,I_WORD
8662,I_WORD
8663,E_WORD
8664,B_WORD
8665,E_WORD
8666,B_WORD
8667,I_WORD
8668,E_WORD
8669,B_WORD
8670,I_WORD
8671,E_WORD
8672,B_WORD
8673,I_WORD
8674,I_WORD
8675,E_WORD
8676,B_WORD
8677,I_WORD
8678,I_WORD
8679,I_WORD
8680,I_WORD
8681,E_WORD
8682,B_WORD
8683,I_WORD
8684,I_WORD
8685,I_WORD
8686,E_WORD
8688,B_WORD
8689,I_WORD
8690,I_WORD
8691,I_WORD
8692,I_WORD
8693,E_WORD
8695,B_WORD
8696,E_WORD
8697,B_WORD
8698,I_WORD
8699,I_WORD
8700,E_WORD
8702,B_WORD
8703,I_WORD
8704,I_WORD
8705,I_WORD
8706,E_WORD
8707,B_WORD
8708,E_WORD
8709,B_WORD
8710,I_WORD
8711,I_WORD
8712,E_WORD
8714,B_WORD
8715,I_WORD
8716,I_WORD
8717,I_WORD
8718,E_WORD
8719,B_WORD
8720,I_WORD
8721,I_WORD
8722,I_WORD
8723,I_WORD
8724,E_WORD
8725,B_WORD
8726,I_WORD
8727,I_WORD
8728,I_WORD
8729,I_WORD
8730,I_WORD
8731,I_WORD
8732,I_WORD
8733,E_WORD
8734,B_WORD
8735,E_WORD
8736,B_WORD
8737,I_WORD
8738,I_WORD
8739,I_WORD
8740,I_WORD
8741,I_WORD
8742,E_WORD
8743,B_WORD
8744,I_WORD
8745,I_WORD
8746,E_WORD
8747,B_WORD
8748,I_WORD
8749,I_WORD
8750,I_WORD
8751,E_WORD
8753,B_WORD
8755,B_WORD
8756,I_WORD
8757,E_WORD
8759,B_WORD
8760,I_WORD
8761,I_WORD
8762,I_WORD
8763,E_WORD
8764,B_WORD
8765,I_WORD
8766,E_WORD
8767,B_WORD
8768,I_WORD
8769,I_WORD
8770,E_WORD
8772,B_WORD
8774,B_WORD
8775,I_WORD
8776,I_WORD
8777,I_WORD
8778,I_WORD
8779,E_WORD
8781,B_WORD
8782,I_WORD
8783,I_WORD
8784,I_WORD
8785,I_WORD
8786,I_WORD
8787,I_WORD
8788,I_WORD
8789,I_WORD
8790,I_WORD
8791,I_WORD
8792,I_WORD
8793,I_WORD
8794,E_WORD
8796,B_WORD
8797,I_WORD
8798,E_WORD
8799,B_WORD
8800,I_WORD
8801,E_WORD
8802,B_WORD
8803,E_WORD
8804,B_WORD
8805,I_WORD
8806,E_WORD
8807,B_WORD
8808,I_WORD
8809,E_WORD
8810,B_WORD
8811,E_WORD
8812,B_WORD
8813,E_WORD
8814,B_WORD
8815,I_WORD
8816,I_WORD
8817,E_WORD
8819,B_WORD
8820,E_WORD
8821,B_WORD
8822,I_WORD
8823,I_WORD
8824,I_WORD
8825,I_WORD
8826,I_WORD
8827,E_WORD
8828,B_WORD
8829,I_WORD
8830,E_WORD
8831,B_WORD
8832,I_WORD
8833,I_WORD
8834,I_WORD
8835,I_WORD
8836,I_WORD
8837,E_WORD
8838,B_WORD
8839,I_WORD
8840,I_WORD
8841,E_WORD
8842,B_WORD
8843,I_WORD
8844,I_WORD
8845,E_WORD
8846,B_WORD
8847,I_WORD
8848,I_WORD
8849,I_WORD
8850,I_WORD
8851,I_WORD
8852,I_WORD
8853,E_WORD
8854,B_WORD
8855,I_WORD
8856,I_WORD
8857,E_WORD
8858,B_WORD
8859,I_WORD
8860,I_WORD
8861,I_WORD
8862,I_WORD
8863,I_WORD
8864,I_WORD
8865,I_WORD
8866,I_WORD
8867,I_WORD
8868,I_WORD
8869,I_WORD
8870,I_WORD
8871,E_WORD
8873,B_WORD
8875,B_WORD
8876,I_WORD
8877,E_WORD
8878,B_WORD
8879,I_WORD
8880,I_WORD
8881,I_WORD
8882,I_WORD
8883,I_WORD
8884,B_WORD
8885,I_WORD
8886,I_WORD
8887,I_WORD
8888,E_WORD
8889,B_WORD
8890,I_WORD
8891,I_WORD
8892,I_WORD
8893,I_WORD
8894,I_WORD
8895,I_WORD
8896,E_WORD
8898,B_WORD
8899,E_WORD
8900,B_WORD
8901,I_WORD
8902,I_WORD
8903,E_WORD
8904,B_WORD
8905,I_WORD
8906,I_WORD
8907,I_WORD
8908,I_WORD
8909,E_WORD
8911,B_WORD
8912,I_WORD
8913,E_WORD
8915,B_WORD
8916,I_WORD
8917,I_WORD
8918,E_WORD
8920,B_WORD
8921,I_WORD
8922,E_WORD
8924,B_WORD
8925,I_WORD
8926,I_WORD
8927,I_WORD
8928,I_WORD
8929,I_WORD
8930,I_WORD
8931,I_WORD
8932,I_WORD
8933,E_WORD
8935,B_WORD
8936,I_WORD
8937,E_WORD
8938,B_WORD
8939,E_WORD
8940,B_WORD
8941,I_WORD
8942,I_WORD
8943,E_WORD
8944,B_WORD
8945,I_WORD
8946,I_WORD
8947,I_WORD
8948,I_WORD
8949,E_WORD
8950,B_WORD
8951,I_WORD
8952,E_WORD
8953,B_WORD
8954,I_WORD
8955,I_WORD
8956,I_WORD
8957,I_WORD
8958,I_WORD
8959,I_WORD
8960,I_WORD
8961,I_WORD
8962,E_WORD
8963,B_WORD
8964,I_WORD
8965,I_WORD
8966,I_WORD
8967,E_WORD
8969,B_WORD
8971,B_WORD
8972,I_WORD
8973,E_WORD
8975,B_WORD
8976,I_WORD
8977,I_WORD
8978,E_WORD
8979,B_WORD
8980,I_WORD
8981,I_WORD
8982,E_WORD
8983,B_WORD
8984,I_WORD
8985,I_WORD
8986,I_WORD
8987,I_WORD
8988,I_WORD
8989,I_WORD
8990,E_WORD
8991,B_WORD
8992,I_WORD
8993,I_WORD
8994,E_WORD
8996,B_WORD
8997,I_WORD
8998,I_WORD
8999,E_WORD
9001,B_WORD
9002,E_WORD
9004,B_WORD
9005,E_WORD
9007,B_WORD
9008,I_WORD
9009,I_WORD
9010,I_WORD
9011,E_WORD
9012,B_WORD
9013,I_WORD
9014,I_WORD
9015,I_WORD
9016,E_WORD
9017,B_WORD
9018,I_WORD
9019,I_WORD
9020,E_WORD
9021,B_WORD
9022,I_WORD
9023,E_WORD
9024,B_WORD
9025,I_WORD
9026,I_WORD
9027,I_WORD
9028,I_WORD
9029,I_WORD
9030,I_WORD
9031,E_WORD
9032,B_WORD
9033,I_WORD
9034,I_WORD
9035,E_WORD
9036,B_WORD
9037,I_WORD
9038,I_WORD
9039,I_WORD
9040,E_WORD
9041,B_WORD
9042,E_WORD
9044,B_WORD
9045,E_WORD
9047,B_WORD
9048,I_WORD
9049,I_WORD
9050,I_WORD
9051,I_WORD
9052,I_WORD
9053,I_WORD
9054,E_WORD
9056,B_WORD
9057,I_WORD
9058,I_WORD
9059,I_WORD
9060,I_WORD
9061,I_WORD
9062,I_WORD
9063,I_WORD
9064,E_WORD
9065,B_WORD
9066,I_WORD
9067,E_WORD
9068,B_WORD
9069,E_WORD
9070,B_WORD
9071,I_WORD
9072,I_WORD
9073,I_WORD
9074,I_WORD
9075,E_WORD
9076,B_WORD
9077,I_WORD
9078,I_WORD
9079,E_WORD
9081,B_WORD
9082,I_WORD
9083,E_WORD
9085,B_WORD
9086,I_WORD
9087,E_WORD
9089,B_WORD
9090,I_WORD
9091,I_WORD
9092,E_WORD
9094,B_WORD
9095,I_WORD
9096,E_WORD
9097,B_WORD
9098,E_WORD
9099,B_WORD
9100,I_WORD
9101,I_WORD
9102,E_WORD
9103,B_WORD
9104,I_WORD
9105,I_WORD
9106,I_WORD
9107,I_WORD
9108,E_WORD
9110,B_WORD
9111,I_WORD
9112,I_WORD
9113,I_WORD
9114,I_WORD
9115,I_WORD
9116,I_WORD
9117,E_WORD
9119,B_WORD
9120,I_WORD
9121,E_WORD
9122,B_WORD
9123,I_WORD
9124,E_WORD
9125,B_WORD
9126,E_WORD
9127,B_WORD
9128,I_WORD
9129,E_WORD
9130,B_WORD
9131,I_WORD
9132,I_WORD
9133,I_WORD
9134,I_WORD
9135,E_WORD
9136,B_WORD
9137,I_WORD
9138,E_WORD
9139,B_WORD
9140,I_WORD
9141,I_WORD
9142,E_WORD
9143,B_WORD
9144,I_WORD
9145,I_WORD
9146,I_WORD
9147,I_WORD
9148,I_WORD
9149,I_WORD
9150,I_WORD
9151,I_WORD
9152,E_WORD
9153,B_WORD
9154,I_WORD
9155,E_WORD
9156,B_WORD
9157,I_WORD
9158,I_WORD
9159,I_WORD
9160,I_WORD
9161,I_WORD
9162,I_WORD
9163,I_WORD
9164,I_WORD
9165,I_WORD
9166,I_WORD
9167,I_WORD
9168,I_WORD
9169,I_WORD
9170,I_WORD
9171,E_WORD
9172,B_WORD
9173,I_WORD
9174,I_WORD
9175,I_WORD
9176,I_WORD
9177,I_WORD
9178,E_WORD
9179,B_WORD
9180,I_WORD
9181,E_WORD
9182,B_WORD
9183,I_WORD
9184,I_WORD
9185,I_WORD
9186,I_WORD
9187,I_WORD
9188,E_WORD
9189,B_WORD
9190,I_WORD
9191,I_WORD
9192,E_WORD
9193,B_WORD
9194,I_WORD
9195,I_WORD
9196,I_WORD
9197,I_WORD
9198,E_WORD
9199,B_WORD
9200,E_WORD
9202,B_WORD
9204,B_WORD
9205,I_WORD
9206,E_WORD
9207,B_WORD
9208,I_WORD
9209,I_WORD
9210,I_WORD
9211,I_WORD
9212,I_WORD
9213,E_WORD
9214,B_WORD
9215,I_WORD
9216,I_WORD
9217,E_WORD
9218,B_WORD
9219,I_WORD
9220,I_WORD
9221,E_WORD
9222,B_WORD
9223,E_WORD
9224,B_WORD
9225,I_WORD
9226,I_WORD
9227,E_WORD
9228,B_WORD
9229,I_WORD
9230,E_WORD
9231,B_WORD
9232,I_WORD
9233,E_WORD
9234,B_WORD
9235,I_WORD
9236,I_WORD
9237,I_WORD
9238,I_WORD
9239,E_WORD
9240,B_WORD
9241,I_WORD
9242,I_WORD
9243,I_WORD
9244,I_WORD
9245,E_WORD
9246,B_WORD
9247,I_WORD
9248,E_WORD
9250,B_WORD
9251,I_WORD
9252,E_WORD
9253,B_WORD
9254,I_WORD
9255,I_WORD
9256,I_WORD
9257,I_WORD
9258,I_WORD
9259,E_WORD
9260,B_WORD
9261,I_WORD
9262,E_WORD
9264,B_WORD
9265,I_WORD
9266,E_WORD
9267,B_WORD
9268,I_WORD
9269,I_WORD
9270,I_WORD
9271,E_WORD
9273,B_WORD
9274,I_WORD
9275,I_WORD
9276,I_WORD
9277,I_WORD
9278,I_WORD
9279,I_WORD
9280,E_WORD
9282,B_WORD
9283,E_WORD
9285,B_WORD
9286,I_WORD
9287,I_WORD
9288,E_WORD
9290,B_WORD
9291,I_WORD
9292,I_WORD
9293,E_WORD
9295,B_WORD
9296,I_WORD
9297,E_WORD
9298,B_WORD
9299,I_WORD
9300,I_WORD
9301,I_WORD
9302,I_WORD
9303,I_WORD
9304,I_WORD
9305,I_WORD
9306,I_WORD
9307,I_WORD
9308,I_WORD
9309,I_WORD
9310,E_WORD
9312,B_WORD
9313,I_WORD
9314,E_WORD
9316,B_WORD
9317,I_WORD
9318,I_WORD
9319,I_WORD
9320,E_WORD
9321,B_WORD
9322,I_WORD
9323,I_WORD
9324,I_WORD
9325,I_WORD
9326,I_WORD
9327,I_WORD
9328,E_WORD
9330,B_WORD
9331,I_WORD
9332,I_WORD
9333,I_WORD
9334,I_WORD
9335,I_WORD
9336,I_WORD
9337,I_WORD
9338,E_WORD
9339,B_WORD
9340,E_WORD
9341,B_WORD
9342,I_WORD
9343,I_WORD
9344,E_WORD
9345,B_WORD
9346,I_WORD
9347,E_WORD
9348,B_WORD
9349,I_WORD
9350,I_WORD
9351,I_WORD
9352,I_WORD
9353,I_WORD
9354,I_WORD
9355,I_WORD
9356,I_WORD
9357,E_WORD
9358,B_WORD
9359,I_WORD
9360,I_WORD
9361,I_WORD
9362,E_WORD
9364,B_WORD
9365,I_WORD
9366,I_WORD
9367,I_WORD
9368,E_WORD
9369,B_WORD
9370,I_WORD
9371,E_WORD
9372,B_WORD
9373,E_WORD
9375,B_WORD
9376,I_WORD
9377,I_WORD
9378,E_WORD
9380,B_WORD
9381,I_WORD
9382,E_WORD
9384,B_WORD
9386,B_WORD
9387,I_WORD
9388,I_WORD
9389,I_WORD
9390,I_WORD
9391,I_WORD
9392,I_WORD
9393,I_WORD
9394,E_WORD
9396,B_WORD
9398,B_WORD
9399,I_WORD
9400,I_WORD
9401,E_WORD
9403,B_WORD
9404,E_WORD
9406,B_WORD
9407,E_WORD
9409,B_WORD
9410,I_WORD
9411,E_WORD
9413,B_WORD
9414,I_WORD
9415,I_WORD
9416,E_WORD
9418,B_WORD
9419,E_WORD
9421,B_WORD
9423,B_WORD
9424,I_WORD
9425,I_WORD
9426,I_WORD
9427,I_WORD
9428,I_WORD
9429,I_WORD
9430,I_WORD
9431,E_WORD
9433,B_WORD
9435,B_WORD
9436,I_WORD
9437,I_WORD
9438,E_WORD
9440,B_WORD
9441,E_WORD
9443,B_WORD
9444,E_WORD
9446,B_WORD
9447,I_WORD
9448,I_WORD
9449,I_WORD
9450,I_WORD
9451,I_WORD
9452,I_WORD
9453,I_WORD
9454,I_WORD
9455,E_WORD
9456,B_WORD
9457,I_WORD
9458,I_WORD
9459,I_WORD
9460,I_WORD
9461,I_WORD
9462,E_WORD
9463,B_WORD
9464,E_WORD
9465,B_WORD
9466,I_WORD
9467,I_WORD
9468,I_WORD
9469,I_WORD
9470,E_WORD
9471,B_WORD
9472,I_WORD
9473,E_WORD
9474,B_WORD
9475,I_WORD
9476,E_WORD
9478,B_WORD
9479,I_WORD
9480,E_WORD
9481,B_WORD
9482,E_WORD
9483,B_WORD
9484,E_WORD
9485,B_WORD
9486,I_WORD
9487,I_WORD
9488,E_WORD
9490,B_WORD
9491,E_WORD
9492,B_WORD
9493,E_WORD
9494,B_WORD
9495,I_WORD
9496,I_WORD
9497,I_WORD
9498,I_WORD
9499,E_WORD
9501,B_WORD
9502,I_WORD
9503,E_WORD
9505,B_WORD
9506,I_WORD
9507,I_WORD
9508,E_WORD
9509,B_WORD
9510,I_WORD
9511,E_WORD
9512,B_WORD
9513,I_WORD
9514,E_WORD
9515,B_WORD
9516,I_WORD
9517,E_WORD
9518,B_WORD
9519,I_WORD
9520,E_WORD
9521,B_WORD
9522,I_WORD
9523,I_WORD
9524,I_WORD
9525,I_WORD
9526,I_WORD
9527,I_WORD
9528,I_WORD
9529,E_WORD
9530,B_WORD
9531,I_WORD
9532,E_WORD
9534,B_WORD
9535,I_WORD
9536,I_WORD
9537,I_WORD
9538,I_WORD
9539,I_WORD
9540,I_WORD
9541,I_WORD
9542,E_WORD
9543,B_WORD
9544,I_WORD
9545,E_WORD
9546,B_WORD
9547,I_WORD
9548,I_WORD
9549,I_WORD
9550,I_WORD
9551,E_WORD
9552,B_WORD
9553,I_WORD
9554,E_WORD
9555,B_WORD
9556,E_WORD
9557,B_WORD
9558,E_WORD
9559,B_WORD
9560,I_WORD
9561,I_WORD
9562,E_WORD
9564,B_WORD
9565,E_WORD
9566,B_WORD
9567,E_WORD
9569,B_WORD
9570,E_WORD
9571,B_WORD
9572,I_WORD
9573,E_WORD
9574,B_WORD
9575,I_WORD
9576,I_WORD
9577,I_WORD
9578,I_WORD
9579,I_WORD
9580,E_WORD
9581,B_WORD
9582,I_WORD
9583,I_WORD
9584,E_WORD
9585,B_WORD
9586,I_WORD
9587,I_WORD
9588,I_WORD
9589,E_WORD
9590,B_WORD
9591,I_WORD
9592,E_WORD
9593,B_WORD
9594,I_WORD
9595,E_WORD
9597,B_WORD
9598,I_WORD
9599,I_WORD
9600,I_WORD
9601,I_WORD
9602,I_WORD
9603,E_WORD
9604,B_WORD
9605,I_WORD
9606,E_WORD
9607,B_WORD
9608,I_WORD
9609,E_WORD
9610,B_WORD
9611,I_WORD
9612,E_WORD
9613,B_WORD
9614,E_WORD
9616,B_WORD
9617,I_WORD
9618,E_WORD
9619,B_WORD
9620,I_WORD
9621,E_WORD
9622,B_WORD
9623,E_WORD
9624,B_WORD
9625,I_WORD
9626,I_WORD
9627,I_WORD
9628,I_WORD
9629,E_WORD
9630,B_WORD
9631,I_WORD
9632,E_WORD
9633,B_WORD
9634,I_WORD
9635,E_WORD
9636,B_WORD
9637,I_WORD
9638,I_WORD
9639,I_WORD
9640,I_WORD
9641,I_WORD
9642,I_WORD
9643,I_WORD
9644,I_WORD
9645,I_WORD
9646,I_WORD
9647,I_WORD
9648,E_WORD
9649,B_WORD
9650,I_WORD
9651,E_WORD
9652,B_WORD
9653,I_WORD
9654,I_WORD
9655,I_WORD
9656,E_WORD
9658,B_WORD
9659,I_WORD
9660,I_WORD
9661,I_WORD
9662,I_WORD
9663,I_WORD
9664,E_WORD
9665,B_WORD
9666,I_WORD
9667,I_WORD
9668,I_WORD
9669,I_WORD
9670,I_WORD
9671,I_WORD
9672,I_WORD
9673,I_WORD
9674,E_WORD
9675,B_WORD
9676,I_WORD
9677,E_WORD
9678,B_WORD
9679,E_WORD
9680,B_WORD
9681,I_WORD
9682,E_WORD
9683,B_WORD
9684,I_WORD
9685,E_WORD
9686,B_WORD
9687,I_WORD
9688,E_WORD
9689,B_WORD
9690,I_WORD
9691,I_WORD
9692,I_WORD
9693,I_WORD
9694,I_WORD
9695,I_WORD
9696,I_WORD
9697,I_WORD
9698,E_WORD
9699,B_WORD
9700,I_WORD
9701,I_WORD
9702,E_WORD
9703,B_WORD
9704,I_WORD
9705,I_WORD
9706,I_WORD
9707,I_WORD
9708,I_WORD
9709,I_WORD
9710,E_WORD
9711,B_WORD
9712,I_WORD
9713,E_WORD
9714,B_WORD
9715,E_WORD
9716,B_WORD
9717,I_WORD
9718,I_WORD
9719,I_WORD
9720,E_WORD
9721,B_WORD
9722,I_WORD
9723,I_WORD
9724,I_WORD
9725,I_WORD
9726,I_WORD
9727,I_WORD
9728,I_WORD
9729,E_WORD
9730,B_WORD
9731,I_WORD
9732,I_WORD
9733,I_WORD
9734,I_WORD
9735,E_WORD
9737,B_WORD
9738,I_WORD
9739,E_WORD
9741,B_WORD
9742,I_WORD
9743,I_WORD
9744,I_WORD
9745,E_WORD
9746,B_WORD
9747,I_WORD
9748,I_WORD
9749,I_WORD
9750,I_WORD
9751,I_WORD
9752,I_WORD
9753,E_WORD
9755,B_WORD
9756,I_WORD
9757,I_WORD
9758,I_WORD
9759,I_WORD
9760,I_WORD
9761,I_WORD
9762,E_WORD
9764,B_WORD
9765,I_WORD
9766,E_WORD
9767,B_WORD
9768,E_WORD
9769,B_WORD
9770,E_WORD
9771,B_WORD
9772,I_WORD
9773,I_WORD
9774,E_WORD
9776,B_WORD
9777,E_WORD
9778,B_WORD
9779,E_WORD
9780,B_WORD
9781,I_WORD
9782,E_WORD
9783,B_WORD
9784,I_WORD
9785,E_WORD
9786,B_WORD
9787,I_WORD
9788,I_WORD
9789,I_WORD
9790,I_WORD
9791,E_WORD
9792,B_WORD
9793,I_WORD
9794,E_WORD
9795,B_WORD
9796,I_WORD
9797,E_WORD
9798,B_WORD
9799,I_WORD
9800,I_WORD
9801,I_WORD
9802,I_WORD
9803,E_WORD
9804,B_WORD
9805,I_WORD
9806,I_WORD
9807,I_WORD
9808,I_WORD
9809,I_WORD
9810,I_WORD
9811,I_WORD
9812,I_WORD
9813,E_WORD
9814,B_WORD
9815,I_WORD
9816,I_WORD
9817,E_WORD
9819,B_WORD
9820,I_WORD
9821,E_WORD
9823,B_WORD
9825,B_WORD
9826,I_WORD
9827,I_WORD
9828,E_WORD
9829,B_WORD
9830,I_WORD
9831,I_WORD
9832,E_WORD
9834,B_WORD
9836,B_WORD
9837,I_WORD
9838,I_WORD
9839,I_WORD
9840,I_WORD
9841,E_WORD
9842,B_WORD
9843,I_WORD
9844,I_WORD
9845,I_WORD
9846,I_WORD
9847,E_WORD
9849,B_WORD
9850,I_WORD
9851,E_WORD
9852,B_WORD
9853,I_WORD
9854,I_WORD
9855,I_WORD
9856,I_WORD
9857,E_WORD
9859,B_WORD
9860,I_WORD
9861,E_WORD
9862,B_WORD
9863,I_WORD
9864,I_WORD
9865,E_WORD
9866,B_WORD
9867,I_WORD
9868,I_WORD
9869,I_WORD
9870,I_WORD
9871,E_WORD
9872,B_WORD
9873,I_WORD
9874,I_WORD
9875,I_WORD
9876,I_WORD
9877,E_WORD
9879,B_WORD
9880,I_WORD
9881,I_WORD
9882,I_WORD
9883,I_WORD
9884,I_WORD
9885,E_WORD
9886,B_WORD
9887,I_WORD
9888,I_WORD
9889,I_WORD
9890,I_WORD
9891,I_WORD
9892,I_WORD
9893,I_WORD
9894,I_WORD
9895,I_WORD
9896,I_WORD
9897,I_WORD
9898,E_WORD
9899,B_WORD
9900,I_WORD
9901,E_WORD
9902,B_WORD
9903,I_WORD
9904,I_WORD
9905,E_WORD
9907,B_WORD
9908,I_WORD
9909,E_WORD
9911,B_WORD
9913,B_WORD
9914,I_WORD
9915,I_WORD
9916,E_WORD
9917,B_WORD
9918,I_WORD
9919,I_WORD
9920,E_WORD
9922,B_WORD
9924,B_WORD
9925,I_WORD
9926,I_WORD
9927,E_WORD
9928,B_WORD
9929,I_WORD
9930,E_WORD
9932,B_WORD
9933,I_WORD
9934,I_WORD
9935,E_WORD
9936,B_WORD
9937,I_WORD
9938,I_WORD
9939,E_WORD
9941,B_WORD
9942,I_WORD
9943,E_WORD
9944,B_WORD
9945,I_WORD
9946,I_WORD
9947,I_WORD
9948,I_WORD
9949,I_WORD
9950,I_WORD
9951,E_WORD
9952,B_WORD
9953,I_WORD
9954,I_WORD
9955,I_WORD
9956,I_WORD
9957,I_WORD
9958,I_WORD
9959,I_WORD
9960,I_WORD
9961,E_WORD
9963,B_WORD
9964,I_WORD
9965,I_WORD
9966,E_WORD
9967,B_WORD
9968,I_WORD
9969,I_WORD
9970,I_WORD
9971,E_WORD
9972,B_WORD
9973,I_WORD
9974,I_WORD
9975,I_WORD
9976,I_WORD
9977,I_WORD
9978,I_WORD
9979,I_WORD
9980,I_WORD
9981,E_WORD
9982,B_WORD
9983,I_WORD
9984,E_WORD
9985,B_WORD
9986,I_WORD
9987,I_WORD
9988,I_WORD
9989,I_WORD
9990,I_WORD
9991,E_WORD
9992,B_WORD
9993,I_WORD
9994,I_WORD
9995,I_WORD
9996,I_WORD
9997,I_WORD
9998,I_WORD
9999,I_WORD
10000,E_WORD
10001,B_WORD
10002,I_WORD
10003,I_WORD
10004,I_WORD
10005,I_WORD
10006,I_WORD
10007,I_WORD
10008,I_WORD
10009,E_WORD
10010,B_WORD
10011,E_WORD
10012,B_WORD
10013,I_WORD
10014,I_WORD
10015,I_WORD
10016,I_WORD
10017,I_WORD
10018,I_WORD
10019,I_WORD
10020,E_WORD
10021,B_WORD
10022,I_WORD
10023,I_WORD
10024,I_WORD
10025,I_WORD
10026,I_WORD
10027,I_WORD
10028,I_WORD
10029,I_WORD
10030,I_WORD
10031,I_WORD
10032,I_WORD
10033,E_WORD
10035,B_WORD
10036,I_WORD
10037,I_WORD
10038,E_WORD
10040,B_WORD
10042,B_WORD
10043,I_WORD
10044,I_WORD
10045,I_WORD
10046,I_WORD
10047,E_WORD
10048,B_WORD
10049,I_WORD
10050,I_WORD
10051,I_WORD
10052,I_WORD
10053,I_WORD
10054,E_WORD
10056,B_WORD
10058,B_WORD
10059,E_WORD
10061,B_WORD
10062,I_WORD
10063,I_WORD
10064,E_WORD
10066,B_WORD
10067,I_WORD
10068,I_WORD
10069,E_WORD
10070,B_WORD
10071,I_WORD
10072,I_WORD
10073,E_WORD
10074,B_WORD
10075,I_WORD
10076,I_WORD
10077,I_WORD
10078,I_WORD
10079,I_WORD
10080,I_WORD
10081,I_WORD
10082,I_WORD
10083,I_WORD
10084,I_WORD
10085,E_WORD
10086,B_WORD
10087,I_WORD
10088,I_WORD
10089,I_WORD
10090,I_WORD
10091,E_WORD
10092,B_WORD
10093,I_WORD
10094,I_WORD
10095,E_WORD
10096,B_WORD
10097,I_WORD
10098,I_WORD
10099,I_WORD
10100,I_WORD
10101,E_WORD
10103,B_WORD
10104,I_WORD
10105,I_WORD
10106,E_WORD
10108,B_WORD
10110,B_WORD
10111,I_WORD
10112,I_WORD
10113,E_WORD
10115,B_WORD
10116,I_WORD
10117,I_WORD
10118,E_WORD
10120,B_WORD
10122,B_WORD
10123,I_WORD
10124,I_WORD
10125,E_WORD
10126,B_WORD
10127,I_WORD
10128,I_WORD
10129,I_WORD
10130,I_WORD
10131,E_WORD
10133,B_WORD
10134,E_WORD
10135,B_WORD
10136,I_WORD
10137,E_WORD
10138,B_WORD
10139,I_WORD
10140,I_WORD
10141,I_WORD
10142,E_WORD
10144,B_WORD
10145,I_WORD
10146,I_WORD
10147,E_WORD
10148,B_WORD
10149,I_WORD
10150,I_WORD
10151,I_WORD
10152,I_WORD
10153,I_WORD
10154,I_WORD
10155,I_WORD
10156,I_WORD
10157,E_WORD
10158,B_WORD
10159,I_WORD
10160,I_WORD
10161,I_WORD
10162,I_WORD
10163,I_WORD
10164,E_WORD
10166,B_WORD
10167,I_WORD
10168,E_WORD
10169,B_WORD
10170,I_WORD
10171,I_WORD
10172,I_WORD
10173,I_WORD
10174,E_WORD
10176,B_WORD
10177,I_WORD
10178,I_WORD
10179,I_WORD
10180,I_WORD
10181,I_WORD
10182,I_WORD
10183,I_WORD
10184,E_WORD
10185,B_WORD
10186,I_WORD
10187,E_WORD
10188,B_WORD
10189,I_WORD
10190,I_WORD
10191,I_WORD
10192,I_WORD
10193,E_WORD
10194,B_WORD
10195,I_WORD
10196,I_WORD
10197,I_WORD
10198,I_WORD
10199,I_WORD
10200,E_WORD
10201,B_WORD
10202,I_WORD
10203,I_WORD
10204,E_WORD
10205,B_WORD
10206,I_WORD
10207,E_WORD
10209,B_WORD
10210,I_WORD
10211,I_WORD
10212,E_WORD
10214,B_WORD
10215,I_WORD
10216,I_WORD
10217,I_WORD
10218,E_WORD
10220,B_WORD
10221,I_WORD
10222,E_WORD
10223,B_WORD
10224,I_WORD
10225,I_WORD
10226,E_WORD
10227,B_WORD
10228,I_WORD
10229,I_WORD
10230,I_WORD
10231,I_WORD
10232,E_WORD
10234,B_WORD
10235,E_WORD
10236,B_WORD
10237,I_WORD
10238,E_WORD
10239,B_WORD
10240,I_WORD
10241,I_WORD
10242,I_WORD
10243,E_WORD
10245,B_WORD
10246,I_WORD
10247,I_WORD
10248,I_WORD
10249,I_WORD
10250,I_WORD
10251,I_WORD
10252,E_WORD
10253,B_WORD
10254,I_WORD
10255,I_WORD
10256,I_WORD
10257,I_WORD
10258,E_WORD
10259,B_WORD
10260,I_WORD
10261,I_WORD
10262,I_WORD
10263,I_WORD
10264,I_WORD
10265,E_WORD
10266,B_WORD
10267,I_WORD
10268,I_WORD
10269,I_WORD
10270,I_WORD
10271,I_WORD
10272,I_WORD
10273,I_WORD
10274,I_WORD
10275,I_WORD
10276,I_WORD
10277,I_WORD
10278,E_WORD
10279,B_WORD
10280,I_WORD
10281,E_WORD
10282,B_WORD
10283,I_WORD
10284,I_WORD
10285,E_WORD
10287,B_WORD
10288,I_WORD
10289,I_WORD
10290,E_WORD
10291,B_WORD
10292,I_WORD
10293,I_WORD
10294,I_WORD
10295,I_WORD
10296,E_WORD
10297,B_WORD
10298,I_WORD
10299,I_WORD
10300,I_WORD
10301,I_WORD
10302,I_WORD
10303,I_WORD
10304,I_WORD
10305,E_WORD
10306,B_WORD
10307,I_WORD
10308,I_WORD
10309,I_WORD
10310,I_WORD
10311,I_WORD
10312,I_WORD
10313,I_WORD
10314,I_WORD
10315,E_WORD
10316,B_WORD
10317,I_WORD
10318,I_WORD
10319,E_WORD
10320,B_WORD
10321,I_WORD
10322,E_WORD
10324,B_WORD
10325,I_WORD
10326,E_WORD
10327,B_WORD
10328,I_WORD
10329,I_WORD
10330,I_WORD
10331,I_WORD
10332,I_WORD
10333,I_WORD
10334,I_WORD
10335,I_WORD
10336,E_WORD
10337,B_WORD
10338,I_WORD
10339,I_WORD
10340,I_WORD
10341,I_WORD
10342,I_WORD
10343,E_WORD
10344,B_WORD
10345,I_WORD
10346,I_WORD
10347,I_WORD
10348,I_WORD
10349,I_WORD
10350,I_WORD
10351,I_WORD
10352,I_WORD
10353,I_WORD
10354,I_WORD
10355,I_WORD
10356,E_WORD
10357,B_WORD
10358,I_WORD
10359,E_WORD
10360,B_WORD
10361,I_WORD
10362,I_WORD
10363,E_WORD
10365,B_WORD
10366,E_WORD
10367,B_WORD
10368,I_WORD
10369,E_WORD
10370,B_WORD
10371,I_WORD
10372,I_WORD
10373,I_WORD
10374,I_WORD
10375,E_WORD
10377,B_WORD
10378,I_WORD
10379,I_WORD
10380,I_WORD
10381,E_WORD
10382,B_WORD
10383,I_WORD
10384,I_WORD
10385,I_WORD
10386,I_WORD
10387,E_WORD
10389,B_WORD
10390,E_WORD
10392,B_WORD
10393,I_WORD
10394,I_WORD
10395,I_WORD
10396,I_WORD
10397,I_WORD
10398,E_WORD
10400,B_WORD
10401,I_WORD
10402,I_WORD
10403,I_WORD
10404,I_WORD
10405,I_WORD
10406,I_WORD
10407,I_WORD
10408,E_WORD
10410,B_WORD
10411,I_WORD
10412,I_WORD
10413,E_WORD
10414,B_WORD
10415,I_WORD
10416,I_WORD
10417,I_WORD
10418,I_WORD
10419,I_WORD
10420,I_WORD
10421,I_WORD
10422,E_WORD
10424,B_WORD
10425,I_WORD
10426,E_WORD
10427,B_WORD
10428,I_WORD
10429,I_WORD
10430,E_WORD
10431,B_WORD
10432,I_WORD
10433,I_WORD
10434,I_WORD
10435,I_WORD
10436,E_WORD
10438,B_WORD
10439,I_WORD
10440,I_WORD
10441,I_WORD
10442,I_WORD
10443,I_WORD
10444,E_WORD
10445,B_WORD
10446,I_WORD
10447,E_WORD
10449,B_WORD
10450,I_WORD
10451,I_WORD
10452,I_WORD
10453,I_WORD
10454,I_WORD
10455,I_WORD
10456,I_WORD
10457,I_WORD
10458,E_WORD
10459,B_WORD
10460,I_WORD
10461,I_WORD
10462,E_WORD
10463,B_WORD
10464,I_WORD
10465,E_WORD
10466,B_WORD
10467,I_WORD
10468,I_WORD
10469,I_WORD
10470,E_WORD
10471,B_WORD
10472,I_WORD
10473,E_WORD
10474,B_WORD
10475,I_WORD
10476,I_WORD
10477,I_WORD
10478,E_WORD
10479,B_WORD
10480,I_WORD
10481,I_WORD
10482,I_WORD
10483,I_WORD
10484,I_WORD
10485,I_WORD
10486,I_WORD
10487,E_WORD
10488,B_WORD
10489,I_WORD
10490,I_WORD
10491,I_WORD
10492,I_WORD
10493,E_WORD
10494,B_WORD
10495,I_WORD
10496,E_WORD
10497,B_WORD
10498,I_WORD
10499,E_WORD
10500,B_WORD
10501,I_WORD
10502,E_WORD
10504,B_WORD
10505,I_WORD
10506,E_WORD
10507,B_WORD
10508,I_WORD
10509,I_WORD
10510,I_WORD
10511,I_WORD
10512,E_WORD
10513,B_WORD
10514,I_WORD
10515,I_WORD
10516,I_WORD
10517,I_WORD
10518,I_WORD
10519,E_WORD
10520,B_WORD
10521,I_WORD
10522,I_WORD
10523,E_WORD
10524,B_WORD
10525,I_WORD
10526,E_WORD
10528,B_WORD
10529,I_WORD
10530,I_WORD
10531,E_WORD
10533,B_WORD
10534,I_WORD
10535,I_WORD
10536,E_WORD
10538,B_WORD
10539,I_WORD
10540,I_WORD
10541,I_WORD
10542,E_WORD
10543,B_WORD
10544,I_WORD
10545,I_WORD
10546,I_WORD
10547,I_WORD
10548,I_WORD
10549,E_WORD
10551,B_WORD
10552,I_WORD
10553,E_WORD
10554,B_WORD
10555,I_WORD
10556,E_WORD
10557,B_WORD
10558,I_WORD
10559,I_WORD
10560,I_WORD
10561,E_WORD
10563,B_WORD
10564,I_WORD
10565,E_WORD
10566,B_WORD
10567,I_WORD
10568,I_WORD
10569,I_WORD
10570,I_WORD
10571,I_WORD
10572,I_WORD
10573,I_WORD
10574,E_WORD
10576,B_WORD
10577,I_WORD
10578,E_WORD
10580,B_WORD
10581,I_WORD
10582,I_WORD
10583,I_WORD
10584,I_WORD
10585,I_WORD
10586,I_WORD
10587,E_WORD
10588,B_WORD
10589,I_WORD
10590,I_WORD
10591,I_WORD
10592,I_WORD
10593,I_WORD
10594,I_WORD
10595,I_WORD
10596,I_WORD
10597,E_WORD
10598,B_WORD
10599,I_WORD
10600,I_WORD
10601,E_WORD
10602,B_WORD
10603,I_WORD
10604,E_WORD
10606,B_WORD
10607,I_WORD
10608,I_WORD
10609,E_WORD
10610,B_WORD
10611,I_WORD
10612,I_WORD
10613,I_WORD
10614,I_WORD
10615,I_WORD
10616,I_WORD
10617,I_WORD
10618,E_WORD
10619,B_WORD
10620,I_WORD
10621,I_WORD
10622,I_WORD
10623,I_WORD
10624,I_WORD
10625,I_WORD
10626,I_WORD
10627,I_WORD
10628,E_WORD
10630,B_WORD
10631,E_WORD
10632,B_WORD
10633,I_WORD
10634,I_WORD
10635,I_WORD
10636,I_WORD
10637,I_WORD
10638,E_WORD
10639,B_WORD
10640,I_WORD
10641,E_WORD
10642,B_WORD
10643,I_WORD
10644,I_WORD
10645,I_WORD
10646,I_WORD
10647,E_WORD
10648,B_WORD
10649,I_WORD
10650,I_WORD
10651,I_WORD
10652,I_WORD
10653,I_WORD
10654,E_WORD
10655,B_WORD
10656,I_WORD
10657,I_WORD
10658,I_WORD
10659,I_WORD
10660,E_WORD
10662,B_WORD
10663,I_WORD
10664,I_WORD
10665,E_WORD
10666,B_WORD
10667,E_WORD
10668,B_WORD
10669,I_WORD
10670,I_WORD
10671,E_WORD
10672,B_WORD
10673,E_WORD
10674,B_WORD
10675,I_WORD
10676,E_WORD
10678,B_WORD
10679,E_WORD
10680,B_WORD
10681,I_WORD
10682,I_WORD
10683,B_WORD
10684,I_WORD
10685,I_WORD
10686,E_WORD
10687,B_WORD
10688,I_WORD
10689,E_WORD
10690,B_WORD
10691,E_WORD
10692,B_WORD
10693,I_WORD
10694,I_WORD
10695,I_WORD
10696,I_WORD
10697,E_WORD
10698,B_WORD
10699,I_WORD
10700,I_WORD
10701,I_WORD
10702,E_WORD
10703,B_WORD
10704,I_WORD
10705,I_WORD
10706,I_WORD
10707,I_WORD
10708,I_WORD
10709,E_WORD
10710,B_WORD
10711,I_WORD
10712,I_WORD
10713,I_WORD
10714,I_WORD
10715,E_WORD
10716,B_WORD
10717,I_WORD
10718,E_WORD
10719,B_WORD
10720,I_WORD
10721,I_WORD
10722,I_WORD
10723,I_WORD
10724,E_WORD
10725,B_WORD
10726,I_WORD
10727,I_WORD
10728,I_WORD
10729,I_WORD
10730,I_WORD
10731,E_WORD
10733,B_WORD
10734,I_WORD
10735,I_WORD
10736,I_WORD
10737,I_WORD
10738,I_WORD
10739,E_WORD
10741,B_WORD
10742,I_WORD
10743,I_WORD
10744,I_WORD
10745,I_WORD
10746,E_WORD
10747,B_WORD
10748,I_WORD
10749,E_WORD
10750,B_WORD
10751,I_WORD
10752,I_WORD
10753,I_WORD
10754,I_WORD
10755,E_WORD
10756,B_WORD
10757,I_WORD
10758,I_WORD
10759,I_WORD
10760,I_WORD
10761,I_WORD
10762,E_WORD
10763,B_WORD
10764,I_WORD
10765,I_WORD
10766,E_WORD
10767,B_WORD
10768,I_WORD
10769,E_WORD
10771,B_WORD
10772,I_WORD
10773,I_WORD
10774,E_WORD
10776,B_WORD
10777,I_WORD
10778,I_WORD
10779,E_WORD
10781,B_WORD
10782,I_WORD
10783,I_WORD
10784,I_WORD
10785,I_WORD
10786,E_WORD
10787,B_WORD
10788,I_WORD
10789,I_WORD
10790,I_WORD
10791,I_WORD
10792,I_WORD
10793,I_WORD
10794,I_WORD
10795,E_WORD
10796,B_WORD
10797,I_WORD
10798,E_WORD
10799,B_WORD
10800,I_WORD
10801,I_WORD
10802,I_WORD
10803,I_WORD
10804,I_WORD
10805,I_WORD
10806,I_WORD
10807,I_WORD
10808,I_WORD
10809,E_WORD
10810,B_WORD
10811,I_WORD
10812,E_WORD
10813,B_WORD
10814,I_WORD
10815,I_WORD
10816,I_WORD
10817,E_WORD
10819,B_WORD
10820,I_WORD
10821,I_WORD
10822,E_WORD
10824,B_WORD
10825,I_WORD
10826,I_WORD
10827,E_WORD
10829,B_WORD
10830,I_WORD
10831,I_WORD
10832,I_WORD
10833,I_WORD
10834,I_WORD
10835,I_WORD
10836,E_WORD
10837,B_WORD
10838,I_WORD
10839,I_WORD
10840,I_WORD
10841,I_WORD
10842,I_WORD
10843,I_WORD
10844,I_WORD
10845,E_WORD
10846,B_WORD
10847,I_WORD
10848,I_WORD
10849,I_WORD
10850,I_WORD
10851,I_WORD
10852,I_WORD
10853,I_WORD
10854,I_WORD
10855,I_WORD
10856,I_WORD
10857,I_WORD
10858,E_WORD
10860,B_WORD
10861,I_WORD
10862,I_WORD
10863,E_WORD
10865,B_WORD
10867,B_WORD
10868,I_WORD
10869,I_WORD
10870,I_WORD
10871,I_WORD
10872,E_WORD
10873,B_WORD
10874,I_WORD
10875,I_WORD
10876,I_WORD
10877,I_WORD
10878,I_WORD
10879,E_WORD
10881,B_WORD
10883,B_WORD
10884,I_WORD
10885,I_WORD
10886,I_WORD
10887,I_WORD
10888,I_WORD
10889,E_WORD
10891,B_WORD
10892,I_WORD
10893,I_WORD
10894,E_WORD
10896,B_WORD
10897,I_WORD
10898,I_WORD
10899,E_WORD
10900,B_WORD
10901,I_WORD
10902,I_WORD
10903,E_WORD
10904,B_WORD
10905,I_WORD
10906,I_WORD
10907,B_WORD
10908,I_WORD
10909,I_WORD
10910,I_WORD
10911,I_WORD
10912,E_WORD
10913,B_WORD
10914,I_WORD
10915,I_WORD
10916,I_WORD
10917,E_WORD
10918,B_WORD
10919,I_WORD
10920,E_WORD
10922,B_WORD
10923,E_WORD
10925,B_WORD
10926,I_WORD
10927,E_WORD
10928,B_WORD
10929,I_WORD
10930,I_WORD
10931,I_WORD
10932,I_WORD
10933,E_WORD
10934,B_WORD
10935,I_WORD
10936,I_WORD
10937,I_WORD
10938,I_WORD
10939,I_WORD
10940,I_WORD
10941,E_WORD
10942,B_WORD
10943,I_WORD
10944,I_WORD
10945,I_WORD
10946,E_WORD
10947,B_WORD
10948,I_WORD
10949,I_WORD
10950,I_WORD
10951,I_WORD
10952,E_WORD
10954,B_WORD
10955,E_WORD
10957,B_WORD
10958,I_WORD
10959,I_WORD
10960,I_WORD
10961,I_WORD
10962,I_WORD
10963,E_WORD
10965,B_WORD
10966,I_WORD
10967,I_WORD
10968,I_WORD
10969,I_WORD
10970,I_WORD
10971,I_WORD
10972,I_WORD
10973,E_WORD
10975,B_WORD
10976,I_WORD
10977,E_WORD
10979,B_WORD
10981,B_WORD
10982,I_WORD
10983,I_WORD
10984,E_WORD
10985,B_WORD
10986,I_WORD
10987,I_WORD
10988,E_WORD
10990,B_WORD
10992,B_WORD
10993,I_WORD
10994,I_WORD
10995,E_WORD
10996,B_WORD
10997,I_WORD
10998,E_WORD
11000,B_WORD
11001,I_WORD
11002,I_WORD
11003,E_WORD
11004,B_WORD
11005,I_WORD
11006,I_WORD
11007,E_WORD
11009,B_WORD
11010,I_WORD
11011,E_WORD
11012,B_WORD
11013,I_WORD
11014,I_WORD
11015,I_WORD
11016,I_WORD
11017,I_WORD
11018,I_WORD
11019,E_WORD
11020,B_WORD
11021,I_WORD
11022,I_WORD
11023,I_WORD
11024,I_WORD
11025,I_WORD
11026,I_WORD
11027,I_WORD
11028,I_WORD
11029,E_WORD
11031,B_WORD
11032,I_WORD
11033,I_WORD
11034,I_WORD
11035,I_WORD
11036,E_WORD
11037,B_WORD
11038,I_WORD
11039,I_WORD
11040,I_WORD
11041,I_WORD
11042,I_WORD
11043,I_WORD
11044,I_WORD
11045,I_WORD
11046,E_WORD
11047,B_WORD
11048,I_WORD
11049,E_WORD
11050,B_WORD
11051,I_WORD
11052,I_WORD
11053,I_WORD
11054,I_WORD
11055,I_WORD
11056,E_WORD
11057,B_WORD
11058,I_WORD
11059,I_WORD
11060,I_WORD
11061,I_WORD
11062,I_WORD
11063,I_WORD
11064,I_WORD
11065,E_WORD
11066,B_WORD
11067,I_WORD
11068,I_WORD
11069,I_WORD
11070,I_WORD
11071,I_WORD
11072,I_WORD
11073,I_WORD
11074,E_WORD
11076,B_WORD
11077,I_WORD
11078,E_WORD
11079,B_WORD
11080,E_WORD
11081,B_WORD
11082,I_WORD
11083,I_WORD
11084,I_WORD
11085,I_WORD
11086,I_WORD
11087,E_WORD
11089,B_WORD
11091,B_WORD
11092,I_WORD
11093,I_WORD
11094,I_WORD
11095,I_WORD
11096,E_WORD
11098,B_WORD
11099,I_WORD
11100,E_WORD
11102,B_WORD
11103,E_WORD
11104,B_WORD
11105,I_WORD
11106,I_WORD
11107,E_WORD
11109,B_WORD
11111,B_WORD
11112,I_WORD
11113,E_WORD
11115,B_WORD
11117,B_WORD
11118,I_WORD
11119,I_WORD
11120,E_WORD
11121,B_WORD
11122,I_WORD
11123,I_WORD
11124,E_WORD
11126,B_WORD
11128,B_WORD
11129,I_WORD
11130,I_WORD
11131,I_WORD
11132,I_WORD
11133,E_WORD
11134,B_WORD
11135,I_WORD
11136,I_WORD
11137,I_WORD
11138,I_WORD
11139,I_WORD
11140,I_WORD
11141,I_WORD
11142,E_WORD
11143,B_WORD
11144,I_WORD
11145,E_WORD
11146,B_WORD
11147,I_WORD
11148,I_WORD
11149,E_WORD
11151,B_WORD
11152,I_WORD
11153,E_WORD
11154,B_WORD
11155,I_WORD
11156,I_WORD
11157,E_WORD
11158,B_WORD
11159,I_WORD
11160,I_WORD
11161,I_WORD
11162,I_WORD
11163,I_WORD
11164,I_WORD
11165,I_WORD
11166,E_WORD
11167,B_WORD
11168,I_WORD
11169,E_WORD
11170,B_WORD
11171,I_WORD
11172,I_WORD
11173,E_WORD
11174,B_WORD
11175,I_WORD
11176,I_WORD
11177,I_WORD
11178,I_WORD
11179,E_WORD
11180,B_WORD
11181,I_WORD
11182,E_WORD
11183,B_WORD
11184,I_WORD
11185,I_WORD
11186,I_WORD
11187,E_WORD
11188,B_WORD
11189,I_WORD
11190,I_WORD
11191,I_WORD
11192,E_WORD
11194,B_WORD
11195,I_WORD
11196,I_WORD
11197,E_WORD
11198,B_WORD
11199,I_WORD
11200,I_WORD
11201,I_WORD
11202,I_WORD
11203,I_WORD
11204,E_WORD
11205,B_WORD
11206,I_WORD
11207,I_WORD
11208,I_WORD
11209,I_WORD
11210,I_WORD
11211,I_WORD
11212,I_WORD
11213,I_WORD
11214,I_WORD
11215,I_WORD
11216,I_WORD
11217,E_WORD
11218,B_WORD
11219,I_WORD
11220,E_WORD
11221,B_WORD
11222,I_WORD
11223,I_WORD
11224,E_WORD
11226,B_WORD
11227,I_WORD
11228,E_WORD
11229,B_WORD
11230,I_WORD
11231,I_WORD
11232,I_WORD
11233,I_WORD
11234,I_WORD
11235,E_WORD
11236,B_WORD
11237,I_WORD
11238,E_WORD
11239,B_WORD
11240,I_WORD
11241,E_WORD
11242,B_WORD
11243,I_WORD
11244,I_WORD
11245,I_WORD
11246,E_WORD
11248,B_WORD
11249,I_WORD
11250,I_WORD
11251,I_WORD
11252,I_WORD
11253,I_WORD
11254,I_WORD
11255,E_WORD
11257,B_WORD
11258,I_WORD
11259,I_WORD
11260,I_WORD
11261,I_WORD
11262,I_WORD
11263,E_WORD
11264,B_WORD
11265,I_WORD
11266,I_WORD
11267,B_WORD
11268,I_WORD
11269,I_WORD
11270,I_WORD
11271,I_WORD
11272,I_WORD
11273,I_WORD
11274,I_WORD
11275,I_WORD
11276,E_WORD
11277,B_WORD
11278,I_WORD
11279,I_WORD
11280,I_WORD
11281,I_WORD
11282,I_WORD
11283,E_WORD
11285,B_WORD
11286,I_WORD
11287,I_WORD
11288,E_WORD
11289,B_WORD
11290,I_WORD
11291,E_WORD
11292,B_WORD
11293,I_WORD
11294,I_WORD
11295,I_WORD
11296,I_WORD
11297,E_WORD
11299,B_WORD
11301,B_WORD
11302,I_WORD
11303,I_WORD
11304,E_WORD
11305,B_WORD
11306,I_WORD
11307,I_WORD
11308,E_WORD
11310,B_WORD
11312,B_WORD
11313,I_WORD
11314,I_WORD
11315,E_WORD
11316,B_WORD
11317,I_WORD
11318,I_WORD
11319,I_WORD
11320,I_WORD
11321,I_WORD
11322,I_WORD
11323,I_WORD
11324,I_WORD
11325,I_WORD
11326,I_WORD
11327,E_WORD
11328,B_WORD
11329,I_WORD
11330,I_WORD
11331,E_WORD
11332,B_WORD
11333,I_WORD
11334,I_WORD
11335,I_WORD
11336,I_WORD
11337,E_WORD
11338,B_WORD
11339,I_WORD
11340,I_WORD
11341,E_WORD
11342,B_WORD
11343,I_WORD
11344,I_WORD
11345,I_WORD
11346,I_WORD
11347,E_WORD
11349,B_WORD
11350,I_WORD
11351,E_WORD
11352,B_WORD
11353,I_WORD
11354,I_WORD
11355,E_WORD
11356,B_WORD
11357,I_WORD
11358,I_WORD
11359,E_WORD
11360,B_WORD
11361,I_WORD
11362,E_WORD
11363,B_WORD
11364,I_WORD
11365,E_WORD
11367,B_WORD
11368,I_WORD
11369,I_WORD
11370,I_WORD
11371,I_WORD
11372,I_WORD
11373,I_WORD
11374,E_WORD
11375,B_WORD
11376,I_WORD
11377,I_WORD
11378,I_WORD
11379,I_WORD
11380,E_WORD
11381,B_WORD
11382,I_WORD
11383,E_WORD
11384,B_WORD
11385,I_WORD
11386,I_WORD
11387,I_WORD
11388,I_WORD
11389,I_WORD
11390,I_WORD
11391,I_WORD
11392,I_WORD
11393,I_WORD
11394,I_WORD
11395,I_WORD
11396,E_WORD
11397,B_WORD
11398,I_WORD
11399,I_WORD
11400,E_WORD
11402,B_WORD
11403,I_WORD
11404,E_WORD
11405,B_WORD
11406,I_WORD
11407,I_WORD
11408,I_WORD
11409,I_WORD
11410,I_WORD
11411,I_WORD
11412,E_WORD
11413,B_WORD
11414,I_WORD
11415,I_WORD
11416,I_WORD
11417,I_WORD
11418,I_WORD
11419,I_WORD
11420,I_WORD
11421,I_WORD
11422,E_WORD
11423,B_WORD
11424,I_WORD
11425,I_WORD
11426,I_WORD
11427,E_WORD
11428,B_WORD
11429,E_WORD
11430,B_WORD
11431,I_WORD
11432,I_WORD
11433,E_WORD
11434,B_WORD
11435,I_WORD
11436,E_WORD
11437,B_WORD
11438,I_WORD
11439,I_WORD
11440,I_WORD
11441,B_WORD
11442,I_WORD
11443,I_WORD
11444,E_WORD
11446,B_WORD
11447,I_WORD
11448,E_WORD
11450,B_WORD
11452,B_WORD
11453,I_WORD
11454,I_WORD
11455,E_WORD
11456,B_WORD
11457,I_WORD
11458,I_WORD
11459,E_WORD
11461,B_WORD
11463,B_WORD
11464,I_WORD
11465,I_WORD
11466,I_WORD
11467,I_WORD
11468,I_WORD
11469,I_WORD
11470,E_WORD
11471,B_WORD
11472,I_WORD
11473,I_WORD
11474,E_WORD
11476,B_WORD
11477,E_WORD
11479,B_WORD
11480,E_WORD
11482,B_WORD
11483,I_WORD
11484,I_WORD
11485,E_WORD
11486,B_WORD
11487,I_WORD
11488,E_WORD
11490,B_WORD
11491,E_WORD
11493,B_WORD
11494,I_WORD
11495,I_WORD
11496,I_WORD
11497,I_WORD
11498,I_WORD
11499,E_WORD
11501,B_WORD
11502,I_WORD
11503,I_WORD
11504,I_WORD
11505,E_WORD
11506,B_WORD
11507,I_WORD
11508,I_WORD
11509,E_WORD
11510,B_WORD
11511,I_WORD
11512,I_WORD
11513,I_WORD
11514,I_WORD
11515,E_WORD
11516,B_WORD
11517,I_WORD
11518,E_WORD
11520,B_WORD
11522,B_WORD
11523,I_WORD
11524,E_WORD
11525,B_WORD
11526,I_WORD
11527,I_WORD
11528,I_WORD
11529,I_WORD
11530,I_WORD
11531,I_WORD
11532,I_WORD
11533,I_WORD
11534,I_WORD
11535,E_WORD
11537,B_WORD
11538,I_WORD
11539,I_WORD
11540,E_WORD
11541,B_WORD
11542,I_WORD
11543,I_WORD
11544,I_WORD
11545,I_WORD
11546,I_WORD
11547,I_WORD
11548,I_WORD
11549,I_WORD
11550,I_WORD
11551,I_WORD
11552,I_WORD
11553,E_WORD
11555,B_WORD
11556,I_WORD
11557,I_WORD
11558,I_WORD
11559,I_WORD
11560,I_WORD
11561,I_WORD
11562,I_WORD
11563,I_WORD
11564,I_WORD
11565,E_WORD
11566,B_WORD
11567,I_WORD
11568,I_WORD
11569,I_WORD
11570,I_WORD
11571,I_WORD
11572,E_WORD
11574,B_WORD
11575,I_WORD
11576,I_WORD
11577,E_WORD
11578,B_WORD
11579,I_WORD
11580,I_WORD
11581,I_WORD
11582,I_WORD
11583,E_WORD
11584,B_WORD
11585,I_WORD
11586,E_WORD
11587,B_WORD
11588,I_WORD
11589,I_WORD
11590,E_WORD
11591,B_WORD
11592,I_WORD
11593,I_WORD
11594,E_WORD
11595,B_WORD
11596,I_WORD
11597,E_WORD
11598,B_WORD
11599,I_WORD
11600,I_WORD
11601,E_WORD
11602,B_WORD
11603,I_WORD
11604,I_WORD
11605,I_WORD
11606,I_WORD
11607,I_WORD
11608,E_WORD
11609,B_WORD
11610,I_WORD
11611,I_WORD
11612,I_WORD
11613,I_WORD
11614,E_WORD
11615,B_WORD
11616,I_WORD
11617,I_WORD
11618,I_WORD
11619,I_WORD
11620,I_WORD
11621,I_WORD
11622,I_WORD
11623,I_WORD
11624,E_WORD
11625,B_WORD
11626,I_WORD
11627,E_WORD
11629,B_WORD
11630,E_WORD
11632,B_WORD
11633,I_WORD
11634,I_WORD
11635,I_WORD
11636,I_WORD
11637,I_WORD
11638,E_WORD
11640,B_WORD
11641,E_WORD
11642,B_WORD
11643,I_WORD
11644,I_WORD
11645,E_WORD
11647,B_WORD
11648,I_WORD
11649,I_WORD
11650,I_WORD
11651,I_WORD
11652,I_WORD
11653,I_WORD
11654,I_WORD
11655,E_WORD
11657,B_WORD
11658,I_WORD
11659,I_WORD
11660,I_WORD
11661,I_WORD
11662,I_WORD
11663,I_WORD
11664,I_WORD
11665,I_WORD
11666,E_WORD
11667,B_WORD
11668,I_WORD
11669,I_WORD
11670,E_WORD
11671,B_WORD
11672,I_WORD
11673,E_WORD
11675,B_WORD
11676,I_WORD
11677,I_WORD
11678,I_WORD
11679,I_WORD
11680,I_WORD
11681,E_WORD
11682,B_WORD
11683,I_WORD
11684,I_WORD
11685,I_WORD
11686,I_WORD
11687,E_WORD
11688,B_WORD
11689,I_WORD
11690,I_WORD
11691,I_WORD
11692,I_WORD
11693,E_WORD
11694,B_WORD
11695,I_WORD
11696,E_WORD
11697,B_WORD
11698,I_WORD
11699,I_WORD
11700,I_WORD
11701,I_WORD
11702,E_WORD
11703,B_WORD
11704,I_WORD
11705,I_WORD
11706,I_WORD
11707,I_WORD
11708,I_WORD
11709,I_WORD
11710,E_WORD
11711,B_WORD
11712,I_WORD
11713,E_WORD
11714,B_WORD
11715,I_WORD
11716,E_WORD
11717,B_WORD
11718,I_WORD
11719,I_WORD
11720,I_WORD
11721,I_WORD
11722,I_WORD
11723,I_WORD
11724,I_WORD
11725,I_WORD
11726,E_WORD
11728,B_WORD
11729,I_WORD
11730,E_WORD
11732,B_WORD
11733,I_WORD
11734,E_WORD
11735,B_WORD
11736,E_WORD
11737,B_WORD
11738,I_WORD
11739,I_WORD
11740,E_WORD
11742,B_WORD
11743,I_WORD
11744,I_WORD
11745,I_WORD
11746,E_WORD
11747,B_WORD
11748,I_WORD
11749,I_WORD
11750,E_WORD
11751,B_WORD
11752,I_WORD
11753,I_WORD
11754,I_WORD
11755,E_WORD
11757,B_WORD
11758,I_WORD
11759,I_WORD
11760,E_WORD
11761,B_WORD
11762,I_WORD
11763,I_WORD
11764,I_WORD
11765,E_WORD
11766,B_WORD
11767,I_WORD
11768,I_WORD
11769,E_WORD
11770,B_WORD
11771,I_WORD
11772,E_WORD
11773,B_WORD
11774,I_WORD
11775,I_WORD
11776,I_WORD
11777,E_WORD
11778,B_WORD
11779,I_WORD
11780,I_WORD
11781,E_WORD
11782,B_WORD
11783,I_WORD
11784,I_WORD
11785,I_WORD
11786,I_WORD
11787,E_WORD
11788,B_WORD
11789,I_WORD
11790,E_WORD
11792,B_WORD
11793,I_WORD
11794,I_WORD
11795,E_WORD
11796,B_WORD
11797,E_WORD
11798,B_WORD
11799,I_WORD
11800,I_WORD
11801,I_WORD
11802,I_WORD
11803,E_WORD
11804,B_WORD
11805,I_WORD
11806,I_WORD
11807,I_WORD
11808,I_WORD
11809,I_WORD
11810,E_WORD
11812,B_WORD
11813,I_WORD
11814,I_WORD
11815,I_WORD
11816,I_WORD
11817,I_WORD
11818,I_WORD
11819,I_WORD
11820,E_WORD
11821,B_WORD
11822,I_WORD
11823,I_WORD
11824,I_WORD
11825,I_WORD
11826,I_WORD
11827,I_WORD
11828,E_WORD
11829,B_WORD
11830,I_WORD
11831,I_WORD
11832,I_WORD
11833,I_WORD
11834,E_WORD
11836,B_WORD
11837,I_WORD
11838,I_WORD
11839,E_WORD
11840,B_WORD
11841,I_WORD
11842,I_WORD
11843,E_WORD
11844,B_WORD
11845,I_WORD
11846,I_WORD
11847,I_WORD
11848,I_WORD
11849,E_WORD
11850,B_WORD
11851,I_WORD
11852,I_WORD
11853,I_WORD
11854,E_WORD
11855,B_WORD
11856,E_WORD
11857,B_WORD
11858,E_WORD
11859,B_WORD
11860,I_WORD
11861,I_WORD
11862,I_WORD
11863,I_WORD
11864,I_WORD
11865,I_WORD
11866,E_WORD
11867,B_WORD
11868,I_WORD
11869,E_WORD
11870,B_WORD
11871,I_WORD
11872,I_WORD
11873,I_WORD
11874,I_WORD
11875,I_WORD
11876,I_WORD
11877,I_WORD
11878,I_WORD
11879,I_WORD
11880,I_WORD
11881,I_WORD
11882,I_WORD
11883,I_WORD
11884,I_WORD
11885,I_WORD
11886,I_WORD
11887,I_WORD
11888,I_WORD
11889,I_WORD
11890,I_WORD
11891,I_WORD
11892,I_WORD
11893,I_WORD
11894,I_WORD
11895,E_WORD
11897,B_WORD
11899,B_WORD
11900,I_WORD
11901,I_WORD
11902,E_WORD
11904,B_WORD
11906,B_WORD
11907,I_WORD
11908,E_WORD
11909,B_WORD
11910,I_WORD
11911,I_WORD
11912,I_WORD
11913,I_WORD
11914,I_WORD
11915,I_WORD
11916,I_WORD
11917,I_WORD
11918,I_WORD
11919,I_WORD
11920,I_WORD
11921,I_WORD
11922,I_WORD
11923,I_WORD
11924,I_WORD
11925,I_WORD
11926,I_WORD
11927,I_WORD
11928,E_WORD
11930,B_WORD
11932,B_WORD
11933,I_WORD
11934,I_WORD
11935,E_WORD
11937,B_WORD
11939,B_WORD
11940,I_WORD
11941,I_WORD
11942,I_WORD
11943,I_WORD
11944,I_WORD
11945,I_WORD
11946,E_WORD
11947,B_WORD
11948,I_WORD
11949,I_WORD
11950,I_WORD
11951,I_WORD
11952,E_WORD
11953,B_WORD
11954,I_WORD
11955,E_WORD
11956,B_WORD
11957,I_WORD
11958,I_WORD
11959,I_WORD
11960,I_WORD
11961,I_WORD
11962,I_WORD
11963,I_WORD
11964,I_WORD
11965,I_WORD
11966,E_WORD
11967,B_WORD
11968,I_WORD
11969,I_WORD
11970,I_WORD
11971,E_WORD
11972,B_WORD
11973,I_WORD
11974,I_WORD
11975,E_WORD
11976,B_WORD
11977,E_WORD
11978,B_WORD
11979,I_WORD
11980,I_WORD
11981,I_WORD
11982,E_WORD
11983,B_WORD
11984,I_WORD
11985,I_WORD
11986,I_WORD
11987,I_WORD
11988,E_WORD
11989,B_WORD
11990,I_WORD
11991,E_WORD
11992,B_WORD
11993,I_WORD
11994,E_WORD
11995,B_WORD
11996,I_WORD
11997,I_WORD
11998,E_WORD
11999,B_WORD
12000,I_WORD
12001,I_WORD
12002,I_WORD
12003,I_WORD
12004,E_WORD
12005,B_WORD
12006,I_WORD
12007,I_WORD
12008,I_WORD
12009,I_WORD
12010,I_WORD
12011,I_WORD
12012,I_WORD
12013,I_WORD
12014,I_WORD
12015,E_WORD
12017,B_WORD
12018,I_WORD
12019,I_WORD
12020,I_WORD
12021,I_WORD
12022,E_WORD
12023,B_WORD
12024,I_WORD
12025,E_WORD
12026,B_WORD
12027,I_WORD
12028,E_WORD
12029,B_WORD
12030,I_WORD
12031,E_WORD
12032,B_WORD
12033,I_WORD
12034,I_WORD
12035,I_WORD
12036,I_WORD
12037,I_WORD
12038,E_WORD
12039,B_WORD
12040,I_WORD
12041,I_WORD
12042,I_WORD
12043,I_WORD
12044,E_WORD
12045,B_WORD
12046,I_WORD
12047,I_WORD
12048,E_WORD
12049,B_WORD
12050,I_WORD
12051,I_WORD
12052,I_WORD
12053,E_WORD
12054,B_WORD
12055,I_WORD
12056,I_WORD
12057,I_WORD
12058,I_WORD
12059,I_WORD
12060,I_WORD
12061,I_WORD
12062,E_WORD
12063,B_WORD
12064,I_WORD
12065,I_WORD
12066,E_WORD
12067,B_WORD
12068,I_WORD
12069,I_WORD
12070,I_WORD
12071,I_WORD
12072,E_WORD
12074,B_WORD
12076,B_WORD
12077,I_WORD
12078,I_WORD
12079,I_WORD
12080,I_WORD
12081,I_WORD
12082,I_WORD
12083,E_WORD
12084,B_WORD
12085,I_WORD
12086,I_WORD
12087,E_WORD
12088,B_WORD
12089,I_WORD
12090,I_WORD
12091,E_WORD
12092,B_WORD
12094,B_WORD
12095,I_WORD
12096,I_WORD
12097,E_WORD
12098,B_WORD
12100,B_WORD
12101,I_WORD
12102,I_WORD
12103,I_WORD
12104,E_WORD
12106,B_WORD
12108,B_WORD
12109,I_WORD
12110,I_WORD
12111,I_WORD
12112,E_WORD
12113,B_WORD
12114,I_WORD
12115,E_WORD
12117,B_WORD
12119,B_WORD
12120,I_WORD
12121,I_WORD
12122,E_WORD
12123,B_WORD
12124,I_WORD
12125,I_WORD
12126,I_WORD
12127,I_WORD
12128,E_WORD
12129,B_WORD
12130,I_WORD
12131,E_WORD
12132,B_WORD
12133,I_WORD
12134,I_WORD
12135,I_WORD
12136,I_WORD
12137,E_WORD
12138,B_WORD
12139,I_WORD
12140,I_WORD
12141,I_WORD
12142,I_WORD
12143,I_WORD
12144,I_WORD
12145,I_WORD
12146,E_WORD
12147,B_WORD
12148,I_WORD
12149,E_WORD
12150,B_WORD
12151,I_WORD
12152,E_WORD
12153,B_WORD
12154,I_WORD
12155,I_WORD
12156,I_WORD
12157,I_WORD
12158,I_WORD
12159,I_WORD
12160,E_WORD
12161,B_WORD
12162,I_WORD
12163,I_WORD
12164,E_WORD
12165,B_WORD
12166,I_WORD
12167,I_WORD
12168,I_WORD
12169,I_WORD
12170,E_WORD
12172,B_WORD
12174,B_WORD
12175,E_WORD
12176,B_WORD
12177,E_WORD
12178,B_WORD
12179,E_WORD
12181,B_WORD
12183,B_WORD
12184,I_WORD
12185,I_WORD
12186,I_WORD
12187,E_WORD
12188,B_WORD
12189,I_WORD
12190,E_WORD
12191,B_WORD
12192,I_WORD
12193,I_WORD
12194,I_WORD
12195,I_WORD
12196,I_WORD
12197,I_WORD
12198,I_WORD
12199,I_WORD
12200,I_WORD
12201,E_WORD
12202,B_WORD
12203,E_WORD
12204,B_WORD
12205,E_WORD
12207,B_WORD
12208,I_WORD
12209,I_WORD
12210,E_WORD
12212,B_WORD
12213,I_WORD
12214,I_WORD
12215,E_WORD
12217,B_WORD
12218,I_WORD
12219,I_WORD
12220,I_WORD
12221,I_WORD
12222,I_WORD
12223,I_WORD
12224,I_WORD
12225,I_WORD
12226,E_WORD
12227,B_WORD
12228,I_WORD
12229,I_WORD
12230,E_WORD
12231,B_WORD
12232,I_WORD
12233,E_WORD
12234,B_WORD
12235,I_WORD
12236,I_WORD
12237,I_WORD
12238,I_WORD
12239,I_WORD
12240,E_WORD
12241,B_WORD
12242,I_WORD
12243,E_WORD
12244,B_WORD
12245,I_WORD
12246,E_WORD
12247,B_WORD
12248,I_WORD
12249,E_WORD
12250,B_WORD
12251,I_WORD
12252,I_WORD
12253,I_WORD
12254,I_WORD
12255,I_WORD
12256,I_WORD
12257,I_WORD
12258,I_WORD
12259,I_WORD
12260,E_WORD
12262,B_WORD
12263,I_WORD
12264,I_WORD
12265,I_WORD
12266,I_WORD
12267,I_WORD
12268,I_WORD
12269,I_WORD
12270,E_WORD
12272,B_WORD
12273,I_WORD
12274,E_WORD
12275,B_WORD
12276,I_WORD
12277,I_WORD
12278,I_WORD
12279,I_WORD
12280,I_WORD
12281,E_WORD
12282,B_WORD
12283,I_WORD
12284,E_WORD
12285,B_WORD
12286,I_WORD
12287,E_WORD
12288,B_WORD
12289,I_WORD
12290,E_WORD
12291,B_WORD
12292,I_WORD
12293,I_WORD
12294,I_WORD
12295,I_WORD
12296,I_WORD
12297,E_WORD
12298,B_WORD
12299,I_WORD
12300,I_WORD
12301,I_WORD
12302,I_WORD
12303,E_WORD
12304,B_WORD
12305,I_WORD
12306,I_WORD
12307,I_WORD
12308,I_WORD
12309,I_WORD
12310,I_WORD
12311,I_WORD
12312,E_WORD
12313,B_WORD
12314,I_WORD
12315,I_WORD
12316,I_WORD
12317,I_WORD
12318,I_WORD
12319,I_WORD
12320,E_WORD
12322,B_WORD
12323,I_WORD
12324,I_WORD
12325,E_WORD
12326,B_WORD
12327,I_WORD
12328,I_WORD
12329,I_WORD
12330,I_WORD
12331,I_WORD
12332,I_WORD
12333,I_WORD
12334,I_WORD
12335,E_WORD
12337,B_WORD
12338,I_WORD
12339,I_WORD
12340,I_WORD
12341,I_WORD
12342,I_WORD
12343,I_WORD
12344,I_WORD
12345,I_WORD
12346,I_WORD
12347,I_WORD
12348,I_WORD
12349,I_WORD
12350,I_WORD
12351,I_WORD
12352,I_WORD
12353,I_WORD
12354,I_WORD
12355,I_WORD
12356,I_WORD
12357,I_WORD
12358,I_WORD
12359,E_WORD
12360,B_WORD
12361,I_WORD
12362,I_WORD
12363,E_WORD
12364,B_WORD
12365,I_WORD
12366,I_WORD
12367,I_WORD
12368,I_WORD
12369,I_WORD
12370,I_WORD
12371,I_WORD
12372,I_WORD
12373,I_WORD
12374,I_WORD
12375,E_WORD
12376,B_WORD
12377,I_WORD
12378,I_WORD
12379,I_WORD
12380,E_WORD
12381,B_WORD
12382,I_WORD
12383,E_WORD
12385,B_WORD
12386,E_WORD
12388,B_WORD
12389,I_WORD
12390,I_WORD
12391,I_WORD
12392,I_WORD
12393,I_WORD
12394,E_WORD
12395,B_WORD
12396,I_WORD
12397,I_WORD
12398,I_WORD
12399,I_WORD
12400,E_WORD
12402,B_WORD
12403,E_WORD
12405,B_WORD
12406,I_WORD
12407,I_WORD
12408,I_WORD
12409,I_WORD
12410,I_WORD
12411,E_WORD
12413,B_WORD
12415,B_WORD
12417,B_WORD
12418,I_WORD
12419,I_WORD
12420,I_WORD
12421,I_WORD
12422,I_WORD
12423,E_WORD
12425,B_WORD
12426,I_WORD
12427,E_WORD
12428,B_WORD
12429,I_WORD
12430,I_WORD
12431,I_WORD
12432,I_WORD
12433,I_WORD
12434,E_WORD
12436,B_WORD
12437,I_WORD
12438,I_WORD
12439,I_WORD
12440,I_WORD
12441,I_WORD
12442,I_WORD
12443,I_WORD
12444,E_WORD
12446,B_WORD
12447,I_WORD
12448,E_WORD
12449,B_WORD
12450,I_WORD
12451,I_WORD
12452,E_WORD
12454,B_WORD
12455,I_WORD
12456,I_WORD
12457,E_WORD
12459,B_WORD
12460,I_WORD
12461,E_WORD
12462,B_WORD
12463,E_WORD
12464,B_WORD
12465,I_WORD
12466,E_WORD
12467,B_WORD
12468,E_WORD
12469,B_WORD
12470,I_WORD
12471,E_WORD
12473,B_WORD
12475,B_WORD
12476,I_WORD
12477,I_WORD
12478,E_WORD
12480,B_WORD
12481,I_WORD
12482,E_WORD
12483,B_WORD
12484,I_WORD
12485,I_WORD
12486,I_WORD
12487,I_WORD
12488,I_WORD
12489,E_WORD
12490,B_WORD
12491,I_WORD
12492,I_WORD
12493,I_WORD
12494,I_WORD
12495,I_WORD
12496,I_WORD
12497,E_WORD
12498,B_WORD
12499,I_WORD
12500,I_WORD
12501,I_WORD
12502,I_WORD
12503,I_WORD
12504,I_WORD
12505,I_WORD
12506,I_WORD
12507,E_WORD
12508,B_WORD
12509,I_WORD
12510,I_WORD
12511,I_WORD
12512,I_WORD
12513,I_WORD
12514,E_WORD
12516,B_WORD
12517,E_WORD
12519,B_WORD
12520,I_WORD
12521,I_WORD
12522,I_WORD
12523,I_WORD
12524,E_WORD
12526,B_WORD
12528,B_WORD
12529,I_WORD
12530,I_WORD
12531,I_WORD
12532,I_WORD
12533,E_WORD
12535,B_WORD
12536,I_WORD
12537,I_WORD
12538,I_WORD
12539,I_WORD
12540,E_WORD
12541,B_WORD
12542,I_WORD
12543,I_WORD
12544,I_WORD
12545,E_WORD
12547,B_WORD
12549,B_WORD
12550,I_WORD
12551,E_WORD
12552,B_WORD
12553,I_WORD
12554,I_WORD
12555,E_WORD
12556,B_WORD
12557,I_WORD
12558,I_WORD
12559,E_WORD
12561,B_WORD
12562,E_WORD
12564,B_WORD
12565,E_WORD
12567,B_WORD
12568,I_WORD
12569,I_WORD
12570,E_WORD
12571,B_WORD
12572,E_WORD
12573,B_WORD
12574,I_WORD
12575,I_WORD
12576,I_WORD
12577,E_WORD
12579,B_WORD
12581,B_WORD
12582,E_WORD
12583,B_WORD
12584,E_WORD
12586,B_WORD
12587,I_WORD
12588,I_WORD
12589,E_WORD
12590,B_WORD
12591,I_WORD
12592,I_WORD
12593,I_WORD
12594,E_WORD
12596,B_WORD
12598,B_WORD
12599,I_WORD
12600,I_WORD
12601,E_WORD
12603,B_WORD
12605,B_WORD
12606,I_WORD
12607,I_WORD
12608,I_WORD
12609,I_WORD
12610,I_WORD
12611,E_WORD
12612,B_WORD
12613,I_WORD
12614,I_WORD
12615,I_WORD
12616,I_WORD
12617,I_WORD
12618,E_WORD
12620,B_WORD
12621,E_WORD
12623,B_WORD
12624,E_WORD
12626,B_WORD
12627,I_WORD
12628,E_WORD
12629,B_WORD
12630,I_WORD
12631,I_WORD
12632,E_WORD
12633,B_WORD
12634,I_WORD
12635,I_WORD
12636,I_WORD
12637,I_WORD
12638,E_WORD
12639,B_WORD
12640,I_WORD
12641,I_WORD
12642,I_WORD
12643,I_WORD
12644,I_WORD
12645,I_WORD
12646,E_WORD
12647,B_WORD
12648,I_WORD
12649,I_WORD
12650,I_WORD
12651,I_WORD
12652,E_WORD
12654,B_WORD
12656,B_WORD
12657,I_WORD
12658,I_WORD
12659,I_WORD
12660,I_WORD
12661,E_WORD
12663,B_WORD
12664,I_WORD
12665,I_WORD
12666,I_WORD
12667,I_WORD
12668,E_WORD
12669,B_WORD
12670,I_WORD
12671,I_WORD
12672,I_WORD
12673,E_WORD
12675,B_WORD
12677,B_WORD
12678,I_WORD
12679,I_WORD
12680,I_WORD
12681,I_WORD
12682,I_WORD
12683,E_WORD
12684,B_WORD
12685,I_WORD
12686,I_WORD
12687,I_WORD
12688,I_WORD
12689,I_WORD
12690,E_WORD
12691,B_WORD
12692,I_WORD
12693,I_WORD
12694,I_WORD
12695,I_WORD
12696,I_WORD
12697,I_WORD
12698,I_WORD
12699,E_WORD
12701,B_WORD
12702,I_WORD
12703,I_WORD
12704,E_WORD
12705,B_WORD
12706,I_WORD
12707,I_WORD
12708,I_WORD
12709,I_WORD
12710,I_WORD
12711,I_WORD
12712,I_WORD
12713,E_WORD
12714,B_WORD
12715,E_WORD
12716,B_WORD
12717,I_WORD
12718,I_WORD
12719,I_WORD
12720,I_WORD
12721,I_WORD
12722,I_WORD
12723,I_WORD
12724,I_WORD
12725,E_WORD
12727,B_WORD
12728,I_WORD
12729,I_WORD
12730,I_WORD
12731,E_WORD
12733,B_WORD
12734,I_WORD
12735,E_WORD
12736,B_WORD
12737,I_WORD
12738,I_WORD
12739,I_WORD
12740,I_WORD
12741,E_WORD
12743,B_WORD
12745,B_WORD
12746,I_WORD
12747,I_WORD
12748,E_WORD
12749,B_WORD
12750,I_WORD
12751,I_WORD
12752,E_WORD
12753,B_WORD
12754,E_WORD
12755,B_WORD
12756,I_WORD
12757,I_WORD
12758,E_WORD
12760,B_WORD
12761,I_WORD
12762,E_WORD
12763,B_WORD
12764,I_WORD
12765,E_WORD
12766,B_WORD
12767,I_WORD
12768,E_WORD
12769,B_WORD
12770,I_WORD
12771,I_WORD
12772,E_WORD
12773,B_WORD
12774,I_WORD
12775,I_WORD
12776,I_WORD
12777,I_WORD
12778,E_WORD
12779,B_WORD
12780,I_WORD
12781,I_WORD
12782,E_WORD
12783,B_WORD
12784,I_WORD
12785,I_WORD
12786,E_WORD
12787,B_WORD
12788,I_WORD
12789,I_WORD
12790,I_WORD
12791,E_WORD
12793,B_WORD
12794,I_WORD
12795,E_WORD
12796,B_WORD
12797,I_WORD
12798,I_WORD
12799,I_WORD
12800,I_WORD
12801,I_WORD
12802,I_WORD
12803,I_WORD
12804,E_WORD
12805,B_WORD
12806,I_WORD
12807,I_WORD
12808,I_WORD
12809,I_WORD
12810,I_WORD
12811,I_WORD
12812,I_WORD
12813,E_WORD
12815,B_WORD
12816,I_WORD
12817,I_WORD
12818,I_WORD
12819,E_WORD
12820,B_WORD
12821,I_WORD
12822,E_WORD
12823,B_WORD
12824,I_WORD
12825,I_WORD
12826,I_WORD
12827,E_WORD
12828,B_WORD
12829,I_WORD
12830,I_WORD
12831,I_WORD
12832,I_WORD
12833,I_WORD
12834,I_WORD
12835,I_WORD
12836,I_WORD
12837,I_WORD
12838,E_WORD
12839,B_WORD
12840,I_WORD
12841,I_WORD
12842,E_WORD
12843,B_WORD
12844,I_WORD
12845,I_WORD
12846,I_WORD
12847,E_WORD
12848,B_WORD
12849,I_WORD
12850,I_WORD
12851,I_WORD
12852,I_WORD
12853,I_WORD
12854,E_WORD
12855,B_WORD
12856,E_WORD
12857,B_WORD
12858,I_WORD
12859,I_WORD
12860,I_WORD
12861,I_WORD
12862,I_WORD
12863,E_WORD
12864,B_WORD
12865,I_WORD
12866,I_WORD
12867,I_WORD
12868,E_WORD
12870,B_WORD
12871,I_WORD
12872,I_WORD
12873,I_WORD
12874,E_WORD
12875,B_WORD
12876,I_WORD
12877,I_WORD
12878,E_WORD
12880,B_WORD
12881,I_WORD
12882,I_WORD
12883,I_WORD
12884,E_WORD
12886,B_WORD
12887,E_WORD
12889,B_WORD
12890,I_WORD
12891,I_WORD
12892,I_WORD
12893,I_WORD
12894,E_WORD
12896,B_WORD
12897,E_WORD
12899,B_WORD
12900,I_WORD
12901,I_WORD
12902,I_WORD
12903,I_WORD
12904,I_WORD
12905,E_WORD
12907,B_WORD
12908,I_WORD
12909,E_WORD
12910,B_WORD
12911,I_WORD
12912,I_WORD
12913,I_WORD
12914,E_WORD
12916,B_WORD
12917,I_WORD
12918,I_WORD
12919,I_WORD
12920,E_WORD
12921,B_WORD
12922,I_WORD
12923,I_WORD
12924,I_WORD
12925,E_WORD
12926,B_WORD
12927,I_WORD
12928,I_WORD
12929,I_WORD
12930,I_WORD
12931,E_WORD
12933,B_WORD
12934,I_WORD
12935,I_WORD
12936,E_WORD
12938,B_WORD
12939,E_WORD
12941,B_WORD
12942,E_WORD
12944,B_WORD
12945,I_WORD
12946,I_WORD
12947,E_WORD
12948,B_WORD
12949,I_WORD
12950,I_WORD
12951,E_WORD
12952,B_WORD
12953,I_WORD
12954,I_WORD
12955,I_WORD
12956,I_WORD
12957,E_WORD
12959,B_WORD
12960,I_WORD
12961,E_WORD
12963,B_WORD
12964,I_WORD
12965,E_WORD
12966,B_WORD
12967,I_WORD
12968,I_WORD
12969,E_WORD
12970,B_WORD
12971,I_WORD
12972,I_WORD
12973,I_WORD
12974,I_WORD
12975,E_WORD
12977,B_WORD
12978,I_WORD
12979,E_WORD
12981,B_WORD
12983,B_WORD
12984,I_WORD
12985,I_WORD
12986,E_WORD
12988,B_WORD
12990,B_WORD
12991,I_WORD
12992,E_WORD
12993,B_WORD
12994,I_WORD
12995,I_WORD
12996,I_WORD
12997,I_WORD
12998,E_WORD
13000,B_WORD
13001,I_WORD
13002,I_WORD
13003,E_WORD
13005,B_WORD
13006,I_WORD
13007,I_WORD
13008,E_WORD
13009,B_WORD
13010,I_WORD
13011,I_WORD
13012,I_WORD
13013,I_WORD
13014,I_WORD
13015,E_WORD
13016,B_WORD
13017,I_WORD
13018,I_WORD
13019,I_WORD
13020,E_WORD
13022,B_WORD
13023,I_WORD
13024,I_WORD
13025,I_WORD
13026,I_WORD
13027,I_WORD
13028,E_WORD
13030,B_WORD
13031,E_WORD
13033,B_WORD
13034,I_WORD
13035,E_WORD
13036,B_WORD
13037,I_WORD
13038,I_WORD
13039,E_WORD
13040,B_WORD
13041,I_WORD
13042,I_WORD
13043,I_WORD
13044,I_WORD
13045,E_WORD
13047,B_WORD
13048,I_WORD
13049,I_WORD
13050,E_WORD
13051,B_WORD
13052,I_WORD
13053,I_WORD
13054,I_WORD
13055,E_WORD
13057,B_WORD
13059,B_WORD
13060,E_WORD
13061,B_WORD
13062,E_WORD
13064,B_WORD
13065,I_WORD
13066,I_WORD
13067,E_WORD
13068,B_WORD
13069,I_WORD
13070,I_WORD
13071,I_WORD
13072,E_WORD
13074,B_WORD
13076,B_WORD
13077,I_WORD
13078,E_WORD
13079,B_WORD
13080,I_WORD
13081,I_WORD
13082,E_WORD
13083,B_WORD
13084,I_WORD
13085,I_WORD
13086,I_WORD
13087,I_WORD
13088,I_WORD
13089,I_WORD
13090,I_WORD
13091,I_WORD
13092,I_WORD
13093,E_WORD
13094,B_WORD
13095,I_WORD
13096,I_WORD
13097,E_WORD
13098,B_WORD
13099,I_WORD
13100,I_WORD
13101,I_WORD
13102,I_WORD
13103,I_WORD
13104,I_WORD
13105,I_WORD
13106,I_WORD
13107,E_WORD
13108,B_WORD
13109,I_WORD
13110,I_WORD
13111,I_WORD
13112,E_WORD
13113,B_WORD
13114,I_WORD
13115,I_WORD
13116,I_WORD
13117,I_WORD
13118,I_WORD
13119,I_WORD
13120,E_WORD
13122,B_WORD
13123,I_WORD
13124,I_WORD
13125,E_WORD
13126,B_WORD
13127,I_WORD
13128,I_WORD
13129,I_WORD
13130,I_WORD
13131,I_WORD
13132,I_WORD
13133,E_WORD
13134,B_WORD
13135,I_WORD
13136,E_WORD
13138,B_WORD
13139,I_WORD
13140,I_WORD
13141,I_WORD
13142,I_WORD
13143,E_WORD
13145,B_WORD
13146,E_WORD
13147,B_WORD
13148,I_WORD
13149,I_WORD
13150,E_WORD
13152,B_WORD
13153,I_WORD
13154,I_WORD
13155,I_WORD
13156,I_WORD
13157,E_WORD
13158,B_WORD
13159,E_WORD
13160,B_WORD
13161,B_WORD
13162,I_WORD
13163,E_WORD
13165,B_WORD
13166,I_WORD
13167,E_WORD
13169,B_WORD
13170,I_WORD
13171,I_WORD
13172,E_WORD
13174,B_WORD
13176,B_WORD
13177,I_WORD
13178,E_WORD
13180,B_WORD
13182,B_WORD
13183,I_WORD
13184,E_WORD
13186,B_WORD
13187,I_WORD
13188,I_WORD
13189,I_WORD
13190,I_WORD
13191,I_WORD
13192,I_WORD
13193,E_WORD
13195,B_WORD
13196,I_WORD
13197,I_WORD
13198,I_WORD
13199,I_WORD
13200,I_WORD
13201,I_WORD
13202,E_WORD
13203,B_WORD
13204,I_WORD
13205,I_WORD
13206,I_WORD
13207,I_WORD
13208,I_WORD
13209,I_WORD
13210,I_WORD
13211,E_WORD
13212,B_WORD
13213,I_WORD
13214,E_WORD
13215,B_WORD
13216,I_WORD
13217,E_WORD
13218,B_WORD
13219,I_WORD
13220,I_WORD
13221,I_WORD
13222,I_WORD
13223,E_WORD
13225,B_WORD
13226,I_WORD
13227,I_WORD
13228,I_WORD
13229,I_WORD
13230,E_WORD
13231,B_WORD
13232,I_WORD
13233,I_WORD
13234,I_WORD
13235,E_WORD
13237,B_WORD
13238,I_WORD
13239,I_WORD
13240,I_WORD
13241,I_WORD
13242,I_WORD
13243,E_WORD
13244,B_WORD
13245,I_WORD
13246,I_WORD
13247,I_WORD
13248,I_WORD
13249,I_WORD
13250,E_WORD
13251,B_WORD
13252,I_WORD
13253,I_WORD
13254,I_WORD
13255,I_WORD
13256,I_WORD
13257,E_WORD
13259,B_WORD
13260,I_WORD
13261,I_WORD
13262,I_WORD
13263,I_WORD
13264,I_WORD
13265,E_WORD
13266,B_WORD
13267,I_WORD
13268,E_WORD
13269,B_WORD
13270,I_WORD
13271,E_WORD
13272,B_WORD
13273,I_WORD
13274,E_WORD
13275,B_WORD
13276,E_WORD
13278,B_WORD
13279,I_WORD
13280,I_WORD
13281,I_WORD
13282,I_WORD
13283,E_WORD
13284,B_WORD
13285,I_WORD
13286,I_WORD
13287,I_WORD
13288,E_WORD
13290,B_WORD
13291,I_WORD
13292,I_WORD
13293,I_WORD
13294,I_WORD
13295,I_WORD
13296,E_WORD
13297,B_WORD
13298,I_WORD
13299,I_WORD
13300,I_WORD
13301,I_WORD
13302,I_WORD
13303,E_WORD
13304,B_WORD
13305,I_WORD
13306,I_WORD
13307,I_WORD
13308,I_WORD
13309,I_WORD
13310,E_WORD
13312,B_WORD
13313,E_WORD
13314,B_WORD
13315,I_WORD
13316,I_WORD
13317,I_WORD
13318,E_WORD
13319,B_WORD
13320,I_WORD
13321,I_WORD
13322,I_WORD
13323,I_WORD
13324,I_WORD
13325,I_WORD
13326,I_WORD
13327,I_WORD
13328,I_WORD
13329,I_WORD
13330,I_WORD
13331,E_WORD
13333,B_WORD
13334,I_WORD
13335,E_WORD
13336,B_WORD
13337,I_WORD
13338,I_WORD
13339,I_WORD
13340,E_WORD
13342,B_WORD
13343,I_WORD
13344,I_WORD
13345,I_WORD
13346,I_WORD
13347,E_WORD
13348,B_WORD
13349,I_WORD
13350,E_WORD
13352,B_WORD
13353,I_WORD
13354,I_WORD
13355,I_WORD
13356,E_WORD
13357,B_WORD
13358,I_WORD
13359,I_WORD
13360,E_WORD
13361,B_WORD
13362,I_WORD
13363,I_WORD
13364,I_WORD
13365,I_WORD
13366,E_WORD
13368,B_WORD
13369,I_WORD
13370,I_WORD
13371,I_WORD
13372,E_WORD
13374,B_WORD
13375,E_WORD
13377,B_WORD
13378,I_WORD
13379,I_WORD
13380,I_WORD
13381,I_WORD
13382,E_WORD
13384,B_WORD
13386,B_WORD
13387,E_WORD
13389,B_WORD
13390,I_WORD
13391,I_WORD
13392,E_WORD
13394,B_WORD
13396,B_WORD
13397,I_WORD
13398,I_WORD
13399,I_WORD
13400,I_WORD
13401,I_WORD
13402,I_WORD
13403,I_WORD
13404,I_WORD
13405,E_WORD
13406,B_WORD
13407,E_WORD
13408,B_WORD
13409,I_WORD
13410,E_WORD
13411,B_WORD
13412,I_WORD
13413,E_WORD
13414,B_WORD
13415,I_WORD
13416,E_WORD
13417,B_WORD
13418,I_WORD
13419,E_WORD
13420,B_WORD
13421,I_WORD
13422,I_WORD
13423,E_WORD
13424,B_WORD
13425,I_WORD
13426,I_WORD
13427,I_WORD
13428,I_WORD
13429,E_WORD
13430,B_WORD
13431,I_WORD
13432,I_WORD
13433,I_WORD
13434,E_WORD
13436,B_WORD
13437,I_WORD
13438,E_WORD
13439,B_WORD
13440,I_WORD
13441,I_WORD
13442,I_WORD
13443,I_WORD
13444,E_WORD
13445,B_WORD
13446,I_WORD
13447,I_WORD
13448,E_WORD
13450,B_WORD
13452,B_WORD
13453,I_WORD
13454,I_WORD
13455,I_WORD
13456,E_WORD
13457,B_WORD
13458,I_WORD
13459,I_WORD
13460,I_WORD
13461,I_WORD
13462,I_WORD
13463,I_WORD
13464,I_WORD
13465,I_WORD
13466,E_WORD
13467,B_WORD
13468,I_WORD
13469,I_WORD
13470,I_WORD
13471,I_WORD
13472,I_WORD
13473,I_WORD
13474,I_WORD
13475,I_WORD
13476,I_WORD
13477,I_WORD
13478,I_WORD
13479,E_WORD
13481,B_WORD
13482,I_WORD
13483,I_WORD
13484,I_WORD
13485,I_WORD
13486,E_WORD
13488,B_WORD
13489,I_WORD
13490,I_WORD
13491,E_WORD
13493,B_WORD
13494,I_WORD
13495,I_WORD
13496,I_WORD
13497,E_WORD
13499,B_WORD
13501,B_WORD
13502,I_WORD
13503,I_WORD
13504,I_WORD
13505,E_WORD
13507,B_WORD
13509,B_WORD
13510,I_WORD
13511,E_WORD
13512,B_WORD
13513,I_WORD
13514,I_WORD
13515,I_WORD
13516,I_WORD
13517,I_WORD
13518,I_WORD
13519,I_WORD
13520,I_WORD
13521,E_WORD
13523,B_WORD
13524,I_WORD
13525,I_WORD
13526,E_WORD
13528,B_WORD
13530,B_WORD
13531,I_WORD
13532,E_WORD
13533,B_WORD
13534,I_WORD
13535,E_WORD
13536,B_WORD
13537,I_WORD
13538,I_WORD
13539,E_WORD
13540,B_WORD
13541,I_WORD
13542,E_WORD
13543,B_WORD
13544,I_WORD
13545,I_WORD
13546,E_WORD
13548,B_WORD
13550,B_WORD
13551,I_WORD
13552,I_WORD
13553,I_WORD
13554,E_WORD
13555,B_WORD
13556,I_WORD
13557,E_WORD
13559,B_WORD
13560,I_WORD
13561,I_WORD
13562,I_WORD
13563,I_WORD
13564,I_WORD
13565,E_WORD
13566,B_WORD
13567,E_WORD
13568,B_WORD
13569,I_WORD
13570,I_WORD
13571,I_WORD
13572,I_WORD
13573,E_WORD
13574,B_WORD
13575,I_WORD
13576,I_WORD
13577,E_WORD
13578,B_WORD
13579,I_WORD
13580,E_WORD
13581,B_WORD
13582,I_WORD
13583,E_WORD
13584,B_WORD
13585,I_WORD
13586,I_WORD
13587,I_WORD
13588,I_WORD
13589,E_WORD
13590,B_WORD
13591,E_WORD
13592,B_WORD
13593,E_WORD
13594,B_WORD
13595,E_WORD
13596,B_WORD
13597,I_WORD
13598,I_WORD
13599,I_WORD
13600,E_WORD
13601,B_WORD
13602,I_WORD
13603,I_WORD
13604,E_WORD
13605,B_WORD
13606,I_WORD
13607,I_WORD
13608,E_WORD
13609,B_WORD
13610,E_WORD
13611,B_WORD
13612,I_WORD
13613,E_WORD
13614,B_WORD
13615,I_WORD
13616,E_WORD
13617,B_WORD
13618,I_WORD
13619,I_WORD
13620,I_WORD
13621,E_WORD
13622,B_WORD
13623,I_WORD
13624,I_WORD
13625,E_WORD
13627,B_WORD
13628,I_WORD
13629,E_WORD
13630,B_WORD
13631,I_WORD
13632,E_WORD
13633,B_WORD
13634,I_WORD
13635,I_WORD
13636,I_WORD
13637,I_WORD
13638,E_WORD
13639,B_WORD
13640,I_WORD
13641,I_WORD
13642,E_WORD
13643,B_WORD
13644,I_WORD
13645,E_WORD
13646,B_WORD
13647,I_WORD
13648,I_WORD
13649,E_WORD
13650,B_WORD
13651,I_WORD
13652,E_WORD
13653,B_WORD
13654,I_WORD
13655,I_WORD
13656,I_WORD
13657,I_WORD
13658,E_WORD
13659,B_WORD
13660,I_WORD
13661,I_WORD
13662,I_WORD
13663,I_WORD
13664,E_WORD
13665,B_WORD
13666,I_WORD
13667,E_WORD
13668,B_WORD
13669,E_WORD
13670,B_WORD
13671,I_WORD
13672,I_WORD
13673,I_WORD
13674,E_WORD
13675,B_WORD
13676,I_WORD
13677,E_WORD
13679,B_WORD
13680,E_WORD
13681,B_WORD
13682,I_WORD
13683,I_WORD
13684,I_WORD
13685,E_WORD
13686,B_WORD
13687,I_WORD
13688,E_WORD
13689,B_WORD
13690,E_WORD
13691,B_WORD
13692,I_WORD
13693,E_WORD
13694,B_WORD
13695,I_WORD
13696,I_WORD
13697,E_WORD
13699,B_WORD
13700,I_WORD
13701,I_WORD
13702,I_WORD
13703,I_WORD
13704,I_WORD
13705,E_WORD
13706,B_WORD
13707,I_WORD
13708,E_WORD
13709,B_WORD
13710,I_WORD
13711,I_WORD
13712,I_WORD
13713,I_WORD
13714,E_WORD
13716,B_WORD
13717,I_WORD
13718,I_WORD
13719,I_WORD
13720,I_WORD
13721,E_WORD
13722,B_WORD
13723,I_WORD
13724,I_WORD
13725,I_WORD
13726,I_WORD
13727,E_WORD
13728,B_WORD
13729,I_WORD
13730,I_WORD
13731,I_WORD
13732,I_WORD
13733,E_WORD
13734,B_WORD
13735,E_WORD
13736,B_WORD
13737,I_WORD
13738,E_WORD
13740,B_WORD
13741,I_WORD
13742,I_WORD
13743,E_WORD
13744,B_WORD
13745,E_WORD
13746,B_WORD
13747,I_WORD
13748,I_WORD
13749,I_WORD
13750,I_WORD
13751,E_WORD
13752,B_WORD
13753,I_WORD
13754,E_WORD
13755,B_WORD
13756,I_WORD
13757,I_WORD
13758,E_WORD
13760,B_WORD
13761,I_WORD
13762,I_WORD
13763,I_WORD
13764,I_WORD
13765,I_WORD
13766,I_WORD
13767,I_WORD
13768,I_WORD
13769,I_WORD
13770,E_WORD
13771,B_WORD
13772,I_WORD
13773,I_WORD
13774,I_WORD
13775,E_WORD
13776,B_WORD
13777,I_WORD
13778,I_WORD
13779,I_WORD
13780,I_WORD
13781,I_WORD
13782,I_WORD
13783,I_WORD
13784,I_WORD
13785,I_WORD
13786,E_WORD
13787,B_WORD
13788,I_WORD
13789,I_WORD
13790,I_WORD
13791,I_WORD
13792,E_WORD
13793,B_WORD
13794,E_WORD
13795,B_WORD
13796,I_WORD
13797,I_WORD
13798,I_WORD
13799,I_WORD
13800,E_WORD
13801,B_WORD
13802,I_WORD
13803,I_WORD
13804,E_WORD
13806,B_WORD
13807,I_WORD
13808,E_WORD
13809,B_WORD
13810,I_WORD
13811,E_WORD
13812,B_WORD
13813,I_WORD
13814,I_WORD
13815,I_WORD
13816,I_WORD
13817,E_WORD
13819,B_WORD
13820,E_WORD
13821,B_WORD
13822,I_WORD
13823,I_WORD
13824,E_WORD
13826,B_WORD
13828,B_WORD
13829,I_WORD
13830,I_WORD
13831,E_WORD
13832,B_WORD
13833,I_WORD
13834,I_WORD
13835,I_WORD
13836,I_WORD
13837,E_WORD
13838,B_WORD
13839,I_WORD
13840,I_WORD
13841,E_WORD
13843,B_WORD
13845,B_WORD
13846,I_WORD
13847,I_WORD
13848,I_WORD
13849,I_WORD
13850,I_WORD
13851,E_WORD
13852,B_WORD
13853,I_WORD
13854,I_WORD
13855,I_WORD
13856,I_WORD
13857,I_WORD
13858,I_WORD
13859,I_WORD
13860,I_WORD
13861,I_WORD
13862,E_WORD
13863,B_WORD
13864,I_WORD
13865,I_WORD
13866,I_WORD
13867,E_WORD
13868,B_WORD
13869,I_WORD
13870,I_WORD
13871,I_WORD
13872,I_WORD
13873,I_WORD
13874,I_WORD
13875,I_WORD
13876,I_WORD
13877,I_WORD
13878,E_WORD
13879,B_WORD
13880,I_WORD
13881,I_WORD
13882,I_WORD
13883,I_WORD
13884,E_WORD
13885,B_WORD
13886,I_WORD
13887,E_WORD
13888,B_WORD
13889,I_WORD
13890,I_WORD
13891,I_WORD
13892,I_WORD
13893,E_WORD
13895,B_WORD
13896,I_WORD
13897,E_WORD
13898,B_WORD
13899,I_WORD
13900,E_WORD
13901,B_WORD
13902,I_WORD
13903,E_WORD
13904,B_WORD
13905,I_WORD
13906,I_WORD
13907,I_WORD
13908,I_WORD
13909,E_WORD
13911,B_WORD
13912,I_WORD
13913,I_WORD
13914,E_WORD
13915,B_WORD
13916,I_WORD
13917,I_WORD
13918,I_WORD
13919,I_WORD
13920,I_WORD
13921,I_WORD
13922,I_WORD
13923,I_WORD
13924,I_WORD
13925,I_WORD
13926,E_WORD
13927,B_WORD
13928,I_WORD
13929,I_WORD
13930,I_WORD
13931,I_WORD
13932,E_WORD
13933,B_WORD
13934,I_WORD
13935,I_WORD
13936,E_WORD
13938,B_WORD
13940,B_WORD
13941,E_WORD
13942,B_WORD
13943,I_WORD
13944,E_WORD
13945,B_WORD
13946,E_WORD
13947,B_WORD
13948,E_WORD
13949,B_WORD
13950,I_WORD
13951,E_WORD
13952,B_WORD
13953,I_WORD
13954,I_WORD
13955,E_WORD
13956,B_WORD
13957,I_WORD
13958,E_WORD
13960,B_WORD
13961,I_WORD
13962,E_WORD
13963,B_WORD
13964,I_WORD
13965,I_WORD
13966,E_WORD
13968,B_WORD
13970,B_WORD
13971,I_WORD
13972,E_WORD
13973,B_WORD
13974,I_WORD
13975,I_WORD
13976,I_WORD
13977,I_WORD
13978,E_WORD
13980,B_WORD
13982,B_WORD
13983,I_WORD
13984,I_WORD
13985,E_WORD
13986,B_WORD
13987,I_WORD
13988,E_WORD
13989,B_WORD
13990,E_WORD
13991,B_WORD
13992,I_WORD
13993,I_WORD
13994,I_WORD
13995,I_WORD
13996,E_WORD
13997,B_WORD
13998,E_WORD
14000,B_WORD
14001,I_WORD
14002,I_WORD
14003,E_WORD
14004,B_WORD
14005,E_WORD
14006,B_WORD
14007,I_WORD
14008,E_WORD
14009,B_WORD
14010,I_WORD
14011,E_WORD
14012,B_WORD
14013,I_WORD
14014,I_WORD
14015,I_WORD
14016,I_WORD
14017,E_WORD
14018,B_WORD
14019,I_WORD
14020,I_WORD
14021,I_WORD
14022,I_WORD
14023,I_WORD
14024,E_WORD
14026,B_WORD
14027,I_WORD
14028,E_WORD
14029,B_WORD
14030,I_WORD
14031,E_WORD
14032,B_WORD
14033,I_WORD
14034,E_WORD
14036,B_WORD
14037,I_WORD
14038,I_WORD
14039,E_WORD
14040,B_WORD
14041,I_WORD
14042,I_WORD
14043,I_WORD
14044,I_WORD
14045,I_WORD
14046,E_WORD
14047,B_WORD
14048,I_WORD
14049,I_WORD
14050,I_WORD
14051,I_WORD
14052,I_WORD
14053,E_WORD
14054,B_WORD
14055,I_WORD
14056,I_WORD
14057,I_WORD
14058,I_WORD
14059,I_WORD
14060,E_WORD
14062,B_WORD
14063,E_WORD
14064,B_WORD
14065,I_WORD
14066,I_WORD
14067,I_WORD
14068,I_WORD
14069,E_WORD
14070,B_WORD
14071,I_WORD
14072,I_WORD
14073,E_WORD
14075,B_WORD
14076,I_WORD
14077,I_WORD
14078,E_WORD
14079,B_WORD
14080,I_WORD
14081,E_WORD
14083,B_WORD
14084,I_WORD
14085,I_WORD
14086,E_WORD
14087,B_WORD
14088,I_WORD
14089,E_WORD
14090,B_WORD
14091,I_WORD
14092,E_WORD
14093,B_WORD
14094,I_WORD
14095,I_WORD
14096,I_WORD
14097,I_WORD
14098,I_WORD
14099,E_WORD
14101,B_WORD
14102,I_WORD
14103,I_WORD
14104,I_WORD
14105,I_WORD
14106,E_WORD
14107,B_WORD
14108,I_WORD
14109,I_WORD
14110,I_WORD
14111,E_WORD
14113,B_WORD
14114,I_WORD
14115,I_WORD
14116,E_WORD
14117,B_WORD
14118,I_WORD
14119,I_WORD
14120,E_WORD
14121,B_WORD
14122,I_WORD
14123,I_WORD
14124,E_WORD
14125,B_WORD
14126,I_WORD
14127,I_WORD
14128,E_WORD
14129,B_WORD
14130,I_WORD
14131,E_WORD
14132,B_WORD
14133,I_WORD
14134,I_WORD
14135,I_WORD
14136,E_WORD
14137,B_WORD
14138,I_WORD
14139,I_WORD
14140,I_WORD
14141,I_WORD
14142,I_WORD
14143,I_WORD
14144,E_WORD
14146,B_WORD
14147,I_WORD
14148,E_WORD
14149,B_WORD
14150,I_WORD
14151,E_WORD
14152,B_WORD
14153,I_WORD
14154,E_WORD
14155,B_WORD
14156,I_WORD
14157,I_WORD
14158,I_WORD
14159,I_WORD
14160,I_WORD
14161,E_WORD
14162,B_WORD
14163,E_WORD
14164,B_WORD
14165,I_WORD
14166,E_WORD
14167,B_WORD
14168,I_WORD
14169,I_WORD
14170,I_WORD
14171,I_WORD
14172,I_WORD
14173,I_WORD
14174,I_WORD
14175,E_WORD
14177,B_WORD
14178,I_WORD
14179,I_WORD
14180,I_WORD
14181,I_WORD
14182,I_WORD
14183,I_WORD
14184,I_WORD
14185,E_WORD
14186,B_WORD
14187,I_WORD
14188,I_WORD
14189,I_WORD
14190,I_WORD
14191,I_WORD
14192,I_WORD
14193,E_WORD
14194,B_WORD
14195,E_WORD
14196,B_WORD
14197,I_WORD
14198,I_WORD
14199,I_WORD
14200,I_WORD
14201,E_WORD
14202,B_WORD
14203,I_WORD
14204,I_WORD
14205,E_WORD
14207,B_WORD
14208,I_WORD
14209,E_WORD
14210,B_WORD
14211,I_WORD
14212,E_WORD
14213,B_WORD
14214,I_WORD
14215,E_WORD
14216,B_WORD
14217,I_WORD
14218,E_WORD
14219,B_WORD
14220,I_WORD
14221,I_WORD
14222,I_WORD
14223,I_WORD
14224,E_WORD
14225,B_WORD
14226,E_WORD
14227,B_WORD
14228,I_WORD
14229,I_WORD
14230,I_WORD
14231,I_WORD
14232,E_WORD
14233,B_WORD
14234,I_WORD
14235,I_WORD
14236,I_WORD
14237,I_WORD
14238,I_WORD
14239,I_WORD
14240,I_WORD
14241,I_WORD
14242,I_WORD
14243,I_WORD
14244,I_WORD
14245,E_WORD
14246,B_WORD
14247,I_WORD
14248,E_WORD
14249,B_WORD
14250,I_WORD
14251,E_WORD
14252,B_WORD
14253,E_WORD
14254,B_WORD
14255,I_WORD
14256,I_WORD
14257,I_WORD
14258,E_WORD
14260,B_WORD
14261,E_WORD
14262,B_WORD
14263,I_WORD
14264,I_WORD
14265,I_WORD
14266,E_WORD
14267,B_WORD
14268,E_WORD
14269,B_WORD
14270,I_WORD
14271,I_WORD
14272,I_WORD
14273,I_WORD
14274,I_WORD
14275,E_WORD
14276,B_WORD
14277,I_WORD
14278,E_WORD
14279,B_WORD
14280,I_WORD
14281,I_WORD
14282,E_WORD
14283,B_WORD
14284,I_WORD
14285,I_WORD
14286,E_WORD
14287,B_WORD
14288,I_WORD
14289,I_WORD
14290,E_WORD
14292,B_WORD
14293,E_WORD
14294,B_WORD
14295,I_WORD
14296,I_WORD
14297,I_WORD
14298,I_WORD
14299,I_WORD
14300,E_WORD
14302,B_WORD
14303,I_WORD
14304,E_WORD
14305,B_WORD
14306,I_WORD
14307,I_WORD
14308,E_WORD
14309,B_WORD
14310,I_WORD
14311,E_WORD
14312,B_WORD
14313,I_WORD
14314,I_WORD
14315,E_WORD
14316,B_WORD
14317,I_WORD
14318,E_WORD
14319,B_WORD
14320,I_WORD
14321,E_WORD
14322,B_WORD
14323,I_WORD
14324,E_WORD
14325,B_WORD
14326,I_WORD
14327,I_WORD
14328,I_WORD
14329,I_WORD
14330,E_WORD
14332,B_WORD
14333,E_WORD
14334,B_WORD
14335,E_WORD
14336,B_WORD
14337,E_WORD
14338,B_WORD
14339,I_WORD
14340,I_WORD
14341,I_WORD
14342,I_WORD
14343,I_WORD
14344,I_WORD
14345,I_WORD
14346,E_WORD
14347,B_WORD
14348,I_WORD
14349,E_WORD
14350,B_WORD
14351,I_WORD
14352,I_WORD
14353,I_WORD
14354,I_WORD
14355,I_WORD
14356,I_WORD
14357,I_WORD
14358,E_WORD
14360,B_WORD
14362,B_WORD
14363,I_WORD
14364,E_WORD
14365,B_WORD
14366,I_WORD
14367,I_WORD
14368,I_WORD
14369,E_WORD
14371,B_WORD
14372,I_WORD
14373,I_WORD
14374,I_WORD
14375,E_WORD
14377,B_WORD
14378,I_WORD
14379,E_WORD
14380,B_WORD
14381,I_WORD
14382,E_WORD
14383,B_WORD
14384,I_WORD
14385,I_WORD
14386,E_WORD
14387,B_WORD
14388,I_WORD
14389,I_WORD
14390,I_WORD
14391,I_WORD
14392,E_WORD
14393,B_WORD
14394,I_WORD
14395,E_WORD
14396,B_WORD
14397,I_WORD
14398,E_WORD
14400,B_WORD
14401,I_WORD
14402,I_WORD
14403,E_WORD
14404,B_WORD
14405,I_WORD
14406,E_WORD
14407,B_WORD
14408,I_WORD
14409,I_WORD
14410,I_WORD
14411,I_WORD
14412,E_WORD
14413,B_WORD
14414,I_WORD
14415,E_WORD
14416,B_WORD
14417,I_WORD
14418,E_WORD
14419,B_WORD
14420,I_WORD
14421,E_WORD
14422,B_WORD
14423,I_WORD
14424,I_WORD
14425,I_WORD
14426,I_WORD
14427,E_WORD
14428,B_WORD
14429,E_WORD
14430,B_WORD
14431,I_WORD
14432,I_WORD
14433,E_WORD
14434,B_WORD
14435,I_WORD
14436,I_WORD
14437,I_WORD
14438,E_WORD
14439,B_WORD
14440,E_WORD
14441,B_WORD
14442,E_WORD
14443,B_WORD
14444,I_WORD
14445,E_WORD
14446,B_WORD
14447,I_WORD
14448,I_WORD
14449,I_WORD
14450,I_WORD
14451,E_WORD
14452,B_WORD
14453,I_WORD
14454,I_WORD
14455,I_WORD
14456,I_WORD
14457,I_WORD
14458,E_WORD
14459,B_WORD
14460,I_WORD
14461,I_WORD
14462,E_WORD
14463,B_WORD
14464,I_WORD
14465,I_WORD
14466,E_WORD
14468,B_WORD
14469,E_WORD
14471,B_WORD
14472,I_WORD
14473,I_WORD
14474,I_WORD
14475,I_WORD
14476,I_WORD
14477,E_WORD
14478,B_WORD
14479,I_WORD
14480,I_WORD
14481,I_WORD
14482,I_WORD
14483,I_WORD
14484,I_WORD
14485,I_WORD
14486,E_WORD
14487,B_WORD
14488,I_WORD
14489,I_WORD
14490,I_WORD
14491,I_WORD
14492,E_WORD
14494,B_WORD
14495,I_WORD
14496,I_WORD
14497,I_WORD
14498,I_WORD
14499,E_WORD
14500,B_WORD
14501,I_WORD
14502,I_WORD
14503,I_WORD
14504,E_WORD
14506,B_WORD
14507,I_WORD
14508,I_WORD
14509,I_WORD
14510,I_WORD
14511,E_WORD
14513,B_WORD
14514,E_WORD
14516,B_WORD
14517,E_WORD
14519,B_WORD
14520,I_WORD
14521,E_WORD
14522,B_WORD
14523,I_WORD
14524,E_WORD
14525,B_WORD
14526,I_WORD
14527,E_WORD
14528,B_WORD
14529,I_WORD
14530,I_WORD
14531,I_WORD
14532,E_WORD
14533,B_WORD
14534,I_WORD
14535,I_WORD
14536,I_WORD
14537,I_WORD
14538,I_WORD
14539,I_WORD
14540,E_WORD
14541,B_WORD
14542,I_WORD
14543,I_WORD
14544,E_WORD
14545,B_WORD
14546,I_WORD
14547,I_WORD
14548,I_WORD
14549,I_WORD
14550,E_WORD
14551,B_WORD
14552,I_WORD
14553,E_WORD
14555,B_WORD
14556,I_WORD
14557,E_WORD
14558,B_WORD
14559,I_WORD
14560,I_WORD
14561,I_WORD
14562,I_WORD
14563,E_WORD
14564,B_WORD
14565,E_WORD
14566,B_WORD
14567,I_WORD
14568,I_WORD
14569,E_WORD
14571,B_WORD
14572,E_WORD
14573,B_WORD
14574,I_WORD
14575,I_WORD
14576,E_WORD
14578,B_WORD
14579,I_WORD
14580,I_WORD
14581,I_WORD
14582,I_WORD
14583,E_WORD
14585,B_WORD
14586,I_WORD
14587,E_WORD
14589,B_WORD
14590,I_WORD
14591,E_WORD
14592,B_WORD
14593,I_WORD
14594,I_WORD
14595,I_WORD
14596,E_WORD
14597,B_WORD
14598,I_WORD
14599,I_WORD
14600,E_WORD
14601,B_WORD
14602,I_WORD
14603,I_WORD
14604,E_WORD
14605,B_WORD
14606,I_WORD
14607,I_WORD
14608,I_WORD
14609,E_WORD
14610,B_WORD
14611,E_WORD
14612,B_WORD
14613,I_WORD
14614,I_WORD
14615,E_WORD
14617,B_WORD
14618,I_WORD
14619,I_WORD
14620,I_WORD
14621,E_WORD
14622,B_WORD
14623,I_WORD
14624,E_WORD
14626,B_WORD
14627,I_WORD
14628,I_WORD
14629,I_WORD
14630,I_WORD
14631,E_WORD
14632,B_WORD
14633,I_WORD
14634,I_WORD
14635,E_WORD
14636,B_WORD
14637,I_WORD
14638,I_WORD
14639,I_WORD
14640,I_WORD
14641,I_WORD
14642,I_WORD
14643,I_WORD
14644,E_WORD
14645,B_WORD
14646,I_WORD
14647,E_WORD
14649,B_WORD
14650,I_WORD
14651,I_WORD
14652,E_WORD
14653,B_WORD
14654,I_WORD
14655,E_WORD
14656,B_WORD
14657,I_WORD
14658,E_WORD
14659,B_WORD
14660,E_WORD
14661,B_WORD
14662,I_WORD
14663,I_WORD
14664,E_WORD
14665,B_WORD
14666,I_WORD
14667,E_WORD
14669,B_WORD
14670,I_WORD
14671,I_WORD
14672,I_WORD
14673,I_WORD
14674,I_WORD
14675,I_WORD
14676,I_WORD
14677,E_WORD
14678,B_WORD
14679,I_WORD
14680,I_WORD
14681,I_WORD
14682,I_WORD
14683,I_WORD
14684,I_WORD
14685,E_WORD
14686,B_WORD
14687,I_WORD
14688,I_WORD
14689,E_WORD
14690,B_WORD
14691,I_WORD
14692,I_WORD
14693,I_WORD
14694,I_WORD
14695,I_WORD
14696,I_WORD
14697,I_WORD
14698,E_WORD
14699,B_WORD
14700,I_WORD
14701,E_WORD
14702,B_WORD
14703,I_WORD
14704,I_WORD
14705,I_WORD
14706,I_WORD
14707,E_WORD
14709,B_WORD
14710,I_WORD
14711,E_WORD
14712,B_WORD
14713,I_WORD
14714,E_WORD
14715,B_WORD
14716,I_WORD
14717,E_WORD
14718,B_WORD
14719,I_WORD
14720,E_WORD
14721,B_WORD
14722,E_WORD
14723,B_WORD
14724,I_WORD
14725,E_WORD
14726,B_WORD
14727,I_WORD
14728,I_WORD
14729,I_WORD
14730,I_WORD
14731,I_WORD
14732,I_WORD
14733,E_WORD
14734,B_WORD
14735,I_WORD
14736,I_WORD
14737,I_WORD
14738,I_WORD
14739,I_WORD
14740,I_WORD
14741,I_WORD
14742,I_WORD
14743,E_WORD
14745,B_WORD
14747,B_WORD
14748,E_WORD
14749,B_WORD
14750,E_WORD
14751,B_WORD
14752,I_WORD
14753,I_WORD
14754,E_WORD
14756,B_WORD
14757,I_WORD
14758,E_WORD
14760,B_WORD
14761,I_WORD
14762,I_WORD
14763,I_WORD
14764,E_WORD
14765,B_WORD
14766,I_WORD
14767,E_WORD
14768,B_WORD
14769,I_WORD
14770,I_WORD
14771,E_WORD
14772,B_WORD
14773,E_WORD
14774,B_WORD
14775,I_WORD
14776,I_WORD
14777,I_WORD
14778,I_WORD
14779,I_WORD
14780,I_WORD
14781,I_WORD
14782,I_WORD
14783,I_WORD
14784,E_WORD
14786,B_WORD
14787,I_WORD
14788,E_WORD
14789,B_WORD
14790,I_WORD
14791,I_WORD
14792,E_WORD
14793,B_WORD
14794,I_WORD
14795,I_WORD
14796,I_WORD
14797,E_WORD
14799,B_WORD
14800,I_WORD
14801,I_WORD
14802,I_WORD
14803,I_WORD
14804,E_WORD
14806,B_WORD
14807,I_WORD
14808,E_WORD
14809,B_WORD
14810,I_WORD
14811,E_WORD
14812,B_WORD
14813,I_WORD
14814,E_WORD
14815,B_WORD
14816,E_WORD
14817,B_WORD
14818,I_WORD
14819,I_WORD
14820,E_WORD
14822,B_WORD
14823,E_WORD
14824,B_WORD
14825,I_WORD
14826,I_WORD
14827,E_WORD
14828,B_WORD
14829,I_WORD
14830,I_WORD
14831,I_WORD
14832,I_WORD
14833,E_WORD
14835,B_WORD
14836,I_WORD
14837,E_WORD
14838,B_WORD
14839,I_WORD
14840,E_WORD
14841,B_WORD
14842,I_WORD
14843,E_WORD
14844,B_WORD
14845,I_WORD
14846,E_WORD
14847,B_WORD
14848,I_WORD
14849,I_WORD
14850,I_WORD
14851,I_WORD
14852,E_WORD
14853,B_WORD
14854,I_WORD
14855,I_WORD
14856,I_WORD
14857,I_WORD
14858,I_WORD
14859,I_WORD
14860,I_WORD
14861,E_WORD
14862,B_WORD
14863,I_WORD
14864,I_WORD
14865,E_WORD
14866,B_WORD
14867,E_WORD
14868,B_WORD
14869,I_WORD
14870,I_WORD
14871,I_WORD
14872,I_WORD
14873,I_WORD
14874,E_WORD
14875,B_WORD
14876,I_WORD
14877,E_WORD
14878,B_WORD
14879,I_WORD
14880,E_WORD
14882,B_WORD
14883,I_WORD
14884,I_WORD
14885,I_WORD
14886,E_WORD
14888,B_WORD
14889,E_WORD
14890,B_WORD
14891,I_WORD
14892,E_WORD
14893,B_WORD
14894,E_WORD
14895,B_WORD
14896,I_WORD
14897,I_WORD
14898,I_WORD
14899,I_WORD
14900,E_WORD
14901,B_WORD
14902,I_WORD
14903,I_WORD
14904,I_WORD
14905,I_WORD
14906,E_WORD
14908,B_WORD
14910,B_WORD
14911,I_WORD
14912,E_WORD
14913,B_WORD
14914,I_WORD
14915,I_WORD
14916,I_WORD
14917,E_WORD
14919,B_WORD
14920,I_WORD
14921,I_WORD
14922,I_WORD
14923,E_WORD
14925,B_WORD
14926,I_WORD
14927,I_WORD
14928,I_WORD
14929,I_WORD
14930,E_WORD
14932,B_WORD
14933,E_WORD
14934,B_WORD
14935,I_WORD
14936,I_WORD
14937,E_WORD
14939,B_WORD
14940,I_WORD
14941,I_WORD
14942,I_WORD
14943,I_WORD
14944,I_WORD
14945,I_WORD
14946,E_WORD
14948,B_WORD
14949,I_WORD
14950,I_WORD
14951,I_WORD
14952,I_WORD
14953,I_WORD
14954,I_WORD
14955,I_WORD
14956,E_WORD
14957,B_WORD
14958,I_WORD
14959,I_WORD
14960,I_WORD
14961,I_WORD
14962,I_WORD
14963,I_WORD
14964,I_WORD
14965,I_WORD
14966,I_WORD
14967,I_WORD
14968,I_WORD
14969,I_WORD
14970,I_WORD
14971,I_WORD
14972,E_WORD
14973,B_WORD
14974,I_WORD
14975,E_WORD
14976,B_WORD
14977,I_WORD
14978,I_WORD
14979,I_WORD
14980,E_WORD
14981,B_WORD
14982,I_WORD
14983,I_WORD
14984,I_WORD
14985,I_WORD
14986,I_WORD
14987,I_WORD
14988,E_WORD
14989,B_WORD
14990,I_WORD
14991,E_WORD
14992,B_WORD
14993,I_WORD
14994,I_WORD
14995,I_WORD
14996,E_WORD
14997,B_WORD
14998,I_WORD
14999,I_WORD
15000,E_WORD
15001,B_WORD
15002,I_WORD
15003,I_WORD
15004,I_WORD
15005,I_WORD
15006,E_WORD
15007,B_WORD
15008,E_WORD
15009,B_WORD
15010,I_WORD
15011,E_WORD
15012,B_WORD
15013,I_WORD
15014,I_WORD
15015,I_WORD
15016,E_WORD
15017,B_WORD
15018,I_WORD
15019,I_WORD
15020,I_WORD
15021,I_WORD
15022,I_WORD
15023,I_WORD
15024,I_WORD
15025,I_WORD
15026,I_WORD
15027,E_WORD
15028,B_WORD
15029,I_WORD
15030,E_WORD
15031,B_WORD
15032,I_WORD
15033,I_WORD
15034,I_WORD
15035,I_WORD
15036,I_WORD
15037,I_WORD
15038,I_WORD
15039,E_WORD
15040,B_WORD
15041,I_WORD
15042,I_WORD
15043,I_WORD
15044,I_WORD
15045,E_WORD
15046,B_WORD
15047,I_WORD
15048,I_WORD
15049,I_WORD
15050,I_WORD
15051,I_WORD
15052,I_WORD
15053,E_WORD
15055,B_WORD
15056,I_WORD
15057,I_WORD
15058,I_WORD
15059,E_WORD
15060,B_WORD
15061,I_WORD
15062,I_WORD
15063,I_WORD
15064,I_WORD
15065,I_WORD
15066,E_WORD
15067,B_WORD
15068,I_WORD
15069,I_WORD
15070,I_WORD
15071,I_WORD
15072,E_WORD
15073,B_WORD
15074,I_WORD
15075,I_WORD
15076,I_WORD
15077,E_WORD
15078,B_WORD
15079,I_WORD
15080,E_WORD
15081,B_WORD
15082,I_WORD
15083,I_WORD
15084,I_WORD
15085,I_WORD
15086,E_WORD
15087,B_WORD
15088,I_WORD
15089,E_WORD
15090,B_WORD
15091,I_WORD
15092,I_WORD
15093,E_WORD
15094,B_WORD
15095,I_WORD
15096,I_WORD
15097,I_WORD
15098,I_WORD
15099,I_WORD
15100,I_WORD
15101,I_WORD
15102,I_WORD
15103,I_WORD
15104,E_WORD
15106,B_WORD
15107,I_WORD
15108,I_WORD
15109,E_WORD
15110,B_WORD
15111,E_WORD
15112,B_WORD
15113,I_WORD
15114,I_WORD
15115,I_WORD
15116,E_WORD
15117,B_WORD
15118,I_WORD
15119,E_WORD
15120,B_WORD
15121,I_WORD
15122,I_WORD
15123,I_WORD
15124,I_WORD
15125,E_WORD
15126,B_WORD
15127,E_WORD
15128,B_WORD
15129,I_WORD
15130,I_WORD
15131,I_WORD
15132,I_WORD
15133,I_WORD
15134,E_WORD
15135,B_WORD
15136,I_WORD
15137,I_WORD
15138,I_WORD
15139,E_WORD
15140,B_WORD
15141,I_WORD
15142,I_WORD
15143,I_WORD
15144,I_WORD
15145,I_WORD
15146,I_WORD
15147,E_WORD
15148,B_WORD
15149,I_WORD
15150,I_WORD
15151,I_WORD
15152,I_WORD
15153,I_WORD
15154,I_WORD
15155,I_WORD
15156,I_WORD
15157,I_WORD
15158,I_WORD
15159,I_WORD
15160,E_WORD
15161,B_WORD
15162,I_WORD
15163,I_WORD
15164,I_WORD
15165,I_WORD
15166,I_WORD
15167,E_WORD
15168,B_WORD
15169,I_WORD
15170,I_WORD
15171,I_WORD
15172,I_WORD
15173,I_WORD
15174,I_WORD
15175,I_WORD
15176,I_WORD
15177,I_WORD
15178,E_WORD
15179,B_WORD
15180,I_WORD
15181,I_WORD
15182,I_WORD
15183,I_WORD
15184,I_WORD
15185,E_WORD
15186,B_WORD
15187,I_WORD
15188,I_WORD
15189,I_WORD
15190,I_WORD
15191,E_WORD
15192,B_WORD
15193,I_WORD
15194,I_WORD
15195,I_WORD
15196,I_WORD
15197,I_WORD
15198,E_WORD
15199,B_WORD
15200,I_WORD
15201,I_WORD
15202,E_WORD
15203,B_WORD
15204,I_WORD
15205,I_WORD
15206,I_WORD
15207,I_WORD
15208,I_WORD
15209,E_WORD
15210,B_WORD
15211,I_WORD
15212,E_WORD
15213,B_WORD
15214,I_WORD
15215,I_WORD
15216,I_WORD
15217,E_WORD
15219,B_WORD
15221,B_WORD
15222,I_WORD
15223,E_WORD
15224,B_WORD
15225,I_WORD
15226,E_WORD
15227,B_WORD
15228,I_WORD
15229,I_WORD
15230,I_WORD
15231,I_WORD
15232,I_WORD
15233,E_WORD
15234,B_WORD
15235,I_WORD
15236,E_WORD
15237,B_WORD
15238,I_WORD
15239,I_WORD
15240,I_WORD
15241,I_WORD
15242,I_WORD
15243,E_WORD
15244,B_WORD
15245,I_WORD
15246,E_WORD
15247,B_WORD
15248,I_WORD
15249,E_WORD
15251,B_WORD
15252,I_WORD
15253,E_WORD
15254,B_WORD
15255,I_WORD
15256,I_WORD
15257,I_WORD
15258,I_WORD
15259,I_WORD
15260,E_WORD
15261,B_WORD
15262,I_WORD
15263,I_WORD
15264,E_WORD
15265,B_WORD
15266,I_WORD
15267,E_WORD
15268,B_WORD
15269,I_WORD
15270,E_WORD
15272,B_WORD
15273,E_WORD
15274,B_WORD
15275,E_WORD
15276,B_WORD
15277,I_WORD
15278,I_WORD
15279,I_WORD
15280,E_WORD
15281,B_WORD
15282,I_WORD
15283,I_WORD
15284,E_WORD
15285,B_WORD
15286,E_WORD
15287,B_WORD
15288,I_WORD
15289,I_WORD
15290,E_WORD
15291,B_WORD
15292,I_WORD
15293,I_WORD
15294,I_WORD
15295,I_WORD
15296,E_WORD
15298,B_WORD
15299,I_WORD
15300,E_WORD
15301,B_WORD
15302,I_WORD
15303,I_WORD
15304,I_WORD
15305,I_WORD
15306,E_WORD
15307,B_WORD
15308,I_WORD
15309,I_WORD
15310,E_WORD
15311,B_WORD
15312,I_WORD
15313,I_WORD
15314,I_WORD
15315,E_WORD
15316,B_WORD
15317,I_WORD
15318,I_WORD
15319,E_WORD
15320,B_WORD
15321,E_WORD
15322,B_WORD
15323,I_WORD
15324,E_WORD
15325,B_WORD
15326,I_WORD
15327,I_WORD
15328,I_WORD
15329,I_WORD
15330,I_WORD
15331,E_WORD
15332,B_WORD
15333,I_WORD
15334,E_WORD
15336,B_WORD
15337,E_WORD
15338,B_WORD
15339,E_WORD
15340,B_WORD
15341,I_WORD
15342,I_WORD
15343,E_WORD
15344,B_WORD
15345,I_WORD
15346,I_WORD
15347,I_WORD
15348,E_WORD
15349,B_WORD
15350,I_WORD
15351,E_WORD
15352,B_WORD
15353,I_WORD
15354,I_WORD
15355,I_WORD
15356,I_WORD
15357,I_WORD
15358,E_WORD
15359,B_WORD
15360,I_WORD
15361,I_WORD
15362,I_WORD
15363,I_WORD
15364,I_WORD
15365,I_WORD
15366,I_WORD
15367,E_WORD
15368,B_WORD
15369,I_WORD
15370,I_WORD
15371,I_WORD
15372,E_WORD
15374,B_WORD
15376,B_WORD
15377,I_WORD
15378,I_WORD
15379,I_WORD
15380,I_WORD
15381,E_WORD
15383,B_WORD
15384,E_WORD
15385,B_WORD
15386,I_WORD
15387,I_WORD
15388,E_WORD
15390,B_WORD
15391,I_WORD
15392,I_WORD
15393,I_WORD
15394,E_WORD
15396,B_WORD
15397,I_WORD
15398,I_WORD
15399,I_WORD
15400,I_WORD
15401,I_WORD
15402,E_WORD
15403,B_WORD
15404,I_WORD
15405,E_WORD
15406,B_WORD
15407,I_WORD
15408,E_WORD
15409,B_WORD
15410,I_WORD
15411,I_WORD
15412,I_WORD
15413,I_WORD
15414,E_WORD
15415,B_WORD
15416,I_WORD
15417,E_WORD
15418,B_WORD
15419,I_WORD
15420,E_WORD
15422,B_WORD
15423,I_WORD
15424,E_WORD
15426,B_WORD
15427,I_WORD
15428,I_WORD
15429,I_WORD
15430,I_WORD
15431,I_WORD
15432,I_WORD
15433,I_WORD
15434,I_WORD
15435,I_WORD
15436,I_WORD
15437,I_WORD
15438,E_WORD
15440,B_WORD
15441,I_WORD
15442,I_WORD
15443,I_WORD
15444,I_WORD
15445,I_WORD
15446,E_WORD
15447,B_WORD
15448,I_WORD
15449,E_WORD
15450,B_WORD
15451,I_WORD
15452,E_WORD
15453,B_WORD
15454,I_WORD
15455,I_WORD
15456,I_WORD
15457,I_WORD
15458,E_WORD
15460,B_WORD
15461,I_WORD
15462,E_WORD
15464,B_WORD
15465,I_WORD
15466,I_WORD
15467,I_WORD
15468,I_WORD
15469,I_WORD
15470,I_WORD
15471,I_WORD
15472,I_WORD
15473,I_WORD
15474,I_WORD
15475,I_WORD
15476,E_WORD
15477,B_WORD
15478,I_WORD
15479,E_WORD
15480,B_WORD
15481,I_WORD
15482,E_WORD
15484,B_WORD
15485,I_WORD
15486,I_WORD
15487,I_WORD
15488,I_WORD
15489,I_WORD
15490,I_WORD
15491,E_WORD
15492,B_WORD
15493,I_WORD
15494,I_WORD
15495,I_WORD
15496,I_WORD
15497,I_WORD
15498,I_WORD
15499,E_WORD
15500,B_WORD
15501,E_WORD
15502,B_WORD
15503,I_WORD
15504,I_WORD
15505,I_WORD
15506,I_WORD
15507,I_WORD
15508,I_WORD
15509,I_WORD
15510,I_WORD
15511,I_WORD
15512,I_WORD
15513,E_WORD
15514,B_WORD
15515,I_WORD
15516,E_WORD
15517,B_WORD
15518,I_WORD
15519,I_WORD
15520,I_WORD
15521,I_WORD
15522,E_WORD
15523,B_WORD
15524,I_WORD
15525,I_WORD
15526,I_WORD
15527,I_WORD
15528,I_WORD
15529,E_WORD
15531,B_WORD
15533,B_WORD
15534,I_WORD
15535,I_WORD
15536,I_WORD
15537,I_WORD
15538,E_WORD
15540,B_WORD
15541,I_WORD
15542,E_WORD
15543,B_WORD
15544,I_WORD
15545,E_WORD
15546,B_WORD
15547,I_WORD
15548,I_WORD
15549,I_WORD
15550,I_WORD
15551,I_WORD
15552,E_WORD
15553,B_WORD
15554,I_WORD
15555,I_WORD
15556,I_WORD
15557,E_WORD
15558,B_WORD
15559,E_WORD
15560,B_WORD
15561,I_WORD
15562,I_WORD
15563,I_WORD
15564,I_WORD
15565,I_WORD
15566,E_WORD
15567,B_WORD
15568,I_WORD
15569,I_WORD
15570,E_WORD
15571,B_WORD
15572,I_WORD
15573,I_WORD
15574,I_WORD
15575,I_WORD
15576,I_WORD
15577,I_WORD
15578,I_WORD
15579,E_WORD
15580,B_WORD
15581,I_WORD
15582,I_WORD
15583,I_WORD
15584,I_WORD
15585,E_WORD
15586,B_WORD
15587,I_WORD
15588,I_WORD
15589,I_WORD
15590,I_WORD
15591,E_WORD
15592,B_WORD
15593,I_WORD
15594,E_WORD
15595,B_WORD
15596,I_WORD
15597,I_WORD
15598,I_WORD
15599,I_WORD
15600,E_WORD
15601,B_WORD
15602,E_WORD
15603,B_WORD
15604,I_WORD
15605,I_WORD
15606,I_WORD
15607,I_WORD
15608,E_WORD
15610,B_WORD
15611,E_WORD
15613,B_WORD
15614,E_WORD
15615,B_WORD
15616,E_WORD
15617,B_WORD
15618,I_WORD
15619,I_WORD
15620,I_WORD
15621,I_WORD
15622,E_WORD
15624,B_WORD
15625,I_WORD
15626,E_WORD
15627,B_WORD
15628,I_WORD
15629,I_WORD
15630,E_WORD
15631,B_WORD
15632,I_WORD
15633,I_WORD
15634,I_WORD
15635,I_WORD
15636,I_WORD
15637,E_WORD
15638,B_WORD
15639,E_WORD
15640,B_WORD
15641,E_WORD
15642,B_WORD
15643,I_WORD
15644,I_WORD
15645,I_WORD
15646,I_WORD
15647,E_WORD
15649,B_WORD
15650,I_WORD
15651,E_WORD
15653,B_WORD
15654,I_WORD
15655,I_WORD
15656,I_WORD
15657,I_WORD
15658,I_WORD
15659,I_WORD
15660,I_WORD
15661,I_WORD
15662,I_WORD
15663,I_WORD
15664,I_WORD
15665,E_WORD
15666,B_WORD
15667,I_WORD
15668,E_WORD
15669,B_WORD
15670,I_WORD
15671,E_WORD
15672,B_WORD
15673,I_WORD
15674,E_WORD
15676,B_WORD
15677,I_WORD
15678,I_WORD
15679,E_WORD
15680,B_WORD
15681,I_WORD
15682,I_WORD
15683,E_WORD
15684,B_WORD
15685,I_WORD
15686,I_WORD
15687,I_WORD
15688,I_WORD
15689,E_WORD
15690,B_WORD
15691,I_WORD
15692,E_WORD
15693,B_WORD
15694,I_WORD
15695,E_WORD
15696,B_WORD
15697,I_WORD
15698,E_WORD
15699,B_WORD
15700,I_WORD
15701,I_WORD
15702,I_WORD
15703,I_WORD
15704,I_WORD
15705,I_WORD
15706,I_WORD
15707,I_WORD
15708,I_WORD
15709,I_WORD
15710,E_WORD
15711,B_WORD
15712,I_WORD
15713,E_WORD
15714,B_WORD
15715,I_WORD
15716,I_WORD
15717,I_WORD
15718,I_WORD
15719,E_WORD
15720,B_WORD
15721,I_WORD
15722,I_WORD
15723,I_WORD
15724,I_WORD
15725,I_WORD
15726,E_WORD
15727,B_WORD
15728,I_WORD
15729,I_WORD
15730,I_WORD
15731,I_WORD
15732,I_WORD
15733,E_WORD
15735,B_WORD
15737,B_WORD
15738,I_WORD
15739,I_WORD
15740,I_WORD
15741,I_WORD
15742,E_WORD
15744,B_WORD
15745,I_WORD
15746,I_WORD
15747,I_WORD
15748,I_WORD
15749,E_WORD
15750,B_WORD
15751,I_WORD
15752,E_WORD
15753,B_WORD
15754,I_WORD
15755,I_WORD
15756,I_WORD
15757,E_WORD
15758,B_WORD
15759,I_WORD
15760,E_WORD
15761,B_WORD
15762,I_WORD
15763,I_WORD
15764,I_WORD
15765,I_WORD
15766,I_WORD
15767,I_WORD
15768,E_WORD
15769,B_WORD
15770,I_WORD
15771,I_WORD
15772,I_WORD
15773,I_WORD
15774,I_WORD
15775,I_WORD
15776,I_WORD
15777,I_WORD
15778,E_WORD
15779,B_WORD
15780,I_WORD
15781,E_WORD
15782,B_WORD
15783,I_WORD
15784,I_WORD
15785,E_WORD
15786,B_WORD
15787,I_WORD
15788,E_WORD
15789,B_WORD
15790,I_WORD
15791,I_WORD
15792,E_WORD
15793,B_WORD
15794,I_WORD
15795,I_WORD
15796,I_WORD
15797,I_WORD
15798,I_WORD
15799,E_WORD
15801,B_WORD
15802,I_WORD
15803,I_WORD
15804,I_WORD
15805,I_WORD
15806,I_WORD
15807,E_WORD
15808,B_WORD
15809,I_WORD
15810,I_WORD
15811,I_WORD
15812,E_WORD
15813,B_WORD
15814,I_WORD
15815,I_WORD
15816,I_WORD
15817,I_WORD
15818,I_WORD
15819,E_WORD
15820,B_WORD
15821,I_WORD
15822,I_WORD
15823,I_WORD
15824,I_WORD
15825,E_WORD
15826,B_WORD
15827,I_WORD
15828,I_WORD
15829,I_WORD
15830,I_WORD
15831,E_WORD
15832,B_WORD
15833,I_WORD
15834,I_WORD
15835,I_WORD
15836,I_WORD
15837,I_WORD
15838,E_WORD
15840,B_WORD
15842,B_WORD
15843,I_WORD
15844,I_WORD
15845,I_WORD
15846,I_WORD
15847,E_WORD
15848,B_WORD
15849,I_WORD
15850,E_WORD
15851,B_WORD
15852,I_WORD
15853,I_WORD
15854,I_WORD
15855,I_WORD
15856,I_WORD
15857,I_WORD
15858,I_WORD
15859,E_WORD
15860,B_WORD
15861,I_WORD
15862,E_WORD
15864,B_WORD
15865,I_WORD
15866,I_WORD
15867,I_WORD
15868,E_WORD
15870,B_WORD
15871,I_WORD
15872,I_WORD
15873,I_WORD
15874,I_WORD
15875,I_WORD
15876,I_WORD
15877,E_WORD
15878,B_WORD
15879,I_WORD
15880,E_WORD
15881,B_WORD
15882,E_WORD
15883,B_WORD
15884,I_WORD
15885,I_WORD
15886,I_WORD
15887,I_WORD
15888,I_WORD
15889,I_WORD
15890,E_WORD
15891,B_WORD
15892,E_WORD
15893,B_WORD
15894,I_WORD
15895,I_WORD
15896,I_WORD
15897,I_WORD
15898,I_WORD
15899,I_WORD
15900,E_WORD
15902,B_WORD
15903,I_WORD
15904,I_WORD
15905,E_WORD
15906,B_WORD
15907,I_WORD
15908,I_WORD
15909,E_WORD
15910,B_WORD
15911,I_WORD
15912,I_WORD
15913,I_WORD
15914,I_WORD
15915,I_WORD
15916,I_WORD
15917,E_WORD
15919,B_WORD
15920,I_WORD
15921,E_WORD
15922,B_WORD
15923,I_WORD
15924,I_WORD
15925,I_WORD
15926,E_WORD
15927,B_WORD
15928,I_WORD
15929,I_WORD
15930,E_WORD
15932,B_WORD
15933,E_WORD
15934,B_WORD
15935,B_WORD
15936,I_WORD
15937,E_WORD
15939,B_WORD
15940,I_WORD
15941,I_WORD
15942,I_WORD
15943,I_WORD
15944,I_WORD
15945,I_WORD
15946,E_WORD
15947,B_WORD
15948,I_WORD
15949,I_WORD
15950,I_WORD
15951,I_WORD
15952,I_WORD
15953,I_WORD
15954,I_WORD
15955,I_WORD
15956,E_WORD
15957,B_WORD
15958,E_WORD
15959,B_WORD
15960,I_WORD
15961,I_WORD
15962,E_WORD
15964,B_WORD
15965,I_WORD
15966,I_WORD
15967,I_WORD
15968,I_WORD
15969,E_WORD
15970,B_WORD
15971,I_WORD
15972,E_WORD
15973,B_WORD
15974,I_WORD
15975,I_WORD
15976,I_WORD
15977,I_WORD
15978,I_WORD
15979,I_WORD
15980,I_WORD
15981,I_WORD
15982,I_WORD
15983,E_WORD
15984,B_WORD
15985,I_WORD
15986,I_WORD
15987,I_WORD
15988,I_WORD
15989,E_WORD
15990,B_WORD
15991,I_WORD
15992,I_WORD
15993,I_WORD
15994,I_WORD
15995,I_WORD
15996,E_WORD
15998,B_WORD
16000,B_WORD
16001,I_WORD
16002,I_WORD
16003,I_WORD
16004,I_WORD
16005,E_WORD
16006,B_WORD
16007,E_WORD
16008,B_WORD
16009,I_WORD
16010,E_WORD
16011,B_WORD
16012,I_WORD
16013,E_WORD
16014,B_WORD
16015,I_WORD
16016,E_WORD
16017,B_WORD
16018,I_WORD
16019,I_WORD
16020,I_WORD
16021,I_WORD
16022,I_WORD
16023,I_WORD
16024,I_WORD
16025,E_WORD
16026,B_WORD
16027,I_WORD
16028,I_WORD
16029,E_WORD
16030,B_WORD
16031,I_WORD
16032,I_WORD
16033,I_WORD
16034,I_WORD
16035,I_WORD
16036,E_WORD
16038,B_WORD
16039,I_WORD
16040,E_WORD
16041,B_WORD
16042,E_WORD
16043,B_WORD
16044,I_WORD
16045,I_WORD
16046,E_WORD
16047,B_WORD
16048,I_WORD
16049,I_WORD
16050,I_WORD
16051,I_WORD
16052,I_WORD
16053,I_WORD
16054,E_WORD
16055,B_WORD
16056,E_WORD
16057,B_WORD
16058,I_WORD
16059,E_WORD
16060,B_WORD
16061,I_WORD
16062,I_WORD
16063,I_WORD
16064,I_WORD
16065,I_WORD
16066,E_WORD
16067,B_WORD
16068,I_WORD
16069,I_WORD
16070,I_WORD
16071,I_WORD
16072,I_WORD
16073,E_WORD
16075,B_WORD
16076,I_WORD
16077,I_WORD
16078,I_WORD
16079,I_WORD
16080,I_WORD
16081,I_WORD
16082,I_WORD
16083,I_WORD
16084,I_WORD
16085,E_WORD
16087,B_WORD
16088,I_WORD
16089,E_WORD
16090,B_WORD
16091,I_WORD
16092,I_WORD
16093,I_WORD
16094,I_WORD
16095,I_WORD
16096,I_WORD
16097,I_WORD
16098,I_WORD
16099,E_WORD
16100,B_WORD
16101,I_WORD
16102,I_WORD
16103,I_WORD
16104,I_WORD
16105,I_WORD
16106,I_WORD
16107,I_WORD
16108,I_WORD
16109,I_WORD
16110,I_WORD
16111,I_WORD
16112,E_WORD
16114,B_WORD
16115,I_WORD
16116,I_WORD
16117,I_WORD
16118,I_WORD
16119,E_WORD
16120,B_WORD
16121,I_WORD
16122,I_WORD
16123,I_WORD
16124,I_WORD
16125,I_WORD
16126,E_WORD
16127,B_WORD
16128,I_WORD
16129,E_WORD
16131,B_WORD
16132,I_WORD
16133,I_WORD
16134,E_WORD
16135,B_WORD
16136,B_WORD
16137,I_WORD
16138,E_WORD
16139,B_WORD
16140,I_WORD
16141,E_WORD
16143,B_WORD
16144,I_WORD
16145,I_WORD
16146,E_WORD
16147,B_WORD
16148,I_WORD
16149,E_WORD
16150,B_WORD
16151,I_WORD
16152,I_WORD
16153,I_WORD
16154,I_WORD
16155,I_WORD
16156,E_WORD
16157,B_WORD
16158,I_WORD
16159,I_WORD
16160,I_WORD
16161,E_WORD
16163,B_WORD
16164,E_WORD
16165,B_WORD
16166,E_WORD
16167,B_WORD
16168,E_WORD
16169,B_WORD
16170,E_WORD
16171,B_WORD
16172,B_WORD
16173,I_WORD
16174,I_WORD
16175,I_WORD
16176,I_WORD
16177,I_WORD
16178,E_WORD
16180,B_WORD
16181,I_WORD
16182,I_WORD
16183,I_WORD
16184,I_WORD
16185,I_WORD
16186,E_WORD
16187,B_WORD
16188,I_WORD
16189,E_WORD
16190,B_WORD
16191,I_WORD
16192,I_WORD
16193,I_WORD
16194,I_WORD
16195,I_WORD
16196,I_WORD
16197,I_WORD
16198,I_WORD
16199,E_WORD
16200,B_WORD
16201,I_WORD
16202,E_WORD
16203,B_WORD
16204,I_WORD
16205,I_WORD
16206,E_WORD
16207,B_WORD
16208,I_WORD
16209,E_WORD
16210,B_WORD
16211,E_WORD
16212,B_WORD
16213,I_WORD
16214,I_WORD
16215,E_WORD
16217,B_WORD
16218,I_WORD
16219,I_WORD
16220,E_WORD
16221,B_WORD
16222,I_WORD
16223,E_WORD
16224,B_WORD
16225,I_WORD
16226,I_WORD
16227,I_WORD
16228,I_WORD
16229,I_WORD
16230,E_WORD
16231,B_WORD
16232,I_WORD
16233,I_WORD
16234,I_WORD
16235,E_WORD
16236,B_WORD
16237,I_WORD
16238,E_WORD
16239,B_WORD
16240,I_WORD
16241,E_WORD
16243,B_WORD
16244,E_WORD
16245,B_WORD
16246,B_WORD
16247,I_WORD
16248,I_WORD
16249,E_WORD
16250,B_WORD
16251,B_WORD
16252,I_WORD
16253,E_WORD
16255,B_WORD
16256,I_WORD
16257,I_WORD
16258,I_WORD
16259,I_WORD
16260,I_WORD
16261,E_WORD
16262,B_WORD
16263,E_WORD
16264,B_WORD
16265,I_WORD
16266,I_WORD
16267,I_WORD
16268,I_WORD
16269,E_WORD
16270,B_WORD
16271,I_WORD
16272,E_WORD
16273,B_WORD
16274,I_WORD
16275,I_WORD
16276,I_WORD
16277,I_WORD
16278,E_WORD
16279,B_WORD
16280,I_WORD
16281,E_WORD
16282,B_WORD
16283,I_WORD
16284,E_WORD
16285,B_WORD
16286,I_WORD
16287,I_WORD
16288,I_WORD
16289,E_WORD
16291,B_WORD
16292,I_WORD
16293,I_WORD
16294,E_WORD
16295,B_WORD
16296,I_WORD
16297,E_WORD
16298,B_WORD
16299,I_WORD
16300,I_WORD
16301,I_WORD
16302,I_WORD
16303,I_WORD
16304,E_WORD
16305,B_WORD
16306,I_WORD
16307,I_WORD
16308,I_WORD
16309,E_WORD
16310,B_WORD
16311,I_WORD
16312,I_WORD
16313,I_WORD
16314,I_WORD
16315,E_WORD
16316,B_WORD
16317,E_WORD
16318,B_WORD
16319,I_WORD
16320,I_WORD
16321,E_WORD
16323,B_WORD
16324,E_WORD
16325,B_WORD
16326,I_WORD
16327,I_WORD
16328,I_WORD
16329,E_WORD
16330,B_WORD
16331,I_WORD
16332,E_WORD
16333,B_WORD
16334,I_WORD
16335,I_WORD
16336,I_WORD
16337,I_WORD
16338,E_WORD
16339,B_WORD
16340,I_WORD
16341,I_WORD
16342,E_WORD
16343,B_WORD
16344,E_WORD
16345,B_WORD
16346,I_WORD
16347,I_WORD
16348,I_WORD
16349,E_WORD
16351,B_WORD
16352,E_WORD
16353,B_WORD
16354,I_WORD
16355,I_WORD
16356,I_WORD
16357,I_WORD
16358,E_WORD
16359,B_WORD
16360,I_WORD
16361,I_WORD
16362,E_WORD
16363,B_WORD
16364,I_WORD
16365,E_WORD
16366,B_WORD
16367,I_WORD
16368,E_WORD
16370,B_WORD
16371,E_WORD
16372,B_WORD
16373,I_WORD
16374,I_WORD
16375,E_WORD
16376,B_WORD
16377,I_WORD
16378,I_WORD
16379,I_WORD
16380,I_WORD
16381,I_WORD
16382,I_WORD
16383,I_WORD
16384,I_WORD
16385,E_WORD
16387,B_WORD
16388,I_WORD
16389,I_WORD
16390,I_WORD
16391,I_WORD
16392,I_WORD
16393,I_WORD
16394,I_WORD
16395,E_WORD
16396,B_WORD
16397,I_WORD
16398,I_WORD
16399,I_WORD
16400,I_WORD
16401,E_WORD
16402,B_WORD
16403,I_WORD
16404,I_WORD
16405,I_WORD
16406,I_WORD
16407,E_WORD
16408,B_WORD
16409,I_WORD
16410,I_WORD
16411,I_WORD
16412,I_WORD
16413,I_WORD
16414,I_WORD
16415,E_WORD
16417,B_WORD
16418,I_WORD
16419,I_WORD
16420,I_WORD
16421,E_WORD
16422,B_WORD
16423,I_WORD
16424,I_WORD
16425,I_WORD
16426,I_WORD
16427,I_WORD
16428,E_WORD
16429,B_WORD
16430,I_WORD
16431,I_WORD
16432,I_WORD
16433,I_WORD
16434,E_WORD
16435,B_WORD
16436,I_WORD
16437,I_WORD
16438,E_WORD
16439,B_WORD
16440,I_WORD
16441,I_WORD
16442,E_WORD
16443,B_WORD
16444,I_WORD
16445,E_WORD
16446,B_WORD
16447,I_WORD
16448,I_WORD
16449,E_WORD
16450,B_WORD
16451,I_WORD
16452,I_WORD
16453,I_WORD
16454,I_WORD
16455,I_WORD
16456,I_WORD
16457,I_WORD
16458,E_WORD
16459,B_WORD
16460,E_WORD
16461,B_WORD
16462,I_WORD
16463,E_WORD
16465,B_WORD
16466,E_WORD
16468,B_WORD
16469,I_WORD
16470,E_WORD
16472,B_WORD
16473,E_WORD
16475,B_WORD
16476,I_WORD
16477,E_WORD
16478,B_WORD
16479,I_WORD
16480,I_WORD
16481,I_WORD
16482,I_WORD
16483,I_WORD
16484,I_WORD
16485,E_WORD
16487,B_WORD
16488,I_WORD
16489,I_WORD
16490,I_WORD
16491,I_WORD
16492,I_WORD
16493,E_WORD
16494,B_WORD
16495,I_WORD
16496,I_WORD
16497,E_WORD
16498,B_WORD
16499,I_WORD
16500,I_WORD
16501,I_WORD
16502,I_WORD
16503,E_WORD
16504,B_WORD
16505,E_WORD
16506,B_WORD
16507,I_WORD
16508,I_WORD
16509,I_WORD
16510,I_WORD
16511,I_WORD
16512,I_WORD
16513,I_WORD
16514,I_WORD
16515,I_WORD
16516,E_WORD
16517,B_WORD
16518,I_WORD
16519,E_WORD
16520,B_WORD
16521,I_WORD
16522,I_WORD
16523,I_WORD
16524,I_WORD
16525,I_WORD
16526,I_WORD
16527,E_WORD
16529,B_WORD
16530,I_WORD
16531,I_WORD
16532,I_WORD
16533,E_WORD
16534,B_WORD
16535,I_WORD
16536,I_WORD
16537,I_WORD
16538,I_WORD
16539,I_WORD
16540,E_WORD
16541,B_WORD
16542,I_WORD
16543,I_WORD
16544,I_WORD
16545,I_WORD
16546,I_WORD
16547,E_WORD
16548,B_WORD
16549,I_WORD
16550,I_WORD
16551,I_WORD
16552,I_WORD
16553,I_WORD
16554,E_WORD
16555,B_WORD
16556,I_WORD
16557,E_WORD
16558,B_WORD
16559,I_WORD
16560,I_WORD
16561,I_WORD
16562,E_WORD
16564,B_WORD
16565,I_WORD
16566,I_WORD
16567,I_WORD
16568,I_WORD
16569,E_WORD
16570,B_WORD
16571,I_WORD
16572,I_WORD
16573,E_WORD
16575,B_WORD
16577,B_WORD
16578,E_WORD
16579,B_WORD
16580,I_WORD
16581,I_WORD
16582,I_WORD
16583,I_WORD
16584,I_WORD
16585,E_WORD
16587,B_WORD
16589,B_WORD
16590,I_WORD
16591,I_WORD
16592,I_WORD
16593,E_WORD
16594,B_WORD
16595,I_WORD
16596,I_WORD
16597,I_WORD
16598,E_WORD
16599,B_WORD
16600,I_WORD
16601,I_WORD
16602,E_WORD
16603,B_WORD
16604,I_WORD
16605,I_WORD
16606,E_WORD
16608,B_WORD
16610,B_WORD
16611,I_WORD
16612,I_WORD
16613,I_WORD
16614,I_WORD
16615,E_WORD
16617,B_WORD
16619,B_WORD
16620,I_WORD
16621,E_WORD
16622,B_WORD
16623,I_WORD
16624,I_WORD
16625,E_WORD
16626,B_WORD
16627,I_WORD
16628,I_WORD
16629,E_WORD
16631,B_WORD
16633,B_WORD
16634,E_WORD
16635,B_WORD
16636,I_WORD
16637,I_WORD
16638,I_WORD
16639,I_WORD
16640,I_WORD
16641,E_WORD
16643,B_WORD
16644,I_WORD
16645,I_WORD
16646,E_WORD
16647,B_WORD
16648,I_WORD
16649,I_WORD
16650,I_WORD
16651,I_WORD
16652,I_WORD
16653,E_WORD
16655,B_WORD
16657,B_WORD
16658,I_WORD
16659,I_WORD
16660,I_WORD
16661,E_WORD
16662,B_WORD
16663,I_WORD
16664,I_WORD
16665,I_WORD
16666,I_WORD
16667,I_WORD
16668,I_WORD
16669,E_WORD
16671,B_WORD
16673,B_WORD
16675,B_WORD
16676,E_WORD
16677,B_WORD
16678,I_WORD
16679,E_WORD
16680,B_WORD
16681,B_WORD
16682,I_WORD
16683,I_WORD
16684,E_WORD
16686,B_WORD
16688,B_WORD
16689,I_WORD
16690,E_WORD
16691,B_WORD
16692,I_WORD
16693,I_WORD
16694,E_WORD
16696,B_WORD
16698,B_WORD
16699,I_WORD
16700,I_WORD
16701,I_WORD
16702,I_WORD
16703,E_WORD
16705,B_WORD
16706,I_WORD
16707,I_WORD
16708,I_WORD
16709,E_WORD
16711,B_WORD
16712,I_WORD
16713,E_WORD
16715,B_WORD
16716,I_WORD
16717,I_WORD
16718,E_WORD
16720,B_WORD
16721,I_WORD
16722,E_WORD
16723,B_WORD
16724,I_WORD
16725,I_WORD
16726,I_WORD
16727,I_WORD
16728,I_WORD
16729,I_WORD
16730,I_WORD
16731,I_WORD
16732,I_WORD
16733,E_WORD
16735,B_WORD
16736,I_WORD
16737,I_WORD
16738,I_WORD
16739,I_WORD
16740,I_WORD
16741,E_WORD
16742,B_WORD
16743,I_WORD
16744,I_WORD
16745,E_WORD
16746,B_WORD
16747,I_WORD
16748,I_WORD
16749,E_WORD
16750,B_WORD
16751,I_WORD
16752,I_WORD
16753,I_WORD
16754,I_WORD
16755,I_WORD
16756,I_WORD
16757,I_WORD
16758,I_WORD
16759,I_WORD
16760,I_WORD
16761,E_WORD
16763,B_WORD
16764,I_WORD
16765,I_WORD
16766,I_WORD
16767,E_WORD
16768,B_WORD
16769,I_WORD
16770,I_WORD
16771,E_WORD
16772,B_WORD
16773,I_WORD
16774,I_WORD
16775,I_WORD
16776,I_WORD
16777,I_WORD
16778,I_WORD
16779,E_WORD
16780,B_WORD
16781,I_WORD
16782,I_WORD
16783,I_WORD
16784,I_WORD
16785,I_WORD
16786,I_WORD
16787,E_WORD
16788,B_WORD
16789,I_WORD
16790,E_WORD
16791,B_WORD
16792,I_WORD
16793,E_WORD
16794,B_WORD
16795,I_WORD
16796,I_WORD
16797,E_WORD
16798,B_WORD
16799,I_WORD
16800,E_WORD
16801,B_WORD
16802,I_WORD
16803,I_WORD
16804,I_WORD
16805,I_WORD
16806,I_WORD
16807,E_WORD
16808,B_WORD
16809,I_WORD
16810,E_WORD
16812,B_WORD
16813,I_WORD
16814,E_WORD
16815,B_WORD
16816,I_WORD
16817,I_WORD
16818,I_WORD
16819,I_WORD
16820,I_WORD
16821,E_WORD
16823,B_WORD
16824,E_WORD
16826,B_WORD
16827,I_WORD
16828,I_WORD
16829,I_WORD
16830,I_WORD
16831,I_WORD
16832,I_WORD
16833,I_WORD
16834,I_WORD
16835,E_WORD
16837,B_WORD
16838,I_WORD
16839,I_WORD
16840,E_WORD
16842,B_WORD
16843,I_WORD
16844,I_WORD
16845,I_WORD
16846,E_WORD
16847,B_WORD
16848,I_WORD
16849,I_WORD
16850,E_WORD
16852,B_WORD
16853,I_WORD
16854,I_WORD
16855,I_WORD
16856,E_WORD
16858,B_WORD
16859,E_WORD
16861,B_WORD
16862,I_WORD
16863,I_WORD
16864,I_WORD
16865,I_WORD
16866,E_WORD
16868,B_WORD
16869,E_WORD
16871,B_WORD
16872,I_WORD
16873,I_WORD
16874,E_WORD
16876,B_WORD
16877,I_WORD
16878,I_WORD
16879,I_WORD
16880,I_WORD
16881,E_WORD
16883,B_WORD
16884,I_WORD
16885,I_WORD
16886,I_WORD
16887,I_WORD
16888,E_WORD
16890,B_WORD
16891,I_WORD
16892,I_WORD
16893,I_WORD
16894,I_WORD
16895,I_WORD
16896,E_WORD
16897,B_WORD
16898,I_WORD
16899,I_WORD
16900,I_WORD
16901,I_WORD
16902,I_WORD
16903,I_WORD
16904,I_WORD
16905,I_WORD
16906,I_WORD
16907,I_WORD
16908,E_WORD
16910,B_WORD
16911,I_WORD
16912,E_WORD
16913,B_WORD
16914,I_WORD
16915,I_WORD
16916,I_WORD
16917,I_WORD
16918,I_WORD
16919,I_WORD
16920,E_WORD
16921,B_WORD
16922,I_WORD
16923,E_WORD
16924,B_WORD
16925,E_WORD
16926,B_WORD
16927,I_WORD
16928,E_WORD
16929,B_WORD
16930,I_WORD
16931,E_WORD
16933,B_WORD
16934,I_WORD
16935,I_WORD
16936,I_WORD
16937,E_WORD
16938,B_WORD
16939,I_WORD
16940,E_WORD
16942,B_WORD
16943,I_WORD
16944,I_WORD
16945,I_WORD
16946,I_WORD
16947,I_WORD
16948,I_WORD
16949,E_WORD
16951,B_WORD
16952,I_WORD
16953,I_WORD
16954,E_WORD
16955,B_WORD
16956,I_WORD
16957,I_WORD
16958,I_WORD
16959,E_WORD
16960,B_WORD
16961,I_WORD
16962,I_WORD
16963,I_WORD
16964,I_WORD
16965,I_WORD
16966,I_WORD
16967,E_WORD
16968,B_WORD
16969,I_WORD
16970,E_WORD
16971,B_WORD
16972,E_WORD
16973,B_WORD
16974,I_WORD
16975,I_WORD
16976,I_WORD
16977,I_WORD
16978,I_WORD
16979,E_WORD
16981,B_WORD
16982,I_WORD
16983,I_WORD
16984,E_WORD
16985,B_WORD
16986,I_WORD
16987,I_WORD
16988,I_WORD
16989,I_WORD
16990,I_WORD
16991,E_WORD
16993,B_WORD
16994,I_WORD
16995,I_WORD
16996,I_WORD
16997,E_WORD
16998,B_WORD
16999,I_WORD
17000,I_WORD
17001,I_WORD
17002,I_WORD
17003,I_WORD
17004,I_WORD
17005,E_WORD
17006,B_WORD
17007,I_WORD
17008,I_WORD
17009,I_WORD
17010,I_WORD
17011,I_WORD
17012,E_WORD
17013,B_WORD
17014,I_WORD
17015,I_WORD
17016,I_WORD
17017,E_WORD
17018,B_WORD
17019,I_WORD
17020,I_WORD
17021,I_WORD
17022,I_WORD
17023,I_WORD
17024,I_WORD
17025,I_WORD
17026,I_WORD
17027,I_WORD
17028,E_WORD
17029,B_WORD
17030,I_WORD
17031,E_WORD
17032,B_WORD
17033,I_WORD
17034,I_WORD
17035,I_WORD
17036,I_WORD
17037,E_WORD
17038,B_WORD
17039,I_WORD
17040,E_WORD
17041,B_WORD
17042,I_WORD
17043,I_WORD
17044,E_WORD
17045,B_WORD
17046,I_WORD
17047,I_WORD
17048,I_WORD
17049,I_WORD
17050,E_WORD
17052,B_WORD
17053,I_WORD
17054,I_WORD
17055,I_WORD
17056,E_WORD
17058,B_WORD
17059,I_WORD
17060,I_WORD
17061,E_WORD
17062,B_WORD
17063,I_WORD
17064,I_WORD
17065,I_WORD
17066,E_WORD
17067,B_WORD
17068,I_WORD
17069,E_WORD
17071,B_WORD
17073,B_WORD
17075,B_WORD
17077,B_WORD
17078,I_WORD
17079,I_WORD
17080,I_WORD
17081,I_WORD
17082,E_WORD
17084,B_WORD
17085,I_WORD
17086,I_WORD
17087,I_WORD
17088,I_WORD
17089,E_WORD
17091,B_WORD
17092,I_WORD
17093,I_WORD
17094,I_WORD
17095,I_WORD
17096,I_WORD
17097,I_WORD
17098,I_WORD
17099,I_WORD
17100,I_WORD
17101,I_WORD
17102,I_WORD
17103,I_WORD
17104,I_WORD
17105,E_WORD
17107,B_WORD
17108,I_WORD
17109,E_WORD
17111,B_WORD
17112,I_WORD
17113,I_WORD
17114,E_WORD
17115,B_WORD
17116,I_WORD
17117,E_WORD
17119,B_WORD
17120,I_WORD
17121,I_WORD
17122,I_WORD
17123,E_WORD
17124,B_WORD
17125,I_WORD
17126,I_WORD
17127,I_WORD
17128,I_WORD
17129,I_WORD
17130,I_WORD
17131,E_WORD
17133,B_WORD
17134,I_WORD
17135,I_WORD
17136,I_WORD
17137,I_WORD
17138,E_WORD
17140,B_WORD
17141,I_WORD
17142,E_WORD
17144,B_WORD
17145,I_WORD
17146,E_WORD
17147,B_WORD
17148,E_WORD
17150,B_WORD
17151,I_WORD
17152,E_WORD
17153,B_WORD
17154,I_WORD
17155,I_WORD
17156,E_WORD
17157,B_WORD
17158,I_WORD
17159,I_WORD
17160,I_WORD
17161,E_WORD
17162,B_WORD
17163,I_WORD
17164,I_WORD
17165,E_WORD
17166,B_WORD
17167,I_WORD
17168,E_WORD
17170,B_WORD
17171,I_WORD
17172,I_WORD
17173,I_WORD
17174,I_WORD
17175,I_WORD
17176,E_WORD
17177,B_WORD
17178,I_WORD
17179,I_WORD
17180,I_WORD
17181,I_WORD
17182,E_WORD
17184,B_WORD
17185,E_WORD
17187,B_WORD
17188,I_WORD
17189,I_WORD
17190,E_WORD
17192,B_WORD
17193,I_WORD
17194,I_WORD
17195,E_WORD
17197,B_WORD
17198,I_WORD
17199,E_WORD
17200,B_WORD
17201,I_WORD
17202,I_WORD
17203,I_WORD
17204,I_WORD
17205,I_WORD
17206,I_WORD
17207,E_WORD
17209,B_WORD
17210,I_WORD
17211,I_WORD
17212,I_WORD
17213,E_WORD
17214,B_WORD
17215,I_WORD
17216,E_WORD
17217,B_WORD
17218,I_WORD
17219,E_WORD
17220,B_WORD
17221,I_WORD
17222,E_WORD
17224,B_WORD
17226,B_WORD
17227,E_WORD
17229,B_WORD
17230,I_WORD
17231,I_WORD
17232,I_WORD
17233,I_WORD
17234,I_WORD
17235,I_WORD
17236,I_WORD
17237,I_WORD
17238,E_WORD
17240,B_WORD
17241,I_WORD
17242,E_WORD
17243,B_WORD
17244,I_WORD
17245,I_WORD
17246,E_WORD
17248,B_WORD
17249,I_WORD
17250,I_WORD
17251,E_WORD
17252,B_WORD
17253,I_WORD
17254,E_WORD
17255,B_WORD
17256,I_WORD
17257,E_WORD
17259,B_WORD
17260,I_WORD
17261,E_WORD
17262,B_WORD
17263,I_WORD
17264,I_WORD
17265,E_WORD
17267,B_WORD
17268,E_WORD
17269,B_WORD
17270,I_WORD
17271,E_WORD
17273,B_WORD
17274,I_WORD
17275,I_WORD
17276,I_WORD
17277,E_WORD
17279,B_WORD
17280,I_WORD
17281,I_WORD
17282,I_WORD
17283,E_WORD
17285,B_WORD
17286,I_WORD
17287,E_WORD
17288,B_WORD
17289,I_WORD
17290,I_WORD
17291,I_WORD
17292,E_WORD
17294,B_WORD
17295,I_WORD
17296,E_WORD
17297,B_WORD
17298,I_WORD
17299,E_WORD
17300,B_WORD
17301,E_WORD
17302,B_WORD
17303,I_WORD
17304,I_WORD
17305,I_WORD
17306,I_WORD
17307,E_WORD
17309,B_WORD
17310,E_WORD
17311,B_WORD
17312,I_WORD
17313,E_WORD
17314,B_WORD
17315,I_WORD
17316,E_WORD
17318,B_WORD
17319,I_WORD
17320,I_WORD
17321,I_WORD
17322,E_WORD
17323,B_WORD
17324,I_WORD
17325,I_WORD
17326,I_WORD
17327,E_WORD
17328,B_WORD
17329,I_WORD
17330,I_WORD
17331,I_WORD
17332,I_WORD
17333,I_WORD
17334,I_WORD
17335,E_WORD
17336,B_WORD
17337,I_WORD
17338,I_WORD
17339,I_WORD
17340,I_WORD
17341,I_WORD
17342,E_WORD
17343,B_WORD
17344,I_WORD
17345,I_WORD
17346,I_WORD
17347,E_WORD
17348,B_WORD
17349,I_WORD
17350,I_WORD
17351,I_WORD
17352,I_WORD
17353,I_WORD
17354,I_WORD
17355,I_WORD
17356,I_WORD
17357,I_WORD
17358,E_WORD
17359,B_WORD
17360,I_WORD
17361,I_WORD
17362,I_WORD
17363,I_WORD
17364,E_WORD
17365,B_WORD
17366,I_WORD
17367,I_WORD
17368,I_WORD
17369,I_WORD
17370,E_WORD
17371,B_WORD
17372,I_WORD
17373,E_WORD
17374,B_WORD
17375,I_WORD
17376,I_WORD
17377,E_WORD
17378,B_WORD
17379,I_WORD
17380,I_WORD
17381,I_WORD
17382,I_WORD
17383,I_WORD
17384,E_WORD
17385,B_WORD
17386,I_WORD
17387,E_WORD
17388,B_WORD
17389,I_WORD
17390,I_WORD
17391,I_WORD
17392,I_WORD
17393,I_WORD
17394,E_WORD
17395,B_WORD
17396,I_WORD
17397,I_WORD
17398,E_WORD
17400,B_WORD
17402,B_WORD
17403,I_WORD
17404,I_WORD
17405,I_WORD
17406,E_WORD
17407,B_WORD
17408,I_WORD
17409,I_WORD
17410,I_WORD
17411,I_WORD
17412,I_WORD
17413,I_WORD
17414,I_WORD
17415,E_WORD
17417,B_WORD
17418,I_WORD
17419,E_WORD
17420,B_WORD
17421,I_WORD
17422,I_WORD
17423,I_WORD
17424,E_WORD
17425,B_WORD
17426,I_WORD
17427,E_WORD
17428,B_WORD
17429,I_WORD
17430,E_WORD
17431,B_WORD
17432,I_WORD
17433,E_WORD
17434,B_WORD
17435,I_WORD
17436,E_WORD
17437,B_WORD
17438,I_WORD
17439,I_WORD
17440,I_WORD
17441,I_WORD
17442,I_WORD
17443,I_WORD
17444,I_WORD
17445,E_WORD
17446,B_WORD
17447,I_WORD
17448,E_WORD
17450,B_WORD
17452,B_WORD
17453,I_WORD
17454,I_WORD
17455,E_WORD
17457,B_WORD
17458,I_WORD
17459,E_WORD
17460,B_WORD
17461,I_WORD
17462,I_WORD
17463,E_WORD
17464,B_WORD
17465,I_WORD
17466,I_WORD
17467,I_WORD
17468,E_WORD
17469,B_WORD
17470,I_WORD
17471,E_WORD
17472,B_WORD
17473,I_WORD
17474,E_WORD
17475,B_WORD
17476,I_WORD
17477,I_WORD
17478,I_WORD
17479,E_WORD
17480,B_WORD
17481,I_WORD
17482,I_WORD
17483,I_WORD
17484,I_WORD
17485,I_WORD
17486,E_WORD
17487,B_WORD
17488,E_WORD
17489,B_WORD
17490,I_WORD
17491,I_WORD
17492,E_WORD
17493,B_WORD
17494,I_WORD
17495,I_WORD
17496,I_WORD
17497,I_WORD
17498,I_WORD
17499,I_WORD
17500,E_WORD
17502,B_WORD
17504,B_WORD
17505,I_WORD
17506,I_WORD
17507,I_WORD
17508,I_WORD
17509,I_WORD
17510,I_WORD
17511,E_WORD
17512,B_WORD
17513,I_WORD
17514,I_WORD
17515,I_WORD
17516,I_WORD
17517,E_WORD
17519,B_WORD
17520,E_WORD
17522,B_WORD
17524,B_WORD
17525,E_WORD
17527,B_WORD
17528,I_WORD
17529,E_WORD
17531,B_WORD
17532,E_WORD
17534,B_WORD
17535,I_WORD
17536,I_WORD
17537,E_WORD
17539,B_WORD
17540,I_WORD
17541,I_WORD
17542,E_WORD
17544,B_WORD
17545,E_WORD
17546,B_WORD
17547,I_WORD
17548,I_WORD
17549,I_WORD
17550,I_WORD
17551,I_WORD
17552,E_WORD
17553,B_WORD
17554,I_WORD
17555,I_WORD
17556,I_WORD
17557,I_WORD
17558,I_WORD
17559,E_WORD
17560,B_WORD
17561,I_WORD
17562,I_WORD
17563,I_WORD
17564,E_WORD
17565,B_WORD
17566,I_WORD
17567,I_WORD
17568,I_WORD
17569,E_WORD
17570,B_WORD
17571,I_WORD
17572,E_WORD
17574,B_WORD
17575,I_WORD
17576,I_WORD
17577,I_WORD
17578,E_WORD
17579,B_WORD
17580,I_WORD
17581,I_WORD
17582,E_WORD
17583,B_WORD
17584,I_WORD
17585,I_WORD
17586,B_WORD
17587,I_WORD
17588,I_WORD
17589,I_WORD
17590,I_WORD
17591,I_WORD
17592,I_WORD
17593,I_WORD
17594,I_WORD
17595,I_WORD
17596,E_WORD
17597,B_WORD
17598,I_WORD
17599,I_WORD
17600,I_WORD
17601,I_WORD
17602,I_WORD
17603,I_WORD
17604,I_WORD
17605,E_WORD
17606,B_WORD
17607,E_WORD
17608,B_WORD
17609,I_WORD
17610,I_WORD
17611,I_WORD
17612,I_WORD
17613,I_WORD
17614,I_WORD
17615,I_WORD
17616,I_WORD
17617,I_WORD
17618,I_WORD
17619,I_WORD
17620,I_WORD
17621,I_WORD
17622,I_WORD
17623,E_WORD
17624,B_WORD
17625,I_WORD
17626,E_WORD
17627,B_WORD
17628,E_WORD
17629,B_WORD
17630,I_WORD
17631,I_WORD
17632,I_WORD
17633,I_WORD
17634,I_WORD
17635,I_WORD
17636,I_WORD
17637,I_WORD
17638,I_WORD
17639,I_WORD
17640,I_WORD
17641,I_WORD
17642,E_WORD
17643,B_WORD
17644,I_WORD
17645,I_WORD
17646,E_WORD
17647,B_WORD
17648,I_WORD
17649,I_WORD
17650,I_WORD
17651,I_WORD
17652,E_WORD
17654,B_WORD
17655,I_WORD
17656,I_WORD
17657,I_WORD
17658,I_WORD
17659,I_WORD
17660,I_WORD
17661,E_WORD
17662,B_WORD
17663,I_WORD
17664,I_WORD
17665,I_WORD
17666,I_WORD
17667,I_WORD
17668,I_WORD
17669,I_WORD
17670,E_WORD
17672,B_WORD
17673,I_WORD
17674,E_WORD
17675,B_WORD
17676,I_WORD
17677,I_WORD
17678,I_WORD
17679,E_WORD
17680,B_WORD
17681,I_WORD
17682,I_WORD
17683,E_WORD
17684,B_WORD
17685,I_WORD
17686,I_WORD
17687,E_WORD
17688,B_WORD
17689,I_WORD
17690,I_WORD
17691,I_WORD
17692,I_WORD
17693,I_WORD
17694,I_WORD
17695,I_WORD
17696,I_WORD
17697,I_WORD
17698,I_WORD
17699,E_WORD
17701,B_WORD
17702,I_WORD
17703,I_WORD
17704,I_WORD
17705,I_WORD
17706,I_WORD
17707,I_WORD
17708,I_WORD
17709,E_WORD
17710,B_WORD
17711,I_WORD
17712,I_WORD
17713,I_WORD
17714,E_WORD
17715,B_WORD
17716,I_WORD
17717,E_WORD
17718,B_WORD
17719,I_WORD
17720,I_WORD
17721,I_WORD
17722,I_WORD
17723,I_WORD
17724,I_WORD
17725,I_WORD
17726,I_WORD
17727,E_WORD
17728,B_WORD
17729,I_WORD
17730,E_WORD
17731,B_WORD
17732,I_WORD
17733,E_WORD
17734,B_WORD
17735,I_WORD
17736,I_WORD
17737,I_WORD
17738,I_WORD
17739,I_WORD
17740,E_WORD
17741,B_WORD
17742,I_WORD
17743,I_WORD
17744,I_WORD
17745,I_WORD
17746,I_WORD
17747,I_WORD
17748,I_WORD
17749,E_WORD
17750,B_WORD
17751,I_WORD
17752,I_WORD
17753,I_WORD
17754,E_WORD
17755,B_WORD
17756,I_WORD
17757,E_WORD
17758,B_WORD
17759,I_WORD
17760,I_WORD
17761,I_WORD
17762,I_WORD
17763,I_WORD
17764,E_WORD
17766,B_WORD
17767,I_WORD
17768,I_WORD
17769,I_WORD
17770,I_WORD
17771,E_WORD
17772,B_WORD
17773,I_WORD
17774,I_WORD
17775,I_WORD
17776,I_WORD
17777,E_WORD
17778,B_WORD
17779,I_WORD
17780,I_WORD
17781,I_WORD
17782,I_WORD
17783,I_WORD
17784,I_WORD
17785,I_WORD
17786,E_WORD
17787,B_WORD
17788,I_WORD
17789,E_WORD
17790,B_WORD
17791,I_WORD
17792,I_WORD
17793,I_WORD
17794,I_WORD
17795,I_WORD
17796,I_WORD
17797,I_WORD
17798,E_WORD
17799,B_WORD
17800,I_WORD
17801,E_WORD
17802,B_WORD
17803,I_WORD
17804,I_WORD
17805,I_WORD
17806,I_WORD
17807,I_WORD
17808,I_WORD
17809,E_WORD
17811,B_WORD
17812,I_WORD
17813,E_WORD
17814,B_WORD
17815,I_WORD
17816,I_WORD
17817,I_WORD
17818,I_WORD
17819,I_WORD
17820,E_WORD
17821,B_WORD
17822,I_WORD
17823,E_WORD
17824,B_WORD
17825,I_WORD
17826,I_WORD
17827,I_WORD
17828,I_WORD
17829,E_WORD
17830,B_WORD
17831,I_WORD
17832,I_WORD
17833,I_WORD
17834,I_WORD
17835,E_WORD
17836,B_WORD
17837,I_WORD
17838,I_WORD
17839,I_WORD
17840,E_WORD
17841,B_WORD
17842,I_WORD
17843,I_WORD
17844,I_WORD
17845,I_WORD
17846,I_WORD
17847,I_WORD
17848,I_WORD
17849,I_WORD
17850,E_WORD
17852,B_WORD
17853,I_WORD
17854,I_WORD
17855,I_WORD
17856,I_WORD
17857,I_WORD
17858,I_WORD
17859,E_WORD
17860,B_WORD
17861,I_WORD
17862,I_WORD
17863,I_WORD
17864,I_WORD
17865,E_WORD
17866,B_WORD
17867,I_WORD
17868,E_WORD
17869,B_WORD
17870,I_WORD
17871,I_WORD
17872,I_WORD
17873,I_WORD
17874,I_WORD
17875,E_WORD
17876,B_WORD
17877,I_WORD
17878,I_WORD
17879,I_WORD
17880,I_WORD
17881,I_WORD
17882,E_WORD
17883,B_WORD
17884,I_WORD
17885,I_WORD
17886,I_WORD
17887,I_WORD
17888,E_WORD
17890,B_WORD
17891,I_WORD
17892,I_WORD
17893,E_WORD
17894,B_WORD
17895,I_WORD
17896,I_WORD
17897,I_WORD
17898,E_WORD
17899,B_WORD
17900,I_WORD
17901,I_WORD
17902,I_WORD
17903,E_WORD
17904,B_WORD
17905,I_WORD
17906,E_WORD
17907,B_WORD
17908,I_WORD
17909,I_WORD
17910,I_WORD
17911,I_WORD
17912,I_WORD
17913,I_WORD
17914,E_WORD
17915,B_WORD
17916,I_WORD
17917,I_WORD
17918,I_WORD
17919,I_WORD
17920,E_WORD
17921,B_WORD
17922,I_WORD
17923,I_WORD
17924,I_WORD
17925,I_WORD
17926,I_WORD
17927,I_WORD
17928,I_WORD
17929,I_WORD
17930,I_WORD
17931,E_WORD
17932,B_WORD
17933,I_WORD
17934,E_WORD
17935,B_WORD
17936,I_WORD
17937,I_WORD
17938,I_WORD
17939,E_WORD
17940,B_WORD
17941,I_WORD
17942,E_WORD
17943,B_WORD
17944,I_WORD
17945,I_WORD
17946,I_WORD
17947,E_WORD
17948,B_WORD
17949,I_WORD
17950,I_WORD
17951,I_WORD
17952,E_WORD
17953,B_WORD
17954,I_WORD
17955,E_WORD
17956,B_WORD
17957,I_WORD
17958,I_WORD
17959,I_WORD
17960,I_WORD
17961,I_WORD
17962,E_WORD
17963,B_WORD
17964,I_WORD
17965,I_WORD
17966,E_WORD
17968,B_WORD
17969,I_WORD
17970,E_WORD
17971,B_WORD
17972,I_WORD
17973,E_WORD
17974,B_WORD
17975,I_WORD
17976,I_WORD
17977,I_WORD
17978,I_WORD
17979,E_WORD
17980,B_WORD
17981,I_WORD
17982,E_WORD
17983,B_WORD
17984,I_WORD
17985,I_WORD
17986,I_WORD
17987,I_WORD
17988,I_WORD
17989,E_WORD
17990,B_WORD
17991,I_WORD
17992,E_WORD
17993,B_WORD
17994,I_WORD
17995,E_WORD
17996,B_WORD
17997,I_WORD
17998,I_WORD
17999,I_WORD
18000,I_WORD
18001,I_WORD
18002,I_WORD
18003,I_WORD
18004,I_WORD
18005,E_WORD
18006,B_WORD
18007,E_WORD
18008,B_WORD
18009,I_WORD
18010,I_WORD
18011,I_WORD
18012,I_WORD
18013,E_WORD
18015,B_WORD
18016,E_WORD
18018,B_WORD
18019,I_WORD
18020,I_WORD
18021,E_WORD
18023,B_WORD
18024,I_WORD
18025,E_WORD
18027,B_WORD
18028,I_WORD
18029,I_WORD
18030,E_WORD
18032,B_WORD
18033,I_WORD
18034,I_WORD
18035,I_WORD
18036,E_WORD
18038,B_WORD
18039,E_WORD
18041,B_WORD
18042,I_WORD
18043,I_WORD
18044,I_WORD
18045,I_WORD
18046,I_WORD
18047,E_WORD
18049,B_WORD
18050,I_WORD
18051,I_WORD
18052,I_WORD
18053,E_WORD
18054,B_WORD
18055,I_WORD
18056,E_WORD
18057,B_WORD
18058,I_WORD
18059,E_WORD
18060,B_WORD
18061,I_WORD
18062,I_WORD
18063,E_WORD
18064,B_WORD
18065,I_WORD
18066,I_WORD
18067,I_WORD
18068,I_WORD
18069,I_WORD
18070,I_WORD
18071,E_WORD
18072,B_WORD
18073,I_WORD
18074,I_WORD
18075,I_WORD
18076,I_WORD
18077,E_WORD
18078,B_WORD
18079,I_WORD
18080,I_WORD
18081,I_WORD
18082,I_WORD
18083,I_WORD
18084,E_WORD
18085,B_WORD
18086,I_WORD
18087,E_WORD
18088,B_WORD
18089,I_WORD
18090,E_WORD
18091,B_WORD
18092,E_WORD
18093,B_WORD
18094,I_WORD
18095,I_WORD
18096,I_WORD
18097,I_WORD
18098,E_WORD
18099,B_WORD
18100,I_WORD
18101,I_WORD
18102,I_WORD
18103,I_WORD
18104,I_WORD
18105,I_WORD
18106,I_WORD
18107,I_WORD
18108,E_WORD
18109,B_WORD
18110,I_WORD
18111,I_WORD
18112,I_WORD
18113,E_WORD
18114,B_WORD
18115,I_WORD
18116,E_WORD
18118,B_WORD
18120,B_WORD
18121,I_WORD
18122,I_WORD
18123,I_WORD
18124,I_WORD
18125,I_WORD
18126,I_WORD
18127,E_WORD
18128,B_WORD
18129,I_WORD
18130,E_WORD
18131,B_WORD
18132,I_WORD
18133,I_WORD
18134,I_WORD
18135,I_WORD
18136,I_WORD
18137,I_WORD
18138,I_WORD
18139,I_WORD
18140,E_WORD
18141,B_WORD
18142,I_WORD
18143,I_WORD
18144,I_WORD
18145,I_WORD
18146,I_WORD
18147,I_WORD
18148,I_WORD
18149,I_WORD
18150,I_WORD
18151,E_WORD
18152,B_WORD
18153,I_WORD
18154,E_WORD
18155,B_WORD
18156,I_WORD
18157,I_WORD
18158,I_WORD
18159,E_WORD
18161,B_WORD
18162,I_WORD
18163,I_WORD
18164,I_WORD
18165,I_WORD
18166,I_WORD
18167,E_WORD
18168,B_WORD
18169,I_WORD
18170,I_WORD
18171,E_WORD
18172,B_WORD
18173,E_WORD
18174,B_WORD
18175,I_WORD
18176,E_WORD
18177,B_WORD
18178,I_WORD
18179,I_WORD
18180,I_WORD
18181,I_WORD
18182,E_WORD
18183,B_WORD
18184,I_WORD
18185,E_WORD
18186,B_WORD
18187,I_WORD
18188,I_WORD
18189,I_WORD
18190,E_WORD
18191,B_WORD
18192,I_WORD
18193,I_WORD
18194,I_WORD
18195,I_WORD
18196,E_WORD
18197,B_WORD
18198,I_WORD
18199,E_WORD
18200,B_WORD
18201,I_WORD
18202,I_WORD
18203,E_WORD
18204,B_WORD
18205,I_WORD
18206,I_WORD
18207,I_WORD
18208,E_WORD
18209,B_WORD
18210,E_WORD
18211,B_WORD
18212,B_WORD
18213,I_WORD
18214,I_WORD
18215,E_WORD
18216,B_WORD
18217,E_WORD
18218,B_WORD
18219,I_WORD
18220,E_WORD
18221,B_WORD
18222,I_WORD
18223,I_WORD
18224,I_WORD
18225,I_WORD
18226,I_WORD
18227,E_WORD
18229,B_WORD
18230,I_WORD
18231,E_WORD
18232,B_WORD
18233,I_WORD
18234,I_WORD
18235,E_WORD
18236,B_WORD
18237,I_WORD
18238,I_WORD
18239,I_WORD
18240,E_WORD
18241,B_WORD
18242,I_WORD
18243,E_WORD
18245,B_WORD
18247,B_WORD
18248,I_WORD
18249,E_WORD
18251,B_WORD
18253,B_WORD
18254,I_WORD
18255,I_WORD
18256,I_WORD
18257,I_WORD
18258,I_WORD
18259,E_WORD
18260,B_WORD
18261,I_WORD
18262,I_WORD
18263,I_WORD
18264,I_WORD
18265,E_WORD
18266,B_WORD
18267,I_WORD
18268,E_WORD
18269,B_WORD
18270,I_WORD
18271,I_WORD
18272,I_WORD
18273,E_WORD
18274,B_WORD
18275,I_WORD
18276,E_WORD
18278,B_WORD
18280,B_WORD
18281,I_WORD
18282,I_WORD
18283,E_WORD
18284,B_WORD
18285,I_WORD
18286,E_WORD
18287,B_WORD
18288,I_WORD
18289,I_WORD
18290,I_WORD
18291,E_WORD
18292,B_WORD
18293,I_WORD
18294,I_WORD
18295,I_WORD
18296,E_WORD
18297,B_WORD
18298,I_WORD
18299,I_WORD
18300,I_WORD
18301,I_WORD
18302,E_WORD
18303,B_WORD
18304,I_WORD
18305,I_WORD
18306,I_WORD
18307,I_WORD
18308,I_WORD
18309,I_WORD
18310,I_WORD
18311,I_WORD
18312,I_WORD
18313,E_WORD
18315,B_WORD
18316,I_WORD
18317,I_WORD
18318,I_WORD
18319,I_WORD
18320,I_WORD
18321,I_WORD
18322,I_WORD
18323,I_WORD
18324,I_WORD
18325,E_WORD
18326,B_WORD
18327,I_WORD
18328,E_WORD
18330,B_WORD
18331,I_WORD
18332,E_WORD
18333,B_WORD
18334,I_WORD
18335,I_WORD
18336,E_WORD
18337,B_WORD
18338,I_WORD
18339,I_WORD
18340,I_WORD
18341,I_WORD
18342,I_WORD
18343,I_WORD
18344,I_WORD
18345,I_WORD
18346,E_WORD
18348,B_WORD
18349,I_WORD
18350,E_WORD
18352,B_WORD
18353,I_WORD
18354,E_WORD
18355,B_WORD
18356,I_WORD
18357,E_WORD
18358,B_WORD
18359,I_WORD
18360,I_WORD
18361,I_WORD
18362,I_WORD
18363,E_WORD
18365,B_WORD
18366,E_WORD
18367,B_WORD
18368,B_WORD
18369,E_WORD
18370,B_WORD
18371,I_WORD
18372,E_WORD
18374,B_WORD
18375,I_WORD
18376,I_WORD
18377,I_WORD
18378,I_WORD
18379,I_WORD
18380,I_WORD
18381,E_WORD
18382,B_WORD
18383,I_WORD
18384,I_WORD
18385,I_WORD
18386,I_WORD
18387,I_WORD
18388,I_WORD
18389,I_WORD
18390,I_WORD
18391,I_WORD
18392,I_WORD
18393,I_WORD
18394,I_WORD
18395,E_WORD
18396,B_WORD
18397,I_WORD
18398,E_WORD
18400,B_WORD
18401,I_WORD
18402,I_WORD
18403,I_WORD
18404,I_WORD
18405,E_WORD
18407,B_WORD
18408,I_WORD
18409,I_WORD
18410,I_WORD
18411,I_WORD
18412,E_WORD
18413,B_WORD
18414,I_WORD
18415,I_WORD
18416,E_WORD
18417,B_WORD
18418,I_WORD
18419,I_WORD
18420,I_WORD
18421,I_WORD
18422,I_WORD
18423,I_WORD
18424,E_WORD
18425,B_WORD
18426,I_WORD
18427,I_WORD
18428,I_WORD
18429,I_WORD
18430,E_WORD
18431,B_WORD
18432,I_WORD
18433,E_WORD
18434,B_WORD
18435,I_WORD
18436,I_WORD
18437,I_WORD
18438,I_WORD
18439,E_WORD
18440,B_WORD
18441,I_WORD
18442,I_WORD
18443,I_WORD
18444,I_WORD
18445,I_WORD
18446,E_WORD
18447,B_WORD
18448,I_WORD
18449,I_WORD
18450,E_WORD
18451,B_WORD
18452,I_WORD
18453,I_WORD
18454,I_WORD
18455,E_WORD
18456,B_WORD
18457,I_WORD
18458,E_WORD
18459,B_WORD
18460,E_WORD
18461,B_WORD
18462,I_WORD
18463,I_WORD
18464,I_WORD
18465,I_WORD
18466,E_WORD
18467,B_WORD
18468,I_WORD
18469,I_WORD
18470,I_WORD
18471,I_WORD
18472,I_WORD
18473,I_WORD
18474,E_WORD
18475,B_WORD
18476,I_WORD
18477,I_WORD
18478,I_WORD
18479,I_WORD
18480,I_WORD
18481,I_WORD
18482,E_WORD
18483,B_WORD
18484,I_WORD
18485,E_WORD
18487,B_WORD
18488,I_WORD
18489,I_WORD
18490,I_WORD
18491,I_WORD
18492,I_WORD
18493,I_WORD
18494,I_WORD
18495,E_WORD
18496,B_WORD
18497,I_WORD
18498,I_WORD
18499,I_WORD
18500,I_WORD
18501,I_WORD
18502,I_WORD
18503,I_WORD
18504,E_WORD
18505,B_WORD
18506,I_WORD
18507,I_WORD
18508,I_WORD
18509,E_WORD
18510,B_WORD
18511,I_WORD
18512,E_WORD
18513,B_WORD
18514,I_WORD
18515,I_WORD
18516,I_WORD
18517,E_WORD
18518,B_WORD
18519,I_WORD
18520,I_WORD
18521,I_WORD
18522,I_WORD
18523,I_WORD
18524,E_WORD
18525,B_WORD
18526,I_WORD
18527,I_WORD
18528,I_WORD
18529,E_WORD
18530,B_WORD
18531,I_WORD
18532,E_WORD
18533,B_WORD
18534,I_WORD
18535,I_WORD
18536,I_WORD
18537,I_WORD
18538,I_WORD
18539,I_WORD
18540,E_WORD
18541,B_WORD
18542,I_WORD
18543,E_WORD
18544,B_WORD
18545,I_WORD
18546,E_WORD
18547,B_WORD
18548,I_WORD
18549,E_WORD
18550,B_WORD
18551,I_WORD
18552,I_WORD
18553,I_WORD
18554,I_WORD
18555,I_WORD
18556,I_WORD
18557,I_WORD
18558,I_WORD
18559,I_WORD
18560,E_WORD
18562,B_WORD
18563,I_WORD
18564,E_WORD
18565,B_WORD
18566,I_WORD
18567,E_WORD
18568,B_WORD
18569,I_WORD
18570,I_WORD
18571,I_WORD
18572,I_WORD
18573,I_WORD
18574,E_WORD
18575,B_WORD
18576,I_WORD
18577,E_WORD
18578,B_WORD
18579,I_WORD
18580,I_WORD
18581,I_WORD
18582,I_WORD
18583,I_WORD
18584,I_WORD
18585,I_WORD
18586,E_WORD
18587,B_WORD
18588,I_WORD
18589,E_WORD
18590,B_WORD
18591,I_WORD
18592,I_WORD
18593,I_WORD
18594,I_WORD
18595,I_WORD
18596,E_WORD
18597,B_WORD
18598,I_WORD
18599,I_WORD
18600,I_WORD
18601,I_WORD
18602,E_WORD
18604,B_WORD
18605,I_WORD
18606,I_WORD
18607,I_WORD
18608,I_WORD
18609,I_WORD
18610,E_WORD
18611,B_WORD
18612,I_WORD
18613,E_WORD
18614,B_WORD
18615,E_WORD
18616,B_WORD
18617,I_WORD
18618,I_WORD
18619,I_WORD
18620,E_WORD
18621,B_WORD
18622,I_WORD
18623,E_WORD
18624,B_WORD
18625,I_WORD
18626,E_WORD
18627,B_WORD
18628,I_WORD
18629,I_WORD
18630,I_WORD
18631,I_WORD
18632,I_WORD
18633,I_WORD
18634,I_WORD
18635,I_WORD
18636,I_WORD
18637,I_WORD
18638,E_WORD
18639,B_WORD
18640,I_WORD
18641,E_WORD
18642,B_WORD
18643,I_WORD
18644,I_WORD
18645,I_WORD
18646,E_WORD
18648,B_WORD
18649,I_WORD
18650,I_WORD
18651,I_WORD
18652,I_WORD
18653,I_WORD
18654,I_WORD
18655,I_WORD
18656,I_WORD
18657,I_WORD
18658,E_WORD
18659,B_WORD
18660,I_WORD
18661,I_WORD
18662,I_WORD
18663,E_WORD
18664,B_WORD
18665,I_WORD
18666,I_WORD
18667,E_WORD
18668,B_WORD
18669,I_WORD
18670,I_WORD
18671,I_WORD
18672,I_WORD
18673,I_WORD
18674,I_WORD
18675,E_WORD
18676,B_WORD
18677,I_WORD
18678,I_WORD
18679,I_WORD
18680,I_WORD
18681,I_WORD
18682,I_WORD
18683,E_WORD
18684,B_WORD
18685,I_WORD
18686,I_WORD
18687,E_WORD
18688,B_WORD
18689,I_WORD
18690,I_WORD
18691,I_WORD
18692,E_WORD
18693,B_WORD
18694,I_WORD
18695,I_WORD
18696,I_WORD
18697,I_WORD
18698,I_WORD
18699,I_WORD
18700,I_WORD
18701,E_WORD
18702,B_WORD
18703,I_WORD
18704,I_WORD
18705,E_WORD
18707,B_WORD
18708,I_WORD
18709,E_WORD
18710,B_WORD
18711,I_WORD
18712,E_WORD
18713,B_WORD
18714,I_WORD
18715,I_WORD
18716,I_WORD
18717,I_WORD
18718,E_WORD
18719,B_WORD
18720,I_WORD
18721,I_WORD
18722,E_WORD
18723,B_WORD
18724,I_WORD
18725,I_WORD
18726,I_WORD
18727,I_WORD
18728,I_WORD
18729,I_WORD
18730,E_WORD
18731,B_WORD
18732,I_WORD
18733,I_WORD
18734,I_WORD
18735,E_WORD
18736,B_WORD
18737,I_WORD
18738,I_WORD
18739,I_WORD
18740,I_WORD
18741,I_WORD
18742,I_WORD
18743,E_WORD
18744,B_WORD
18745,I_WORD
18746,I_WORD
18747,E_WORD
18748,B_WORD
18749,I_WORD
18750,I_WORD
18751,E_WORD
18752,B_WORD
18753,I_WORD
18754,I_WORD
18755,I_WORD
18756,E_WORD
18758,B_WORD
18759,E_WORD
18760,B_WORD
18761,I_WORD
18762,I_WORD
18763,I_WORD
18764,I_WORD
18765,E_WORD
18767,B_WORD
18768,E_WORD
18770,B_WORD
18771,I_WORD
18772,I_WORD
18773,E_WORD
18775,B_WORD
18776,I_WORD
18777,E_WORD
18779,B_WORD
18780,I_WORD
18781,I_WORD
18782,E_WORD
18784,B_WORD
18785,I_WORD
18786,I_WORD
18787,I_WORD
18788,E_WORD
18790,B_WORD
18791,E_WORD
18793,B_WORD
18794,I_WORD
18795,E_WORD
18797,B_WORD
18798,I_WORD
18799,E_WORD
18801,B_WORD
18802,I_WORD
18803,E_WORD
18804,B_WORD
18805,E_WORD
18807,B_WORD
18808,I_WORD
18809,I_WORD
18810,I_WORD
18811,I_WORD
18812,I_WORD
18813,I_WORD
18814,I_WORD
18815,E_WORD
18817,B_WORD
18819,B_WORD
18820,E_WORD
18821,B_WORD
18822,I_WORD
18823,I_WORD
18824,I_WORD
18825,I_WORD
18826,I_WORD
18827,I_WORD
18828,E_WORD
18830,B_WORD
18832,B_WORD
18833,I_WORD
18834,I_WORD
18835,I_WORD
18836,E_WORD
18837,B_WORD
18838,I_WORD
18839,I_WORD
18840,I_WORD
18841,I_WORD
18842,I_WORD
18843,I_WORD
18844,I_WORD
18845,E_WORD
18847,B_WORD
18848,I_WORD
18849,E_WORD
18851,B_WORD
18852,I_WORD
18853,E_WORD
18854,B_WORD
18855,I_WORD
18856,I_WORD
18857,I_WORD
18858,I_WORD
18859,I_WORD
18860,E_WORD
18861,B_WORD
18862,I_WORD
18863,E_WORD
18865,B_WORD
18866,I_WORD
18867,I_WORD
18868,E_WORD
18870,B_WORD
18871,I_WORD
18872,I_WORD
18873,I_WORD
18874,E_WORD
18875,B_WORD
18876,I_WORD
18877,I_WORD
18878,I_WORD
18879,I_WORD
18880,I_WORD
18881,I_WORD
18882,I_WORD
18883,E_WORD
18884,B_WORD
18885,I_WORD
18886,E_WORD
18888,B_WORD
18890,B_WORD
18891,E_WORD
18892,B_WORD
18893,I_WORD
18894,I_WORD
18895,I_WORD
18896,I_WORD
18897,I_WORD
18898,I_WORD
18899,E_WORD
18901,B_WORD
18903,B_WORD
18904,I_WORD
18905,E_WORD
18906,B_WORD
18907,I_WORD
18908,I_WORD
18909,I_WORD
18910,I_WORD
18911,I_WORD
18912,E_WORD
18913,B_WORD
18914,I_WORD
18915,I_WORD
18916,E_WORD
18917,B_WORD
18918,I_WORD
18919,I_WORD
18920,I_WORD
18921,I_WORD
18922,I_WORD
18923,I_WORD
18924,I_WORD
18925,I_WORD
18926,I_WORD
18927,I_WORD
18928,I_WORD
18929,I_WORD
18930,E_WORD
18932,B_WORD
18934,B_WORD
18935,E_WORD
18937,B_WORD
18938,I_WORD
18939,I_WORD
18940,E_WORD
18942,B_WORD
18944,B_WORD
18945,I_WORD
18946,I_WORD
18947,E_WORD
18948,B_WORD
18949,I_WORD
18950,I_WORD
18951,E_WORD
18953,B_WORD
18954,E_WORD
18955,B_WORD
18956,E_WORD
18957,B_WORD
18958,I_WORD
18959,I_WORD
18960,I_WORD
18961,I_WORD
18962,E_WORD
18964,B_WORD
18965,E_WORD
18966,B_WORD
18967,I_WORD
18968,E_WORD
18970,B_WORD
18971,I_WORD
18972,E_WORD
18973,B_WORD
18974,I_WORD
18975,I_WORD
18976,E_WORD
18977,B_WORD
18978,I_WORD
18979,I_WORD
18980,I_WORD
18981,I_WORD
18982,I_WORD
18983,I_WORD
18984,E_WORD
18986,B_WORD
18987,I_WORD
18988,I_WORD
18989,I_WORD
18990,I_WORD
18991,I_WORD
18992,E_WORD
18993,B_WORD
18994,I_WORD
18995,E_WORD
18997,B_WORD
18998,I_WORD
18999,I_WORD
19000,I_WORD
19001,I_WORD
19002,I_WORD
19003,I_WORD
19004,E_WORD
19005,B_WORD
19006,I_WORD
19007,E_WORD
19008,B_WORD
19009,I_WORD
19010,E_WORD
19011,B_WORD
19012,I_WORD
19013,I_WORD
19014,E_WORD
19015,B_WORD
19016,I_WORD
19017,I_WORD
19018,I_WORD
19019,I_WORD
19020,I_WORD
19021,I_WORD
19022,I_WORD
19023,I_WORD
19024,I_WORD
19025,I_WORD
19026,I_WORD
19027,E_WORD
19028,B_WORD
19029,I_WORD
19030,E_WORD
19032,B_WORD
19033,I_WORD
19034,E_WORD
19035,B_WORD
19036,I_WORD
19037,I_WORD
19038,I_WORD
19039,E_WORD
19041,B_WORD
19042,I_WORD
19043,E_WORD
19044,B_WORD
19045,I_WORD
19046,I_WORD
19047,E_WORD
19048,B_WORD
19049,I_WORD
19050,I_WORD
19051,E_WORD
19052,B_WORD
19053,I_WORD
19054,E_WORD
19056,B_WORD
19057,I_WORD
19058,I_WORD
19059,E_WORD
19061,B_WORD
19063,B_WORD
19064,E_WORD
19065,B_WORD
19066,I_WORD
19067,I_WORD
19068,I_WORD
19069,I_WORD
19070,I_WORD
19071,I_WORD
19072,E_WORD
19074,B_WORD
19076,B_WORD
19077,I_WORD
19078,E_WORD
19079,B_WORD
19080,I_WORD
19081,I_WORD
19082,E_WORD
19083,B_WORD
19084,I_WORD
19085,I_WORD
19086,I_WORD
19087,E_WORD
19088,B_WORD
19089,I_WORD
19090,I_WORD
19091,I_WORD
19092,I_WORD
19093,I_WORD
19094,E_WORD
19095,B_WORD
19096,E_WORD
19097,B_WORD
19098,I_WORD
19099,E_WORD
19100,B_WORD
19101,I_WORD
19102,I_WORD
19103,I_WORD
19104,I_WORD
19105,E_WORD
19107,B_WORD
19109,B_WORD
19110,I_WORD
19111,I_WORD
19112,I_WORD
19113,I_WORD
19114,E_WORD
19115,B_WORD
19116,I_WORD
19117,I_WORD
19118,I_WORD
19119,I_WORD
19120,I_WORD
19121,I_WORD
19122,I_WORD
19123,I_WORD
19124,I_WORD
19125,I_WORD
19126,E_WORD
19127,B_WORD
19128,I_WORD
19129,I_WORD
19130,I_WORD
19131,E_WORD
19132,B_WORD
19133,I_WORD
19134,I_WORD
19135,I_WORD
19136,I_WORD
19137,E_WORD
19139,B_WORD
19140,E_WORD
19142,B_WORD
19143,I_WORD
19144,I_WORD
19145,E_WORD
19147,B_WORD
19148,E_WORD
19150,B_WORD
19151,I_WORD
19152,E_WORD
19153,B_WORD
19154,E_WORD
19155,B_WORD
19156,I_WORD
19157,E_WORD
19158,B_WORD
19159,I_WORD
19160,E_WORD
19161,B_WORD
19162,I_WORD
19163,I_WORD
19164,I_WORD
19165,I_WORD
19166,E_WORD
19167,B_WORD
19168,I_WORD
19169,I_WORD
19170,I_WORD
19171,I_WORD
19172,I_WORD
19173,E_WORD
19175,B_WORD
19176,I_WORD
19177,I_WORD
19178,I_WORD
19179,I_WORD
19180,I_WORD
19181,I_WORD
19182,I_WORD
19183,I_WORD
19184,I_WORD
19185,E_WORD
19187,B_WORD
19188,I_WORD
19189,I_WORD
19190,E_WORD
19191,B_WORD
19192,I_WORD
19193,I_WORD
19194,E_WORD
19195,B_WORD
19196,I_WORD
19197,I_WORD
19198,E_WORD
19199,B_WORD
19200,I_WORD
19201,I_WORD
19202,I_WORD
19203,E_WORD
19204,B_WORD
19205,I_WORD
19206,I_WORD
19207,I_WORD
19208,I_WORD
19209,I_WORD
19210,E_WORD
19211,B_WORD
19212,I_WORD
19213,E_WORD
19214,B_WORD
19215,I_WORD
19216,I_WORD
19217,E_WORD
19218,B_WORD
19219,I_WORD
19220,E_WORD
19221,B_WORD
19222,I_WORD
19223,E_WORD
19224,B_WORD
19225,I_WORD
19226,I_WORD
19227,I_WORD
19228,I_WORD
19229,E_WORD
19230,B_WORD
19231,I_WORD
19232,I_WORD
19233,I_WORD
19234,I_WORD
19235,I_WORD
19236,I_WORD
19237,I_WORD
19238,I_WORD
19239,I_WORD
19240,I_WORD
19241,I_WORD
19242,I_WORD
19243,E_WORD
19245,B_WORD
19246,I_WORD
19247,E_WORD
19248,B_WORD
19249,I_WORD
19250,I_WORD
19251,I_WORD
19252,I_WORD
19253,E_WORD
19254,B_WORD
19255,I_WORD
19256,I_WORD
19257,I_WORD
19258,I_WORD
19259,E_WORD
19260,B_WORD
19261,I_WORD
19262,I_WORD
19263,E_WORD
19264,B_WORD
19265,E_WORD
19266,B_WORD
19267,I_WORD
19268,I_WORD
19269,I_WORD
19270,I_WORD
19271,I_WORD
19272,I_WORD
19273,I_WORD
19274,I_WORD
19275,I_WORD
19276,I_WORD
19277,I_WORD
19278,I_WORD
19279,I_WORD
19280,E_WORD
19281,B_WORD
19282,I_WORD
19283,E_WORD
19284,B_WORD
19285,I_WORD
19286,I_WORD
19287,I_WORD
19288,B_WORD
19289,I_WORD
19290,E_WORD
19291,B_WORD
19292,I_WORD
19293,I_WORD
19294,I_WORD
19295,E_WORD
19296,B_WORD
19297,I_WORD
19298,I_WORD
19299,I_WORD
19300,I_WORD
19301,I_WORD
19302,E_WORD
19303,B_WORD
19304,I_WORD
19305,E_WORD
19306,B_WORD
19307,I_WORD
19308,I_WORD
19309,I_WORD
19310,I_WORD
19311,I_WORD
19312,I_WORD
19313,I_WORD
19314,I_WORD
19315,I_WORD
19316,I_WORD
19317,I_WORD
19318,I_WORD
19319,I_WORD
19320,I_WORD
19321,E_WORD
19322,B_WORD
19323,I_WORD
19324,I_WORD
19325,I_WORD
19326,E_WORD
19328,B_WORD
19329,I_WORD
19330,E_WORD
19332,B_WORD
19333,I_WORD
19334,E_WORD
19335,B_WORD
19336,I_WORD
19337,E_WORD
19338,B_WORD
19339,I_WORD
19340,I_WORD
19341,E_WORD
19342,B_WORD
19343,I_WORD
19344,E_WORD
19345,B_WORD
19346,I_WORD
19347,I_WORD
19348,I_WORD
19349,I_WORD
19350,I_WORD
19351,I_WORD
19352,E_WORD
19353,B_WORD
19354,I_WORD
19355,I_WORD
19356,I_WORD
19357,E_WORD
19358,B_WORD
19359,I_WORD
19360,I_WORD
19361,I_WORD
19362,I_WORD
19363,E_WORD
19365,B_WORD
19367,B_WORD
19368,I_WORD
19369,E_WORD
19370,B_WORD
19371,I_WORD
19372,I_WORD
19373,I_WORD
19374,I_WORD
19375,I_WORD
19376,I_WORD
19377,E_WORD
19378,B_WORD
19379,I_WORD
19380,I_WORD
19381,I_WORD
19382,I_WORD
19383,I_WORD
19384,I_WORD
19385,E_WORD
19387,B_WORD
19388,I_WORD
19389,I_WORD
19390,I_WORD
19391,I_WORD
19392,I_WORD
19393,I_WORD
19394,E_WORD
19395,B_WORD
19396,I_WORD
19397,E_WORD
19398,B_WORD
19399,I_WORD
19400,E_WORD
19401,B_WORD
19402,E_WORD
19403,B_WORD
19404,I_WORD
19405,I_WORD
19406,I_WORD
19407,I_WORD
19408,I_WORD
19409,E_WORD
19410,B_WORD
19411,I_WORD
19412,I_WORD
19413,E_WORD
19414,B_WORD
19415,I_WORD
19416,I_WORD
19417,I_WORD
19418,I_WORD
19419,E_WORD
19421,B_WORD
19422,I_WORD
19423,I_WORD
19424,I_WORD
19425,E_WORD
19426,B_WORD
19427,I_WORD
19428,I_WORD
19429,I_WORD
19430,I_WORD
19431,E_WORD
19433,B_WORD
19434,E_WORD
19436,B_WORD
19437,I_WORD
19438,I_WORD
19439,E_WORD
19441,B_WORD
19442,I_WORD
19443,I_WORD
19444,E_WORD
19446,B_WORD
19447,I_WORD
19448,E_WORD
19449,B_WORD
19450,I_WORD
19451,I_WORD
19452,I_WORD
19453,I_WORD
19454,I_WORD
19455,I_WORD
19456,I_WORD
19457,I_WORD
19458,I_WORD
19459,E_WORD
19460,B_WORD
19461,I_WORD
19462,I_WORD
19463,I_WORD
19464,I_WORD
19465,I_WORD
19466,I_WORD
19467,I_WORD
19468,I_WORD
19469,I_WORD
19470,E_WORD
19472,B_WORD
19473,I_WORD
19474,I_WORD
19475,I_WORD
19476,I_WORD
19477,E_WORD
19479,B_WORD
19480,I_WORD
19481,I_WORD
19482,I_WORD
19483,E_WORD
19484,B_WORD
19485,I_WORD
19486,I_WORD
19487,I_WORD
19488,I_WORD
19489,I_WORD
19490,I_WORD
19491,I_WORD
19492,E_WORD
19493,B_WORD
19494,I_WORD
19495,E_WORD
19496,B_WORD
19497,I_WORD
19498,E_WORD
19499,B_WORD
19500,I_WORD
19501,I_WORD
19502,I_WORD
19503,I_WORD
19504,I_WORD
19505,I_WORD
19506,I_WORD
19507,I_WORD
19508,I_WORD
19509,I_WORD
19510,E_WORD
19511,B_WORD
19512,I_WORD
19513,E_WORD
19514,B_WORD
19515,I_WORD
19516,I_WORD
19517,E_WORD
19518,B_WORD
19519,I_WORD
19520,I_WORD
19521,I_WORD
19522,I_WORD
19523,I_WORD
19524,I_WORD
19525,I_WORD
19526,I_WORD
19527,I_WORD
19528,I_WORD
19529,I_WORD
19530,I_WORD
19531,E_WORD
19533,B_WORD
19535,B_WORD
19536,I_WORD
19537,E_WORD
19538,B_WORD
19539,I_WORD
19540,I_WORD
19541,E_WORD
19542,B_WORD
19543,I_WORD
19544,I_WORD
19545,I_WORD
19546,I_WORD
19547,I_WORD
19548,I_WORD
19549,E_WORD
19551,B_WORD
19552,I_WORD
19553,I_WORD
19554,I_WORD
19555,E_WORD
19557,B_WORD
19558,I_WORD
19559,E_WORD
19560,B_WORD
19561,I_WORD
19562,E_WORD
19563,B_WORD
19564,I_WORD
19565,I_WORD
19566,I_WORD
19567,I_WORD
19568,I_WORD
19569,E_WORD
19570,B_WORD
19571,E_WORD
19572,B_WORD
19573,I_WORD
19574,I_WORD
19575,I_WORD
19576,I_WORD
19577,I_WORD
19578,E_WORD
19579,B_WORD
19580,I_WORD
19581,I_WORD
19582,E_WORD
19583,B_WORD
19584,I_WORD
19585,E_WORD
19587,B_WORD
19589,B_WORD
19590,I_WORD
19591,I_WORD
19592,I_WORD
19593,I_WORD
19594,I_WORD
19595,I_WORD
19596,E_WORD
19598,B_WORD
19599,I_WORD
19600,I_WORD
19601,I_WORD
19602,E_WORD
19603,B_WORD
19604,I_WORD
19605,I_WORD
19606,I_WORD
19607,I_WORD
19608,I_WORD
19609,I_WORD
19610,I_WORD
19611,I_WORD
19612,I_WORD
19613,E_WORD
19614,B_WORD
19615,I_WORD
19616,I_WORD
19617,I_WORD
19618,I_WORD
19619,I_WORD
19620,I_WORD
19621,I_WORD
19622,I_WORD
19623,I_WORD
19624,E_WORD
19625,B_WORD
19626,I_WORD
19627,E_WORD
19628,B_WORD
19629,I_WORD
19630,I_WORD
19631,I_WORD
19632,E_WORD
19633,B_WORD
19634,I_WORD
19635,I_WORD
19636,I_WORD
19637,I_WORD
19638,I_WORD
19639,E_WORD
19640,B_WORD
19641,I_WORD
19642,I_WORD
19643,I_WORD
19644,I_WORD
19645,I_WORD
19646,I_WORD
19647,I_WORD
19648,I_WORD
19649,E_WORD
19650,B_WORD
19651,I_WORD
19652,E_WORD
19653,B_WORD
19654,I_WORD
19655,E_WORD
19656,B_WORD
19657,I_WORD
19658,I_WORD
19659,I_WORD
19660,E_WORD
19661,B_WORD
19663,B_WORD
19664,I_WORD
19665,E_WORD
19666,B_WORD
19667,E_WORD
19668,B_WORD
19669,I_WORD
19670,E_WORD
19671,B_WORD
19672,E_WORD
19673,B_WORD
19674,I_WORD
19675,E_WORD
19676,B_WORD
19677,I_WORD
19678,I_WORD
19679,I_WORD
19680,E_WORD
19681,B_WORD
19682,I_WORD
19683,I_WORD
19684,I_WORD
19685,I_WORD
19686,I_WORD
19687,E_WORD
19688,B_WORD
19689,I_WORD
19690,I_WORD
19691,E_WORD
19693,B_WORD
19694,I_WORD
19695,I_WORD
19696,I_WORD
19697,E_WORD
19698,B_WORD
19699,I_WORD
19700,I_WORD
19701,I_WORD
19702,I_WORD
19703,I_WORD
19704,I_WORD
19705,I_WORD
19706,E_WORD
19707,B_WORD
19708,I_WORD
19709,I_WORD
19710,I_WORD
19711,I_WORD
19712,I_WORD
19713,I_WORD
19714,I_WORD
19715,E_WORD
19716,B_WORD
19717,I_WORD
19718,I_WORD
19719,I_WORD
19720,E_WORD
19722,B_WORD
19724,B_WORD
19725,I_WORD
19726,I_WORD
19727,I_WORD
19728,I_WORD
19729,I_WORD
19730,E_WORD
19731,B_WORD
19732,I_WORD
19733,I_WORD
19734,I_WORD
19735,I_WORD
19736,I_WORD
19737,E_WORD
19738,B_WORD
19739,I_WORD
19740,I_WORD
19741,I_WORD
19742,I_WORD
19743,I_WORD
19744,I_WORD
19745,E_WORD
19746,B_WORD
19747,I_WORD
19748,E_WORD
19749,B_WORD
19750,I_WORD
19751,E_WORD
19752,B_WORD
19753,E_WORD
19754,B_WORD
19755,I_WORD
19756,E_WORD
19757,B_WORD
19758,I_WORD
19759,I_WORD
19760,I_WORD
19761,I_WORD
19762,I_WORD
19763,I_WORD
19764,I_WORD
19765,I_WORD
19766,I_WORD
19767,E_WORD
19768,B_WORD
19769,I_WORD
19770,I_WORD
19771,I_WORD
19772,I_WORD
19773,I_WORD
19774,I_WORD
19775,I_WORD
19776,I_WORD
19777,I_WORD
19778,E_WORD
19779,B_WORD
19780,I_WORD
19781,I_WORD
19782,E_WORD
19783,B_WORD
19784,E_WORD
19785,B_WORD
19786,I_WORD
19787,I_WORD
19788,I_WORD
19789,I_WORD
19790,I_WORD
19791,I_WORD
19792,I_WORD
19793,I_WORD
19794,I_WORD
19795,E_WORD
19797,B_WORD
19798,I_WORD
19799,I_WORD
19800,E_WORD
19801,B_WORD
19802,I_WORD
19803,I_WORD
19804,E_WORD
19805,B_WORD
19806,E_WORD
19807,B_WORD
19808,E_WORD
19809,B_WORD
19810,I_WORD
19811,I_WORD
19812,I_WORD
19813,I_WORD
19814,E_WORD
19816,B_WORD
19817,I_WORD
19818,I_WORD
19819,I_WORD
19820,I_WORD
19821,I_WORD
19822,I_WORD
19823,E_WORD
19825,B_WORD
19826,I_WORD
19827,I_WORD
19828,I_WORD
19829,I_WORD
19830,I_WORD
19831,I_WORD
19832,E_WORD
19833,B_WORD
19834,E_WORD
19835,B_WORD
19836,I_WORD
19837,I_WORD
19838,E_WORD
19839,B_WORD
19840,I_WORD
19841,E_WORD
19842,B_WORD
19843,I_WORD
19844,I_WORD
19845,E_WORD
19846,B_WORD
19847,I_WORD
19848,I_WORD
19849,I_WORD
19850,E_WORD
19851,B_WORD
19852,I_WORD
19853,E_WORD
19854,B_WORD
19855,I_WORD
19856,I_WORD
19857,E_WORD
19858,B_WORD
19859,I_WORD
19860,E_WORD
19861,B_WORD
19862,E_WORD
19863,B_WORD
19864,I_WORD
19865,I_WORD
19866,I_WORD
19867,I_WORD
19868,I_WORD
19869,E_WORD
19870,B_WORD
19871,E_WORD
19872,B_WORD
19873,I_WORD
19874,E_WORD
19875,B_WORD
19876,I_WORD
19877,I_WORD
19878,I_WORD
19879,I_WORD
19880,I_WORD
19881,E_WORD
19882,B_WORD
19883,I_WORD
19884,E_WORD
19885,B_WORD
19886,I_WORD
19887,I_WORD
19888,E_WORD
19889,B_WORD
19890,I_WORD
19891,I_WORD
19892,I_WORD
19893,I_WORD
19894,E_WORD
19896,B_WORD
19897,I_WORD
19898,I_WORD
19899,E_WORD
19901,B_WORD
19902,I_WORD
19903,I_WORD
19904,I_WORD
19905,E_WORD
19907,B_WORD
19908,I_WORD
19909,I_WORD
19910,I_WORD
19911,I_WORD
19912,I_WORD
19913,I_WORD
19914,I_WORD
19915,I_WORD
19916,I_WORD
19917,I_WORD
19918,I_WORD
19919,I_WORD
19920,E_WORD
19922,B_WORD
19923,E_WORD
19924,B_WORD
19925,I_WORD
19926,I_WORD
19927,I_WORD
19928,I_WORD
19929,I_WORD
19930,I_WORD
19931,I_WORD
19932,E_WORD
19933,B_WORD
19934,E_WORD
19935,B_WORD
19936,I_WORD
19937,E_WORD
19938,B_WORD
19939,I_WORD
19940,I_WORD
19941,I_WORD
19942,I_WORD
19943,I_WORD
19944,E_WORD
19945,B_WORD
19946,I_WORD
19947,I_WORD
19948,I_WORD
19949,E_WORD
19950,B_WORD
19951,I_WORD
19952,I_WORD
19953,I_WORD
19954,I_WORD
19955,I_WORD
19956,E_WORD
19957,B_WORD
19958,E_WORD
19959,B_WORD
19960,I_WORD
19961,E_WORD
19962,B_WORD
19963,E_WORD
19964,B_WORD
19965,I_WORD
19966,I_WORD
19967,I_WORD
19968,I_WORD
19969,I_WORD
19970,I_WORD
19971,E_WORD
19972,B_WORD
19973,E_WORD
19975,B_WORD
19977,B_WORD
19978,I_WORD
19979,I_WORD
19980,I_WORD
19981,I_WORD
19982,I_WORD
19983,E_WORD
19984,B_WORD
19985,I_WORD
19986,I_WORD
19987,I_WORD
19988,I_WORD
19989,I_WORD
19990,I_WORD
19991,I_WORD
19992,I_WORD
19993,I_WORD
19994,I_WORD
19995,I_WORD
19996,E_WORD
19997,B_WORD
19998,I_WORD
19999,I_WORD
20000,I_WORD
20001,I_WORD
20002,I_WORD
20003,I_WORD
20004,I_WORD
20005,I_WORD
20006,I_WORD
20007,I_WORD
20008,I_WORD
20009,I_WORD
20010,I_WORD
20011,I_WORD
20012,E_WORD
20013,B_WORD
20014,I_WORD
20015,E_WORD
20016,B_WORD
20017,I_WORD
20018,I_WORD
20019,I_WORD
20020,I_WORD
20021,I_WORD
20022,E_WORD
20024,B_WORD
20025,I_WORD
20026,I_WORD
20027,I_WORD
20028,I_WORD
20029,I_WORD
20030,E_WORD
20031,B_WORD
20032,I_WORD
20033,I_WORD
20034,I_WORD
20035,I_WORD
20036,I_WORD
20037,I_WORD
20038,E_WORD
20039,B_WORD
20040,E_WORD
20041,B_WORD
20042,I_WORD
20043,I_WORD
20044,I_WORD
20045,I_WORD
20046,E_WORD
20047,B_WORD
20048,E_WORD
20049,B_WORD
20050,I_WORD
20051,E_WORD
20052,B_WORD
20053,I_WORD
20054,E_WORD
20055,B_WORD
20056,I_WORD
20057,I_WORD
20058,I_WORD
20059,I_WORD
20060,I_WORD
20061,I_WORD
20062,I_WORD
20063,E_WORD
20064,B_WORD
20065,E_WORD
20066,B_WORD
20067,I_WORD
20068,I_WORD
20069,I_WORD
20070,I_WORD
20071,E_WORD
20072,B_WORD
20073,I_WORD
20074,I_WORD
20075,I_WORD
20076,I_WORD
20077,I_WORD
20078,I_WORD
20079,E_WORD
20080,B_WORD
20081,I_WORD
20082,I_WORD
20083,I_WORD
20084,E_WORD
20085,B_WORD
20086,I_WORD
20087,I_WORD
20088,I_WORD
20089,I_WORD
20090,I_WORD
20091,E_WORD
20092,B_WORD
20093,I_WORD
20094,I_WORD
20095,I_WORD
20096,E_WORD
20098,B_WORD
20099,I_WORD
20100,I_WORD
20101,E_WORD
20103,B_WORD
20104,E_WORD
20105,B_WORD
20107,B_WORD
20108,I_WORD
20109,E_WORD
20110,B_WORD
20111,I_WORD
20112,I_WORD
20113,I_WORD
20114,I_WORD
20115,I_WORD
20116,I_WORD
20117,I_WORD
20118,E_WORD
20119,B_WORD
20120,I_WORD
20121,E_WORD
20122,B_WORD
20123,I_WORD
20124,I_WORD
20125,I_WORD
20126,I_WORD
20127,I_WORD
20128,I_WORD
20129,E_WORD
20130,B_WORD
20131,I_WORD
20132,I_WORD
20133,I_WORD
20134,E_WORD
20135,B_WORD
20136,I_WORD
20137,I_WORD
20138,I_WORD
20139,I_WORD
20140,E_WORD
20142,B_WORD
20143,E_WORD
20144,B_WORD
20145,B_WORD
20146,E_WORD
20148,B_WORD
20149,I_WORD
20150,I_WORD
20151,I_WORD
20152,E_WORD
20154,B_WORD
20155,I_WORD
20156,I_WORD
20157,I_WORD
20158,I_WORD
20159,E_WORD
20160,B_WORD
20161,I_WORD
20162,E_WORD
20164,B_WORD
20165,I_WORD
20166,I_WORD
20167,E_WORD
20168,B_WORD
20169,I_WORD
20170,I_WORD
20171,I_WORD
20172,I_WORD
20173,I_WORD
20174,I_WORD
20175,I_WORD
20176,I_WORD
20177,I_WORD
20178,I_WORD
20179,I_WORD
20180,E_WORD
20182,B_WORD
20183,I_WORD
20184,E_WORD
20185,B_WORD
20186,I_WORD
20187,I_WORD
20188,I_WORD
20189,I_WORD
20190,E_WORD
20191,B_WORD
20192,I_WORD
20193,E_WORD
20194,B_WORD
20195,I_WORD
20196,E_WORD
20197,B_WORD
20198,I_WORD
20199,I_WORD
20200,I_WORD
20201,I_WORD
20202,I_WORD
20203,I_WORD
20204,I_WORD
20205,I_WORD
20206,E_WORD
20207,B_WORD
20208,I_WORD
20209,I_WORD
20210,I_WORD
20211,I_WORD
20212,I_WORD
20213,I_WORD
20214,E_WORD
20215,B_WORD
20216,I_WORD
20217,I_WORD
20218,I_WORD
20219,E_WORD
20220,B_WORD
20221,I_WORD
20222,I_WORD
20223,I_WORD
20224,I_WORD
20225,E_WORD
20226,B_WORD
20227,I_WORD
20228,E_WORD
20229,B_WORD
20230,I_WORD
20231,I_WORD
20232,I_WORD
20233,I_WORD
20234,I_WORD
20235,I_WORD
20236,I_WORD
20237,E_WORD
20238,B_WORD
20239,I_WORD
20240,I_WORD
20241,I_WORD
20242,I_WORD
20243,I_WORD
20244,I_WORD
20245,I_WORD
20246,I_WORD
20247,I_WORD
20248,I_WORD
20249,I_WORD
20250,I_WORD
20251,I_WORD
20252,I_WORD
20253,I_WORD
20254,I_WORD
20255,I_WORD
20256,I_WORD
20257,E_WORD
20258,B_WORD
20259,I_WORD
20260,I_WORD
20261,I_WORD
20262,I_WORD
20263,I_WORD
20264,E_WORD
20265,B_WORD
20266,I_WORD
20267,I_WORD
20268,E_WORD
20270,B_WORD
20271,I_WORD
20272,I_WORD
20273,I_WORD
20274,I_WORD
20275,E_WORD
20277,B_WORD
20278,I_WORD
20279,I_WORD
20280,I_WORD
20281,I_WORD
20282,I_WORD
20283,I_WORD
20284,E_WORD
20285,B_WORD
20286,I_WORD
20287,I_WORD
20288,I_WORD
20289,I_WORD
20290,I_WORD
20291,E_WORD
20292,B_WORD
20293,I_WORD
20294,I_WORD
20295,I_WORD
20296,E_WORD
20297,B_WORD
20298,I_WORD
20299,I_WORD
20300,I_WORD
20301,I_WORD
20302,I_WORD
20303,I_WORD
20304,I_WORD
20305,I_WORD
20306,E_WORD
20308,B_WORD
20309,I_WORD
20310,I_WORD
20311,E_WORD
20313,B_WORD
20314,I_WORD
20315,I_WORD
20316,E_WORD
20317,B_WORD
20318,I_WORD
20319,I_WORD
20320,E_WORD
20321,B_WORD
20322,I_WORD
20323,I_WORD
20324,I_WORD
20325,I_WORD
20326,I_WORD
20327,I_WORD
20328,I_WORD
20329,I_WORD
20330,E_WORD
20331,B_WORD
20332,I_WORD
20333,I_WORD
20334,I_WORD
20335,I_WORD
20336,I_WORD
20337,I_WORD
20338,E_WORD
20339,B_WORD
20340,I_WORD
20341,I_WORD
20342,I_WORD
20343,I_WORD
20344,I_WORD
20345,I_WORD
20346,I_WORD
20347,I_WORD
20348,I_WORD
20349,I_WORD
20350,I_WORD
20351,E_WORD
20352,B_WORD
20353,I_WORD
20354,E_WORD
20356,B_WORD
20357,I_WORD
20358,I_WORD
20359,I_WORD
20360,I_WORD
20361,E_WORD
20362,B_WORD
20363,I_WORD
20364,E_WORD
20365,B_WORD
20366,I_WORD
20367,I_WORD
20368,I_WORD
20369,I_WORD
20370,E_WORD
20371,B_WORD
20372,I_WORD
20373,E_WORD
20374,B_WORD
20375,I_WORD
20376,I_WORD
20377,E_WORD
20378,B_WORD
20379,I_WORD
20380,I_WORD
20381,I_WORD
20382,I_WORD
20383,I_WORD
20384,I_WORD
20385,E_WORD
20386,B_WORD
20387,I_WORD
20388,I_WORD
20389,I_WORD
20390,I_WORD
20391,I_WORD
20392,I_WORD
20393,E_WORD
20394,B_WORD
20395,I_WORD
20396,I_WORD
20397,E_WORD
20399,B_WORD
20400,I_WORD
20401,I_WORD
20402,I_WORD
20403,I_WORD
20404,I_WORD
20405,I_WORD
20406,I_WORD
20407,I_WORD
20408,E_WORD
20410,B_WORD
20411,I_WORD
20412,I_WORD
20413,I_WORD
20414,I_WORD
20415,I_WORD
20416,I_WORD
20417,I_WORD
20418,I_WORD
20419,I_WORD
20420,E_WORD
20421,B_WORD
20422,I_WORD
20423,E_WORD
20424,B_WORD
20425,I_WORD
20426,I_WORD
20427,I_WORD
20428,I_WORD
20429,I_WORD
20430,E_WORD
20431,B_WORD
20432,I_WORD
20433,I_WORD
20434,E_WORD
20435,B_WORD
20436,E_WORD
20437,B_WORD
20438,I_WORD
20439,E_WORD
20440,B_WORD
20441,I_WORD
20442,I_WORD
20443,I_WORD
20444,I_WORD
20445,I_WORD
20446,I_WORD
20447,I_WORD
20448,I_WORD
20449,I_WORD
20450,I_WORD
20451,I_WORD
20452,I_WORD
20453,I_WORD
20454,I_WORD
20455,E_WORD
20456,B_WORD
20457,E_WORD
20458,B_WORD
20459,I_WORD
20460,I_WORD
20461,E_WORD
20462,B_WORD
20463,I_WORD
20464,I_WORD
20465,I_WORD
20466,I_WORD
20467,E_WORD
20468,B_WORD
20469,I_WORD
20470,E_WORD
20471,B_WORD
20472,I_WORD
20473,I_WORD
20474,I_WORD
20475,E_WORD
20476,B_WORD
20477,I_WORD
20478,I_WORD
20479,I_WORD
20480,I_WORD
20481,I_WORD
20482,E_WORD
20484,B_WORD
20485,I_WORD
20486,E_WORD
20487,B_WORD
20488,E_WORD
20489,B_WORD
20490,I_WORD
20491,I_WORD
20492,I_WORD
20493,I_WORD
20494,I_WORD
20495,I_WORD
20496,E_WORD
20497,B_WORD
20498,I_WORD
20499,I_WORD
20500,I_WORD
20501,I_WORD
20502,I_WORD
20503,I_WORD
20504,I_WORD
20505,I_WORD
20506,I_WORD
20507,E_WORD
20509,B_WORD
20510,I_WORD
20511,I_WORD
20512,E_WORD
20514,B_WORD
20515,E_WORD
20516,B_WORD
20518,B_WORD
20519,I_WORD
20520,E_WORD
20522,B_WORD
20523,E_WORD
20524,B_WORD
20525,E_WORD
20527,B_WORD
20528,E_WORD
20530,B_WORD
20532,B_WORD
20533,I_WORD
20534,E_WORD
20535,B_WORD
20536,I_WORD
20537,I_WORD
20538,I_WORD
20539,E_WORD
20540,B_WORD
20541,I_WORD
20542,E_WORD
20544,B_WORD
20546,B_WORD
20547,I_WORD
20548,I_WORD
20549,I_WORD
20550,I_WORD
20551,I_WORD
20552,E_WORD
20553,B_WORD
20554,I_WORD
20555,I_WORD
20556,E_WORD
20557,B_WORD
20558,I_WORD
20559,E_WORD
20561,B_WORD
20562,I_WORD
20563,E_WORD
20565,B_WORD
20566,B_WORD
20567,E_WORD
20569,B_WORD
20570,E_WORD
20571,B_WORD
20572,E_WORD
20574,B_WORD
20575,I_WORD
20576,I_WORD
20577,I_WORD
20578,I_WORD
20579,I_WORD
20580,I_WORD
20581,I_WORD
20582,I_WORD
20583,E_WORD
20584,B_WORD
20585,I_WORD
20586,I_WORD
20587,E_WORD
20589,B_WORD
20590,I_WORD
20591,E_WORD
20592,B_WORD
20593,I_WORD
20594,I_WORD
20595,I_WORD
20596,I_WORD
20597,E_WORD
20598,B_WORD
20599,I_WORD
20600,E_WORD
20601,B_WORD
20602,I_WORD
20603,E_WORD
20604,B_WORD
20605,I_WORD
20606,I_WORD
20607,I_WORD
20608,E_WORD
20609,B_WORD
20610,I_WORD
20611,I_WORD
20612,I_WORD
20613,I_WORD
20614,E_WORD
20615,B_WORD
20616,I_WORD
20617,E_WORD
20618,B_WORD
20619,I_WORD
20620,E_WORD
20621,B_WORD
20622,I_WORD
20623,I_WORD
20624,I_WORD
20625,E_WORD
20627,B_WORD
20628,I_WORD
20629,E_WORD
20630,B_WORD
20631,I_WORD
20632,I_WORD
20633,I_WORD
20634,I_WORD
20635,E_WORD
20636,B_WORD
20637,I_WORD
20638,I_WORD
20639,E_WORD
20640,B_WORD
20641,I_WORD
20642,I_WORD
20643,I_WORD
20644,I_WORD
20645,E_WORD
20646,B_WORD
20647,I_WORD
20648,I_WORD
20649,I_WORD
20650,E_WORD
20652,B_WORD
20653,I_WORD
20654,E_WORD
20655,B_WORD
20656,I_WORD
20657,E_WORD
20658,B_WORD
20659,I_WORD
20660,E_WORD
20661,B_WORD
20662,I_WORD
20663,I_WORD
20664,E_WORD
20665,B_WORD
20666,I_WORD
20667,I_WORD
20668,I_WORD
20669,I_WORD
20670,E_WORD
20671,B_WORD
20672,I_WORD
20673,I_WORD
20674,I_WORD
20675,E_WORD
20676,B_WORD
20677,I_WORD
20678,I_WORD
20679,I_WORD
20680,I_WORD
20681,I_WORD
20682,I_WORD
20683,I_WORD
20684,I_WORD
20685,I_WORD
20686,E_WORD
20688,B_WORD
20690,B_WORD
20691,E_WORD
20693,B_WORD
20694,I_WORD
20695,I_WORD
20696,E_WORD
20698,B_WORD
20700,B_WORD
20701,I_WORD
20702,I_WORD
20703,I_WORD
20704,I_WORD
20705,E_WORD
20707,B_WORD
20708,B_WORD
20709,E_WORD
20710,B_WORD
20711,B_WORD
20712,I_WORD
20713,I_WORD
20714,E_WORD
20715,B_WORD
20716,E_WORD
20718,B_WORD
20719,I_WORD
20720,I_WORD
20721,I_WORD
20722,I_WORD
20723,E_WORD
20725,B_WORD
20726,I_WORD
20727,I_WORD
20728,E_WORD
20730,B_WORD
20731,I_WORD
20732,I_WORD
20733,I_WORD
20734,E_WORD
20736,B_WORD
20737,I_WORD
20738,I_WORD
20739,I_WORD
20740,I_WORD
20741,I_WORD
20742,I_WORD
20743,I_WORD
20744,E_WORD
20745,B_WORD
20746,I_WORD
20747,I_WORD
20748,I_WORD
20749,I_WORD
20750,I_WORD
20751,I_WORD
20752,I_WORD
20753,I_WORD
20754,I_WORD
20755,I_WORD
20756,I_WORD
20757,E_WORD
20758,B_WORD
20759,I_WORD
20760,I_WORD
20761,I_WORD
20762,I_WORD
20763,I_WORD
20764,I_WORD
20765,I_WORD
20766,I_WORD
20767,I_WORD
20768,I_WORD
20769,I_WORD
20770,E_WORD
20772,B_WORD
20773,I_WORD
20774,I_WORD
20775,I_WORD
20776,I_WORD
20777,I_WORD
20778,E_WORD
20780,B_WORD
20781,I_WORD
20782,I_WORD
20783,I_WORD
20784,E_WORD
20785,B_WORD
20786,I_WORD
20787,I_WORD
20788,I_WORD
20789,E_WORD
20790,B_WORD
20791,I_WORD
20792,I_WORD
20793,I_WORD
20794,I_WORD
20795,E_WORD
20796,B_WORD
20797,I_WORD
20798,E_WORD
20799,B_WORD
20800,I_WORD
20801,E_WORD
20802,B_WORD
20803,I_WORD
20804,I_WORD
20805,I_WORD
20806,E_WORD
20807,B_WORD
20808,I_WORD
20809,E_WORD
20811,B_WORD
20812,I_WORD
20813,I_WORD
20814,I_WORD
20815,E_WORD
20816,B_WORD
20817,I_WORD
20818,I_WORD
20819,I_WORD
20820,I_WORD
20821,E_WORD
20822,B_WORD
20823,I_WORD
20824,I_WORD
20825,I_WORD
20826,I_WORD
20827,E_WORD
20828,B_WORD
20829,I_WORD
20830,E_WORD
20831,B_WORD
20832,I_WORD
20833,E_WORD
20834,B_WORD
20835,I_WORD
20836,E_WORD
20837,B_WORD
20838,I_WORD
20839,I_WORD
20840,I_WORD
20841,I_WORD
20842,I_WORD
20843,I_WORD
20844,I_WORD
20845,E_WORD
20846,B_WORD
20847,E_WORD
20849,B_WORD
20851,B_WORD
20852,I_WORD
20853,I_WORD
20854,E_WORD
20855,B_WORD
20856,I_WORD
20857,I_WORD
20858,I_WORD
20859,I_WORD
20860,E_WORD
20861,B_WORD
20862,I_WORD
20863,E_WORD
20864,B_WORD
20865,I_WORD
20866,I_WORD
20867,I_WORD
20868,I_WORD
20869,E_WORD
20870,B_WORD
20871,I_WORD
20872,I_WORD
20873,I_WORD
20874,I_WORD
20875,E_WORD
20876,B_WORD
20877,I_WORD
20878,I_WORD
20879,I_WORD
20880,I_WORD
20881,I_WORD
20882,I_WORD
20883,I_WORD
20884,I_WORD
20885,I_WORD
20886,I_WORD
20887,I_WORD
20888,E_WORD
20889,B_WORD
20890,I_WORD
20891,E_WORD
20893,B_WORD
20895,B_WORD
20896,I_WORD
20897,I_WORD
20898,I_WORD
20899,I_WORD
20900,I_WORD
20901,E_WORD
20903,B_WORD
20904,I_WORD
20905,I_WORD
20906,I_WORD
20907,I_WORD
20908,I_WORD
20909,I_WORD
20910,I_WORD
20911,E_WORD
20912,B_WORD
20913,I_WORD
20914,I_WORD
20915,I_WORD
20916,I_WORD
20917,I_WORD
20918,I_WORD
20919,I_WORD
20920,I_WORD
20921,E_WORD
20922,B_WORD
20923,I_WORD
20924,I_WORD
20925,I_WORD
20926,I_WORD
20927,I_WORD
20928,E_WORD
20930,B_WORD
20931,I_WORD
20932,E_WORD
20933,B_WORD
20934,I_WORD
20935,I_WORD
20936,I_WORD
20937,I_WORD
20938,E_WORD
20939,B_WORD
20940,I_WORD
20941,I_WORD
20942,I_WORD
20943,I_WORD
20944,E_WORD
20946,B_WORD
20947,E_WORD
20948,B_WORD
20949,I_WORD
20950,I_WORD
20951,I_WORD
20952,E_WORD
20953,B_WORD
20954,I_WORD
20955,I_WORD
20956,I_WORD
20957,I_WORD
20958,I_WORD
20959,I_WORD
20960,I_WORD
20961,E_WORD
20962,B_WORD
20963,I_WORD
20964,I_WORD
20965,I_WORD
20966,I_WORD
20967,E_WORD
20968,B_WORD
20969,I_WORD
20970,I_WORD
20971,I_WORD
20972,I_WORD
20973,I_WORD
20974,E_WORD
20975,B_WORD
20976,I_WORD
20977,E_WORD
20979,B_WORD
20981,B_WORD
20982,I_WORD
20983,I_WORD
20984,I_WORD
20985,I_WORD
20986,I_WORD
20987,E_WORD
20988,B_WORD
20989,I_WORD
20990,I_WORD
20991,I_WORD
20992,I_WORD
20993,I_WORD
20994,I_WORD
20995,I_WORD
20996,E_WORD
20997,B_WORD
20998,I_WORD
20999,I_WORD
21000,I_WORD
21001,I_WORD
21002,E_WORD
21003,B_WORD
21004,I_WORD
21005,E_WORD
21006,B_WORD
21007,I_WORD
21008,I_WORD
21009,I_WORD
21010,I_WORD
21011,I_WORD
21012,I_WORD
21013,I_WORD
21014,I_WORD
21015,E_WORD
21017,B_WORD
21018,I_WORD
21019,I_WORD
21020,E_WORD
21021,B_WORD
21022,I_WORD
21023,I_WORD
21024,E_WORD
21025,B_WORD
21026,I_WORD
21027,I_WORD
21028,E_WORD
21030,B_WORD
21032,B_WORD
21033,I_WORD
21034,I_WORD
21035,E_WORD
21036,B_WORD
21037,E_WORD
21038,B_WORD
21039,I_WORD
21040,E_WORD
21041,B_WORD
21042,I_WORD
21043,I_WORD
21044,E_WORD
21045,B_WORD
21046,I_WORD
21047,I_WORD
21048,I_WORD
21049,I_WORD
21050,E_WORD
21051,B_WORD
21052,I_WORD
21053,I_WORD
21054,I_WORD
21055,I_WORD
21056,E_WORD
21057,B_WORD
21058,I_WORD
21059,I_WORD
21060,E_WORD
21062,B_WORD
21063,E_WORD
21065,B_WORD
21066,I_WORD
21067,I_WORD
21068,I_WORD
21069,I_WORD
21070,I_WORD
21071,E_WORD
21073,B_WORD
21074,I_WORD
21075,E_WORD
21076,B_WORD
21077,E_WORD
21078,B_WORD
21079,I_WORD
21080,I_WORD
21081,I_WORD
21082,I_WORD
21083,I_WORD
21084,I_WORD
21085,I_WORD
21086,I_WORD
21087,I_WORD
21088,I_WORD
21089,I_WORD
21090,I_WORD
21091,I_WORD
21092,E_WORD
21093,B_WORD
21094,I_WORD
21095,E_WORD
21096,B_WORD
21097,I_WORD
21098,I_WORD
21099,I_WORD
21100,I_WORD
21101,I_WORD
21102,I_WORD
21103,I_WORD
21104,E_WORD
21105,B_WORD
21106,I_WORD
21107,E_WORD
21108,B_WORD
21109,I_WORD
21110,I_WORD
21111,I_WORD
21112,I_WORD
21113,I_WORD
21114,E_WORD
21115,B_WORD
21116,I_WORD
21117,E_WORD
21119,B_WORD
21120,I_WORD
21121,I_WORD
21122,I_WORD
21123,I_WORD
21124,E_WORD
21126,B_WORD
21127,I_WORD
21128,I_WORD
21129,I_WORD
21130,E_WORD
21131,B_WORD
21132,I_WORD
21133,I_WORD
21134,E_WORD
21135,B_WORD
21136,E_WORD
21138,B_WORD
21139,I_WORD
21140,I_WORD
21141,I_WORD
21142,I_WORD
21143,I_WORD
21144,I_WORD
21145,E_WORD
21147,B_WORD
21148,I_WORD
21149,I_WORD
21150,I_WORD
21151,I_WORD
21152,E_WORD
21153,B_WORD
21154,I_WORD
21155,I_WORD
21156,I_WORD
21157,I_WORD
21158,I_WORD
21159,E_WORD
21160,B_WORD
21161,I_WORD
21162,E_WORD
21163,B_WORD
21164,E_WORD
21165,B_WORD
21166,I_WORD
21167,I_WORD
21168,I_WORD
21169,I_WORD
21170,E_WORD
21171,B_WORD
21172,E_WORD
21173,B_WORD
21174,I_WORD
21175,E_WORD
21176,B_WORD
21177,I_WORD
21178,I_WORD
21179,I_WORD
21180,I_WORD
21181,E_WORD
21182,B_WORD
21183,I_WORD
21184,E_WORD
21185,B_WORD
21186,I_WORD
21187,I_WORD
21188,I_WORD
21189,I_WORD
21190,E_WORD
21191,B_WORD
21192,I_WORD
21193,I_WORD
21194,I_WORD
21195,I_WORD
21196,I_WORD
21197,I_WORD
21198,I_WORD
21199,I_WORD
21200,E_WORD
21201,B_WORD
21202,I_WORD
21203,I_WORD
21204,I_WORD
21205,I_WORD
21206,I_WORD
21207,I_WORD
21208,E_WORD
21209,B_WORD
21210,I_WORD
21211,I_WORD
21212,I_WORD
21213,I_WORD
21214,I_WORD
21215,E_WORD
21216,B_WORD
21217,I_WORD
21218,E_WORD
21220,B_WORD
21221,I_WORD
21222,I_WORD
21223,I_WORD
21224,I_WORD
21225,I_WORD
21226,E_WORD
21228,B_WORD
21229,I_WORD
21230,E_WORD
21231,B_WORD
21232,I_WORD
21233,I_WORD
21234,E_WORD
21235,B_WORD
21236,I_WORD
21237,I_WORD
21238,E_WORD
21239,B_WORD
21240,I_WORD
21241,I_WORD
21242,E_WORD
21244,B_WORD
21245,I_WORD
21246,E_WORD
21247,B_WORD
21248,I_WORD
21249,E_WORD
21250,B_WORD
21251,I_WORD
21252,I_WORD
21253,I_WORD
21254,I_WORD
21255,E_WORD
21256,B_WORD
21257,I_WORD
21258,I_WORD
21259,I_WORD
21260,I_WORD
21261,I_WORD
21262,I_WORD
21263,E_WORD
21264,B_WORD
21265,I_WORD
21266,E_WORD
21267,B_WORD
21268,I_WORD
21269,I_WORD
21270,I_WORD
21271,I_WORD
21272,I_WORD
21273,E_WORD
21274,B_WORD
21275,I_WORD
21276,I_WORD
21277,I_WORD
21278,I_WORD
21279,I_WORD
21280,I_WORD
21281,I_WORD
21282,E_WORD
21283,B_WORD
21284,I_WORD
21285,I_WORD
21286,I_WORD
21287,E_WORD
21288,B_WORD
21289,I_WORD
21290,E_WORD
21291,B_WORD
21292,I_WORD
21293,I_WORD
21294,I_WORD
21295,I_WORD
21296,I_WORD
21297,I_WORD
21298,I_WORD
21299,I_WORD
21300,E_WORD
21301,B_WORD
21302,I_WORD
21303,I_WORD
21304,I_WORD
21305,I_WORD
21306,I_WORD
21307,I_WORD
21308,E_WORD
21310,B_WORD
21311,I_WORD
21312,I_WORD
21313,I_WORD
21314,I_WORD
21315,I_WORD
21316,I_WORD
21317,E_WORD
21318,B_WORD
21319,I_WORD
21320,I_WORD
21321,I_WORD
21322,I_WORD
21323,E_WORD
21324,B_WORD
21325,I_WORD
21326,E_WORD
21327,B_WORD
21328,I_WORD
21329,E_WORD
21330,B_WORD
21331,I_WORD
21332,E_WORD
21333,B_WORD
21334,I_WORD
21335,I_WORD
21336,I_WORD
21337,E_WORD
21338,B_WORD
21339,I_WORD
21340,E_WORD
21341,B_WORD
21342,I_WORD
21343,E_WORD
21344,B_WORD
21345,I_WORD
21346,I_WORD
21347,I_WORD
21348,I_WORD
21349,I_WORD
21350,E_WORD
21352,B_WORD
21353,I_WORD
21354,I_WORD
21355,E_WORD
21356,B_WORD
21357,E_WORD
21358,B_WORD
21359,I_WORD
21360,I_WORD
21361,I_WORD
21362,E_WORD
21363,B_WORD
21364,I_WORD
21365,I_WORD
21366,I_WORD
21367,I_WORD
21368,I_WORD
21369,E_WORD
21370,B_WORD
21371,I_WORD
21372,I_WORD
21373,I_WORD
21374,I_WORD
21375,I_WORD
21376,E_WORD
21378,B_WORD
21379,I_WORD
21380,E_WORD
21381,B_WORD
21382,I_WORD
21383,E_WORD
21384,B_WORD
21385,I_WORD
21386,I_WORD
21387,E_WORD
21388,B_WORD
21389,E_WORD
21390,B_WORD
21391,I_WORD
21392,I_WORD
21393,E_WORD
21394,B_WORD
21395,I_WORD
21396,E_WORD
21398,B_WORD
21399,I_WORD
21400,I_WORD
21401,E_WORD
21402,B_WORD
21403,I_WORD
21404,I_WORD
21405,I_WORD
21406,I_WORD
21407,E_WORD
21409,B_WORD
21410,I_WORD
21411,I_WORD
21412,E_WORD
21413,B_WORD
21414,I_WORD
21415,I_WORD
21416,I_WORD
21417,E_WORD
21418,B_WORD
21419,E_WORD
21420,B_WORD
21421,I_WORD
21422,E_WORD
21423,B_WORD
21424,I_WORD
21425,I_WORD
21426,E_WORD
21427,B_WORD
21428,I_WORD
21429,I_WORD
21430,E_WORD
21431,B_WORD
21432,I_WORD
21433,I_WORD
21434,I_WORD
21435,I_WORD
21436,I_WORD
21437,I_WORD
21438,I_WORD
21439,E_WORD
21441,B_WORD
21442,I_WORD
21443,I_WORD
21444,I_WORD
21445,I_WORD
21446,E_WORD
21447,B_WORD
21448,I_WORD
21449,E_WORD
21450,B_WORD
21451,I_WORD
21452,I_WORD
21453,E_WORD
21454,B_WORD
21455,I_WORD
21456,I_WORD
21457,I_WORD
21458,E_WORD
21460,B_WORD
21461,I_WORD
21462,E_WORD
21463,B_WORD
21464,I_WORD
21465,E_WORD
21466,B_WORD
21467,I_WORD
21468,I_WORD
21469,I_WORD
21470,I_WORD
21471,I_WORD
21472,I_WORD
21473,E_WORD
21474,B_WORD
21475,I_WORD
21476,E_WORD
21477,B_WORD
21478,I_WORD
21479,I_WORD
21480,I_WORD
21481,E_WORD
21482,B_WORD
21483,I_WORD
21484,E_WORD
21486,B_WORD
21487,I_WORD
21488,I_WORD
21489,I_WORD
21490,I_WORD
21491,I_WORD
21492,I_WORD
21493,I_WORD
21494,E_WORD
21495,B_WORD
21496,I_WORD
21497,I_WORD
21498,I_WORD
21499,I_WORD
21500,E_WORD
21501,B_WORD
21502,I_WORD
21503,I_WORD
21504,E_WORD
21505,B_WORD
21506,I_WORD
21507,I_WORD
21508,I_WORD
21509,I_WORD
21510,I_WORD
21511,E_WORD
21512,B_WORD
21513,I_WORD
21514,I_WORD
21515,E_WORD
21517,B_WORD
21519,B_WORD
21520,I_WORD
21521,I_WORD
21522,I_WORD
21523,I_WORD
21524,E_WORD
21526,B_WORD
21527,E_WORD
21528,B_WORD
21529,I_WORD
21530,I_WORD
21531,I_WORD
21532,I_WORD
21533,I_WORD
21534,I_WORD
21535,I_WORD
21536,I_WORD
21537,I_WORD
21538,E_WORD
21539,B_WORD
21540,I_WORD
21541,E_WORD
21542,B_WORD
21543,I_WORD
21544,E_WORD
21545,B_WORD
21546,I_WORD
21547,I_WORD
21548,E_WORD
21549,B_WORD
21550,I_WORD
21551,I_WORD
21552,E_WORD
21553,B_WORD
21554,I_WORD
21555,I_WORD
21556,B_WORD
21557,I_WORD
21558,I_WORD
21559,I_WORD
21560,I_WORD
21561,E_WORD
21562,B_WORD
21563,I_WORD
21564,I_WORD
21565,I_WORD
21566,I_WORD
21567,E_WORD
21568,B_WORD
21569,I_WORD
21570,E_WORD
21571,B_WORD
21572,I_WORD
21573,E_WORD
21574,B_WORD
21575,B_WORD
21576,I_WORD
21577,E_WORD
21578,B_WORD
21579,E_WORD
21580,B_WORD
21581,E_WORD
21582,B_WORD
21583,I_WORD
21584,I_WORD
21585,E_WORD
21587,B_WORD
21588,E_WORD
21589,B_WORD
21590,I_WORD
21591,I_WORD
21592,E_WORD
21594,B_WORD
21595,I_WORD
21596,I_WORD
21597,E_WORD
21598,B_WORD
21599,I_WORD
21600,I_WORD
21601,I_WORD
21602,E_WORD
21603,B_WORD
21604,E_WORD
21605,B_WORD
21606,I_WORD
21607,I_WORD
21608,I_WORD
21609,I_WORD
21610,I_WORD
21611,I_WORD
21612,I_WORD
21613,E_WORD
21614,B_WORD
21615,I_WORD
21616,I_WORD
21617,I_WORD
21618,I_WORD
21619,E_WORD
21620,B_WORD
21621,E_WORD
21622,B_WORD
21623,I_WORD
21624,E_WORD
21625,B_WORD
21626,I_WORD
21627,I_WORD
21628,I_WORD
21629,I_WORD
21630,I_WORD
21631,E_WORD
21632,B_WORD
21633,I_WORD
21634,I_WORD
21635,I_WORD
21636,I_WORD
21637,I_WORD
21638,E_WORD
21640,B_WORD
21641,I_WORD
21642,I_WORD
21643,E_WORD
21644,B_WORD
21645,E_WORD
21646,B_WORD
21647,I_WORD
21648,I_WORD
21649,I_WORD
21650,E_WORD
21651,B_WORD
21652,I_WORD
21653,E_WORD
21654,B_WORD
21655,I_WORD
21656,E_WORD
21657,B_WORD
21658,E_WORD
21659,B_WORD
21660,I_WORD
21661,I_WORD
21662,I_WORD
21663,E_WORD
21664,B_WORD
21665,I_WORD
21666,I_WORD
21667,I_WORD
21668,E_WORD
21669,B_WORD
21670,I_WORD
21671,I_WORD
21672,I_WORD
21673,I_WORD
21674,E_WORD
21675,B_WORD
21676,I_WORD
21677,E_WORD
21678,B_WORD
21679,E_WORD
21680,B_WORD
21681,I_WORD
21682,E_WORD
21684,B_WORD
21686,B_WORD
21687,I_WORD
21688,I_WORD
21689,I_WORD
21690,I_WORD
21691,E_WORD
21692,B_WORD
21693,I_WORD
21694,E_WORD
21695,B_WORD
21696,I_WORD
21697,I_WORD
21698,E_WORD
21699,B_WORD
21700,I_WORD
21701,I_WORD
21702,I_WORD
21703,I_WORD
21704,E_WORD
21705,B_WORD
21706,I_WORD
21707,E_WORD
21708,B_WORD
21709,I_WORD
21710,I_WORD
21711,I_WORD
21712,I_WORD
21713,I_WORD
21714,I_WORD
21715,I_WORD
21716,I_WORD
21717,E_WORD
21718,B_WORD
21719,I_WORD
21720,I_WORD
21721,I_WORD
21722,E_WORD
21723,B_WORD
21724,I_WORD
21725,I_WORD
21726,E_WORD
21727,B_WORD
21728,I_WORD
21729,E_WORD
21730,B_WORD
21731,I_WORD
21732,I_WORD
21733,I_WORD
21734,I_WORD
21735,E_WORD
21736,B_WORD
21737,I_WORD
21738,I_WORD
21739,E_WORD
21740,B_WORD
21741,I_WORD
21742,I_WORD
21743,E_WORD
21744,B_WORD
21745,I_WORD
21746,I_WORD
21747,I_WORD
21748,I_WORD
21749,I_WORD
21750,E_WORD
21752,B_WORD
21753,I_WORD
21754,I_WORD
21755,I_WORD
21756,E_WORD
21757,B_WORD
21758,I_WORD
21759,E_WORD
21760,B_WORD
21761,E_WORD
21762,B_WORD
21763,I_WORD
21764,I_WORD
21765,I_WORD
21766,I_WORD
21767,I_WORD
21768,I_WORD
21769,E_WORD
21770,B_WORD
21771,I_WORD
21772,I_WORD
21773,E_WORD
21774,B_WORD
21775,I_WORD
21776,E_WORD
21777,B_WORD
21778,I_WORD
21779,I_WORD
21780,I_WORD
21781,I_WORD
21782,I_WORD
21783,I_WORD
21784,I_WORD
21785,I_WORD
21786,E_WORD
21787,B_WORD
21788,I_WORD
21789,I_WORD
21790,E_WORD
21792,B_WORD
21793,I_WORD
21794,I_WORD
21795,I_WORD
21796,I_WORD
21797,I_WORD
21798,E_WORD
21799,B_WORD
21800,I_WORD
21801,I_WORD
21802,I_WORD
21803,I_WORD
21804,I_WORD
21805,E_WORD
21806,B_WORD
21807,I_WORD
21808,E_WORD
21810,B_WORD
21811,I_WORD
21812,E_WORD
21813,B_WORD
21814,I_WORD
21815,I_WORD
21816,I_WORD
21817,I_WORD
21818,E_WORD
21819,B_WORD
21820,I_WORD
21821,I_WORD
21822,I_WORD
21823,I_WORD
21824,E_WORD
21825,B_WORD
21826,I_WORD
21827,I_WORD
21828,E_WORD
21829,B_WORD
21830,I_WORD
21831,I_WORD
21832,I_WORD
21833,I_WORD
21834,E_WORD
21835,B_WORD
21836,I_WORD
21837,E_WORD
21838,B_WORD
21839,I_WORD
21840,I_WORD
21841,I_WORD
21842,E_WORD
21843,B_WORD
21844,I_WORD
21845,I_WORD
21846,I_WORD
21847,E_WORD
21848,B_WORD
21849,I_WORD
21850,I_WORD
21851,E_WORD
21852,B_WORD
21853,I_WORD
21854,I_WORD
21855,I_WORD
21856,I_WORD
21857,I_WORD
21858,E_WORD
21859,B_WORD
21860,I_WORD
21861,E_WORD
21862,B_WORD
21863,I_WORD
21864,I_WORD
21865,I_WORD
21866,I_WORD
21867,E_WORD
21868,B_WORD
21869,I_WORD
21870,E_WORD
21871,B_WORD
21872,I_WORD
21873,I_WORD
21874,I_WORD
21875,I_WORD
21876,E_WORD
21877,B_WORD
21878,I_WORD
21879,I_WORD
21880,I_WORD
21881,I_WORD
21882,I_WORD
21883,E_WORD
21884,B_WORD
21885,I_WORD
21886,I_WORD
21887,I_WORD
21888,I_WORD
21889,I_WORD
21890,I_WORD
21891,I_WORD
21892,I_WORD
21893,I_WORD
21894,E_WORD
21895,B_WORD
21896,I_WORD
21897,E_WORD
21898,B_WORD
21899,I_WORD
21900,E_WORD
21901,B_WORD
21902,I_WORD
21903,I_WORD
21904,I_WORD
21905,E_WORD
21906,B_WORD
21907,I_WORD
21908,I_WORD
21909,I_WORD
21910,E_WORD
21911,B_WORD
21912,I_WORD
21913,I_WORD
21914,I_WORD
21915,E_WORD
21917,B_WORD
21918,I_WORD
21919,I_WORD
21920,I_WORD
21921,E_WORD
21922,B_WORD
21923,I_WORD
21924,E_WORD
21925,B_WORD
21926,I_WORD
21927,E_WORD
21928,B_WORD
21929,I_WORD
21930,E_WORD
21931,B_WORD
21932,I_WORD
21933,I_WORD
21934,E_WORD
21935,B_WORD
21936,I_WORD
21937,E_WORD
21938,B_WORD
21939,I_WORD
21940,I_WORD
21941,I_WORD
21942,I_WORD
21943,I_WORD
21944,E_WORD
21945,B_WORD
21946,I_WORD
21947,E_WORD
21948,B_WORD
21949,I_WORD
21950,I_WORD
21951,I_WORD
21952,I_WORD
21953,I_WORD
21954,E_WORD
21956,B_WORD
21957,E_WORD
21958,B_WORD
21959,I_WORD
21960,I_WORD
21961,I_WORD
21962,I_WORD
21963,I_WORD
21964,I_WORD
21965,I_WORD
21966,E_WORD
21967,B_WORD
21968,I_WORD
21969,I_WORD
21970,I_WORD
21971,I_WORD
21972,I_WORD
21973,E_WORD
21974,B_WORD
21975,I_WORD
21976,I_WORD
21977,I_WORD
21978,I_WORD
21979,E_WORD
21980,B_WORD
21981,I_WORD
21982,E_WORD
21983,B_WORD
21984,I_WORD
21985,I_WORD
21986,I_WORD
21987,E_WORD
21988,B_WORD
21989,I_WORD
21990,I_WORD
21991,I_WORD
21992,I_WORD
21993,I_WORD
21994,E_WORD
21995,B_WORD
21996,I_WORD
21997,E_WORD
21998,B_WORD
21999,I_WORD
22000,I_WORD
22001,E_WORD
22002,B_WORD
22003,I_WORD
22004,I_WORD
22005,I_WORD
22006,I_WORD
22007,I_WORD
22008,E_WORD
22009,B_WORD
22010,I_WORD
22011,E_WORD
22012,B_WORD
22013,I_WORD
22014,I_WORD
22015,E_WORD
22016,B_WORD
22017,I_WORD
22018,E_WORD
22020,B_WORD
22022,B_WORD
22023,I_WORD
22024,I_WORD
22025,I_WORD
22026,I_WORD
22027,E_WORD
22029,B_WORD
22030,B_WORD
22031,E_WORD
22032,B_WORD
22033,B_WORD
22034,I_WORD
22035,I_WORD
22036,E_WORD
22037,B_WORD
22038,E_WORD
22040,B_WORD
22041,I_WORD
22042,I_WORD
22043,I_WORD
22044,E_WORD
22046,B_WORD
22047,I_WORD
22048,I_WORD
22049,E_WORD
22050,B_WORD
22051,I_WORD
22052,I_WORD
22053,I_WORD
22054,I_WORD
22055,E_WORD
22056,B_WORD
22057,I_WORD
22058,E_WORD
22059,B_WORD
22060,I_WORD
22061,I_WORD
22062,I_WORD
22063,E_WORD
22064,B_WORD
22065,I_WORD
22066,E_WORD
22068,B_WORD
22070,B_WORD
22071,I_WORD
22072,I_WORD
22073,I_WORD
22074,I_WORD
22075,I_WORD
22076,E_WORD
22077,B_WORD
22078,I_WORD
22079,I_WORD
22080,E_WORD
22081,B_WORD
22082,I_WORD
22083,E_WORD
22085,B_WORD
22086,E_WORD
22087,B_WORD
22088,B_WORD
22089,E_WORD
22091,B_WORD
22092,I_WORD
22093,I_WORD
22094,I_WORD
22095,E_WORD
22097,B_WORD
22098,I_WORD
22099,I_WORD
22100,I_WORD
22101,I_WORD
22102,E_WORD
22103,B_WORD
22104,I_WORD
22105,E_WORD
22107,B_WORD
22108,I_WORD
22109,I_WORD
22110,E_WORD
22111,B_WORD
22112,I_WORD
22113,I_WORD
22114,I_WORD
22115,I_WORD
22116,I_WORD
22117,I_WORD
22118,I_WORD
22119,I_WORD
22120,I_WORD
22121,I_WORD
22122,I_WORD
22123,E_WORD
22125,B_WORD
22126,I_WORD
22127,E_WORD
22128,B_WORD
22129,I_WORD
22130,I_WORD
22131,I_WORD
22132,I_WORD
22133,E_WORD
22134,B_WORD
22135,I_WORD
22136,E_WORD
22137,B_WORD
22138,I_WORD
22139,I_WORD
22140,I_WORD
22141,I_WORD
22142,I_WORD
22143,I_WORD
22144,I_WORD
22145,I_WORD
22146,E_WORD
22147,B_WORD
22148,I_WORD
22149,I_WORD
22150,I_WORD
22151,I_WORD
22152,E_WORD
22153,B_WORD
22154,I_WORD
22155,E_WORD
22156,B_WORD
22157,I_WORD
22158,E_WORD
22159,B_WORD
22160,I_WORD
22161,I_WORD
22162,I_WORD
22163,I_WORD
22164,I_WORD
22165,E_WORD
22166,B_WORD
22167,I_WORD
22168,I_WORD
22169,I_WORD
22170,I_WORD
22171,I_WORD
22172,E_WORD
22173,B_WORD
22174,I_WORD
22175,I_WORD
22176,E_WORD
22177,B_WORD
22178,I_WORD
22179,I_WORD
22180,I_WORD
22181,I_WORD
22182,E_WORD
22183,B_WORD
22184,I_WORD
22185,E_WORD
22186,B_WORD
22187,I_WORD
22188,I_WORD
22189,I_WORD
22190,E_WORD
22191,B_WORD
22192,I_WORD
22193,I_WORD
22194,E_WORD
22195,B_WORD
22196,I_WORD
22197,E_WORD
22198,B_WORD
22199,I_WORD
22200,E_WORD
22201,B_WORD
22202,I_WORD
22203,I_WORD
22204,I_WORD
22205,I_WORD
22206,I_WORD
22207,I_WORD
22208,I_WORD
22209,E_WORD
22210,B_WORD
22211,I_WORD
22212,I_WORD
22213,I_WORD
22214,I_WORD
22215,I_WORD
22216,I_WORD
22217,I_WORD
22218,I_WORD
22219,I_WORD
22220,I_WORD
22221,I_WORD
22222,I_WORD
22223,I_WORD
22224,I_WORD
22225,I_WORD
22226,I_WORD
22227,I_WORD
22228,I_WORD
22229,E_WORD
22230,B_WORD
22231,I_WORD
22232,I_WORD
22233,I_WORD
22234,I_WORD
22235,I_WORD
22236,E_WORD
22237,B_WORD
22238,I_WORD
22239,I_WORD
22240,E_WORD
22242,B_WORD
22243,I_WORD
22244,I_WORD
22245,I_WORD
22246,I_WORD
22247,E_WORD
22249,B_WORD
22250,I_WORD
22251,I_WORD
22252,I_WORD
22253,I_WORD
22254,I_WORD
22255,I_WORD
22256,E_WORD
22257,B_WORD
22258,I_WORD
22259,I_WORD
22260,I_WORD
22261,I_WORD
22262,I_WORD
22263,E_WORD
22264,B_WORD
22265,I_WORD
22266,I_WORD
22267,I_WORD
22268,E_WORD
22269,B_WORD
22270,I_WORD
22271,I_WORD
22272,I_WORD
22273,I_WORD
22274,I_WORD
22275,I_WORD
22276,I_WORD
22277,I_WORD
22278,E_WORD
22280,B_WORD
22281,I_WORD
22282,I_WORD
22283,E_WORD
22285,B_WORD
22286,I_WORD
22287,I_WORD
22288,E_WORD
22289,B_WORD
22290,I_WORD
22291,I_WORD
22292,E_WORD
22293,B_WORD
22294,I_WORD
22295,I_WORD
22296,I_WORD
22297,I_WORD
22298,I_WORD
22299,I_WORD
22300,I_WORD
22301,I_WORD
22302,E_WORD
22303,B_WORD
22304,I_WORD
22305,I_WORD
22306,I_WORD
22307,I_WORD
22308,I_WORD
22309,I_WORD
22310,E_WORD
22311,B_WORD
22312,I_WORD
22313,I_WORD
22314,I_WORD
22315,I_WORD
22316,I_WORD
22317,I_WORD
22318,I_WORD
22319,I_WORD
22320,I_WORD
22321,I_WORD
22322,I_WORD
22323,E_WORD
22324,B_WORD
22325,I_WORD
22326,E_WORD
22328,B_WORD
22329,I_WORD
22330,I_WORD
22331,I_WORD
22332,I_WORD
22333,E_WORD
22335,B_WORD
22336,E_WORD
22337,B_WORD
22338,B_WORD
22339,E_WORD
22341,B_WORD
22342,I_WORD
22343,E_WORD
22344,B_WORD
22345,I_WORD
22346,I_WORD
22347,I_WORD
22348,E_WORD
22349,B_WORD
22350,I_WORD
22351,I_WORD
22352,I_WORD
22353,E_WORD
22354,B_WORD
22355,I_WORD
22356,I_WORD
22357,I_WORD
22358,I_WORD
22359,I_WORD
22360,I_WORD
22361,E_WORD
22363,B_WORD
22364,I_WORD
22365,E_WORD
22367,B_WORD
22368,I_WORD
22369,E_WORD
22370,B_WORD
22371,I_WORD
22372,I_WORD
22373,I_WORD
22374,I_WORD
22375,I_WORD
22376,E_WORD
22377,B_WORD
22378,E_WORD
22379,B_WORD
22380,I_WORD
22381,I_WORD
22382,E_WORD
22383,B_WORD
22384,I_WORD
22385,I_WORD
22386,I_WORD
22387,I_WORD
22388,E_WORD
22389,B_WORD
22390,I_WORD
22391,E_WORD
22392,B_WORD
22393,I_WORD
22394,I_WORD
22395,I_WORD
22396,I_WORD
22397,I_WORD
22398,E_WORD
22399,B_WORD
22400,I_WORD
22401,I_WORD
22402,E_WORD
22404,B_WORD
22405,I_WORD
22406,I_WORD
22407,E_WORD
22408,B_WORD
22409,I_WORD
22410,I_WORD
22411,I_WORD
22412,I_WORD
22413,I_WORD
22414,E_WORD
22415,B_WORD
22416,I_WORD
22417,I_WORD
22418,I_WORD
22419,I_WORD
22420,I_WORD
22421,E_WORD
22422,B_WORD
22423,I_WORD
22424,E_WORD
22425,B_WORD
22426,I_WORD
22427,I_WORD
22428,I_WORD
22429,I_WORD
22430,I_WORD
22431,E_WORD
22432,B_WORD
22433,E_WORD
22434,B_WORD
22435,I_WORD
22436,E_WORD
22437,B_WORD
22438,I_WORD
22439,E_WORD
22440,B_WORD
22441,I_WORD
22442,E_WORD
22443,B_WORD
22444,I_WORD
22445,I_WORD
22446,E_WORD
22447,B_WORD
22448,I_WORD
22449,I_WORD
22450,I_WORD
22451,I_WORD
22452,I_WORD
22453,E_WORD
22454,B_WORD
22455,I_WORD
22456,E_WORD
22457,B_WORD
22458,I_WORD
22459,E_WORD
22461,B_WORD
22462,I_WORD
22463,I_WORD
22464,E_WORD
22465,B_WORD
22466,I_WORD
22467,E_WORD
22468,B_WORD
22469,I_WORD
22470,E_WORD
22471,B_WORD
22472,I_WORD
22473,E_WORD
22474,B_WORD
22475,I_WORD
22476,E_WORD
22477,B_WORD
22478,I_WORD
22479,I_WORD
22480,I_WORD
22481,I_WORD
22482,E_WORD
22484,B_WORD
22486,B_WORD
22487,I_WORD
22488,I_WORD
22489,E_WORD
22491,B_WORD
22492,E_WORD
22493,B_WORD
22494,I_WORD
22495,I_WORD
22496,I_WORD
22497,I_WORD
22498,E_WORD
22500,B_WORD
22501,I_WORD
22502,I_WORD
22503,I_WORD
22504,I_WORD
22505,I_WORD
22506,E_WORD
22507,B_WORD
22508,I_WORD
22509,I_WORD
22510,I_WORD
22511,I_WORD
22512,E_WORD
22513,B_WORD
22514,I_WORD
22515,E_WORD
22516,B_WORD
22517,I_WORD
22518,I_WORD
22519,I_WORD
22520,I_WORD
22521,E_WORD
22522,B_WORD
22523,I_WORD
22524,E_WORD
22525,B_WORD
22526,E_WORD
22527,B_WORD
22528,I_WORD
22529,I_WORD
22530,E_WORD
22531,B_WORD
22532,I_WORD
22533,I_WORD
22534,I_WORD
22535,I_WORD
22536,I_WORD
22537,E_WORD
22538,B_WORD
22539,I_WORD
22540,I_WORD
22541,I_WORD
22542,E_WORD
22544,B_WORD
22545,I_WORD
22546,I_WORD
22547,I_WORD
22548,E_WORD
22549,B_WORD
22550,I_WORD
22551,E_WORD
22552,B_WORD
22553,I_WORD
22554,I_WORD
22555,I_WORD
22556,I_WORD
22557,E_WORD
22558,B_WORD
22559,I_WORD
22560,I_WORD
22561,E_WORD
22562,B_WORD
22563,I_WORD
22564,I_WORD
22565,E_WORD
22566,B_WORD
22567,I_WORD
22568,E_WORD
22569,B_WORD
22570,I_WORD
22571,I_WORD
22572,I_WORD
22573,I_WORD
22574,E_WORD
22575,B_WORD
22576,I_WORD
22577,I_WORD
22578,I_WORD
22579,I_WORD
22580,I_WORD
22581,E_WORD
22583,B_WORD
22585,B_WORD
22586,I_WORD
22587,I_WORD
22588,I_WORD
22589,E_WORD
22591,B_WORD
22593,B_WORD
22594,I_WORD
22595,E_WORD
22596,B_WORD
22597,I_WORD
22598,E_WORD
22599,B_WORD
22600,I_WORD
22601,I_WORD
22602,E_WORD
22604,B_WORD
22605,I_WORD
22606,I_WORD
22607,E_WORD
22609,B_WORD
22610,I_WORD
22611,I_WORD
22612,E_WORD
22613,B_WORD
22614,I_WORD
22615,I_WORD
22616,I_WORD
22617,I_WORD
22618,I_WORD
22619,E_WORD
22621,B_WORD
22623,B_WORD
22624,I_WORD
22625,I_WORD
22626,E_WORD
22628,B_WORD
22630,B_WORD
22632,B_WORD
22633,I_WORD
22634,I_WORD
22635,I_WORD
22636,E_WORD
22638,B_WORD
22640,B_WORD
22641,I_WORD
22642,E_WORD
22644,B_WORD
22645,I_WORD
22646,E_WORD
22647,B_WORD
22648,I_WORD
22649,I_WORD
22650,E_WORD
22652,B_WORD
22653,I_WORD
22654,I_WORD
22655,E_WORD
22657,B_WORD
22658,I_WORD
22659,I_WORD
22660,E_WORD
22661,B_WORD
22662,I_WORD
22663,I_WORD
22664,I_WORD
22665,I_WORD
22666,I_WORD
22667,E_WORD
22669,B_WORD
22671,B_WORD
22672,I_WORD
22673,I_WORD
22674,E_WORD
22676,B_WORD
22678,B_WORD
22679,I_WORD
22680,E_WORD
22681,B_WORD
22682,I_WORD
22683,I_WORD
22684,E_WORD
22685,B_WORD
22686,I_WORD
22687,E_WORD
22688,B_WORD
22689,I_WORD
22690,I_WORD
22691,I_WORD
22692,I_WORD
22693,E_WORD
22695,B_WORD
22696,I_WORD
22697,I_WORD
22698,E_WORD
22700,B_WORD
22701,I_WORD
22702,E_WORD
22703,B_WORD
22704,I_WORD
22705,E_WORD
22706,B_WORD
22707,E_WORD
22708,B_WORD
22709,I_WORD
22710,I_WORD
22711,I_WORD
22712,I_WORD
22713,I_WORD
22714,E_WORD
22715,B_WORD
22716,E_WORD
22717,B_WORD
22718,I_WORD
22719,E_WORD
22720,B_WORD
22721,I_WORD
22722,E_WORD
22723,B_WORD
22724,I_WORD
22725,I_WORD
22726,I_WORD
22727,E_WORD
22728,B_WORD
22729,I_WORD
22730,I_WORD
22731,I_WORD
22732,I_WORD
22733,E_WORD
22734,B_WORD
22735,I_WORD
22736,E_WORD
22738,B_WORD
22740,B_WORD
22741,E_WORD
22743,B_WORD
22744,I_WORD
22745,I_WORD
22746,E_WORD
22748,B_WORD
22750,B_WORD
22751,I_WORD
22752,I_WORD
22753,I_WORD
22754,I_WORD
22755,E_WORD
22757,B_WORD
22758,I_WORD
22759,I_WORD
22760,I_WORD
22761,E_WORD
22763,B_WORD
22764,I_WORD
22765,I_WORD
22766,E_WORD
22767,B_WORD
22768,I_WORD
22769,I_WORD
22770,I_WORD
22771,E_WORD
22773,B_WORD
22774,I_WORD
22775,I_WORD
22776,I_WORD
22777,I_WORD
22778,I_WORD
22779,I_WORD
22780,E_WORD
22781,B_WORD
22782,I_WORD
22783,I_WORD
22784,I_WORD
22785,I_WORD
22786,E_WORD
22787,B_WORD
22788,I_WORD
22789,I_WORD
22790,I_WORD
22791,I_WORD
22792,I_WORD
22793,I_WORD
22794,I_WORD
22795,I_WORD
22796,I_WORD
22797,I_WORD
22798,I_WORD
22799,I_WORD
22800,E_WORD
22802,B_WORD
22803,I_WORD
22804,I_WORD
22805,I_WORD
22806,I_WORD
22807,I_WORD
22808,I_WORD
22809,E_WORD
22810,B_WORD
22811,I_WORD
22812,I_WORD
22813,E_WORD
22814,B_WORD
22815,I_WORD
22816,I_WORD
22817,I_WORD
22818,E_WORD
22819,B_WORD
22820,E_WORD
22821,B_WORD
22822,I_WORD
22823,E_WORD
22824,B_WORD
22825,I_WORD
22826,I_WORD
22827,E_WORD
22828,B_WORD
22829,I_WORD
22830,I_WORD
22831,I_WORD
22832,I_WORD
22833,I_WORD
22834,I_WORD
22835,I_WORD
22836,I_WORD
22837,I_WORD
22838,E_WORD
22840,B_WORD
22842,B_WORD
22843,I_WORD
22844,I_WORD
22845,E_WORD
22847,B_WORD
22849,B_WORD
22850,I_WORD
22851,E_WORD
22852,B_WORD
22853,I_WORD
22854,E_WORD
22855,B_WORD
22856,E_WORD
22857,B_WORD
22858,I_WORD
22859,I_WORD
22860,I_WORD
22861,I_WORD
22862,I_WORD
22863,I_WORD
22864,I_WORD
22865,I_WORD
22866,I_WORD
22867,E_WORD
22869,B_WORD
22870,I_WORD
22871,I_WORD
22872,E_WORD
22874,B_WORD
22875,I_WORD
22876,I_WORD
22877,I_WORD
22878,I_WORD
22879,I_WORD
22880,I_WORD
22881,I_WORD
22882,E_WORD
22883,B_WORD
22884,I_WORD
22885,I_WORD
22886,E_WORD
22887,B_WORD
22888,I_WORD
22889,I_WORD
22890,I_WORD
22891,I_WORD
22892,I_WORD
22893,I_WORD
22894,I_WORD
22895,I_WORD
22896,I_WORD
22897,I_WORD
22898,I_WORD
22899,I_WORD
22900,I_WORD
22901,E_WORD
22902,B_WORD
22903,I_WORD
22904,E_WORD
22906,B_WORD
22907,I_WORD
22908,I_WORD
22909,I_WORD
22910,I_WORD
22911,I_WORD
22912,I_WORD
22913,I_WORD
22914,E_WORD
22916,B_WORD
22917,I_WORD
22918,E_WORD
22919,B_WORD
22920,I_WORD
22921,E_WORD
22922,B_WORD
22923,E_WORD
22924,B_WORD
22925,I_WORD
22926,I_WORD
22927,E_WORD
22928,B_WORD
22929,I_WORD
22930,E_WORD
22932,B_WORD
22933,I_WORD
22934,E_WORD
22935,B_WORD
22936,I_WORD
22937,I_WORD
22938,E_WORD
22940,B_WORD
22941,I_WORD
22942,I_WORD
22943,E_WORD
22945,B_WORD
22946,I_WORD
22947,I_WORD
22948,E_WORD
22949,B_WORD
22950,I_WORD
22951,I_WORD
22952,I_WORD
22953,E_WORD
22954,B_WORD
22955,I_WORD
22956,E_WORD
22957,B_WORD
22958,I_WORD
22959,I_WORD
22960,I_WORD
22961,I_WORD
22962,I_WORD
22963,I_WORD
22964,I_WORD
22965,I_WORD
22966,I_WORD
22967,I_WORD
22968,E_WORD
22970,B_WORD
22971,I_WORD
22972,E_WORD
22973,B_WORD
22974,I_WORD
22975,E_WORD
22976,B_WORD
22977,I_WORD
22978,I_WORD
22979,I_WORD
22980,I_WORD
22981,I_WORD
22982,I_WORD
22983,I_WORD
22984,E_WORD
22985,B_WORD
22986,I_WORD
22987,I_WORD
22988,E_WORD
22990,B_WORD
22991,I_WORD
22992,I_WORD
22993,E_WORD
22994,B_WORD
22995,I_WORD
22996,E_WORD
22997,B_WORD
22998,I_WORD
22999,I_WORD
23000,I_WORD
23001,I_WORD
23002,I_WORD
23003,E_WORD
23004,B_WORD
23005,I_WORD
23006,E_WORD
23007,B_WORD
23008,I_WORD
23009,I_WORD
23010,I_WORD
23011,I_WORD
23012,E_WORD
23014,B_WORD
23015,I_WORD
23016,I_WORD
23017,I_WORD
23018,E_WORD
23019,B_WORD
23020,I_WORD
23021,E_WORD
23022,B_WORD
23023,I_WORD
23024,E_WORD
23026,B_WORD
23027,I_WORD
23028,I_WORD
23029,I_WORD
23030,I_WORD
23031,E_WORD
23032,B_WORD
23033,I_WORD
23034,E_WORD
23035,B_WORD
23036,I_WORD
23037,E_WORD
23038,B_WORD
23039,E_WORD
23040,B_WORD
23041,I_WORD
23042,E_WORD
23043,B_WORD
23044,I_WORD
23045,I_WORD
23046,I_WORD
23047,I_WORD
23048,I_WORD
23049,I_WORD
23050,I_WORD
23051,E_WORD
23052,B_WORD
23053,I_WORD
23054,I_WORD
23055,E_WORD
23056,B_WORD
23057,I_WORD
23058,E_WORD
23059,B_WORD
23060,I_WORD
23061,I_WORD
23062,I_WORD
23063,I_WORD
23064,I_WORD
23065,I_WORD
23066,I_WORD
23067,I_WORD
23068,I_WORD
23069,I_WORD
23070,E_WORD
23072,B_WORD
23073,I_WORD
23074,I_WORD
23075,E_WORD
23077,B_WORD
23078,I_WORD
23079,I_WORD
23080,I_WORD
23081,I_WORD
23082,I_WORD
23083,E_WORD
23085,B_WORD
23086,I_WORD
23087,I_WORD
23088,I_WORD
23089,I_WORD
23090,I_WORD
23091,I_WORD
23092,E_WORD
23094,B_WORD
23095,I_WORD
23096,E_WORD
23097,B_WORD
23098,E_WORD
23099,B_WORD
23100,E_WORD
23101,B_WORD
23102,I_WORD
23103,E_WORD
23104,B_WORD
23105,I_WORD
23106,I_WORD
23107,E_WORD
23108,B_WORD
23109,I_WORD
23110,E_WORD
23112,B_WORD
23113,I_WORD
23114,I_WORD
23115,I_WORD
23116,I_WORD
23117,I_WORD
23118,I_WORD
23119,I_WORD
23120,I_WORD
23121,I_WORD
23122,I_WORD
23123,E_WORD
23124,B_WORD
23125,E_WORD
23126,B_WORD
23127,I_WORD
23128,E_WORD
23129,B_WORD
23130,I_WORD
23131,I_WORD
23132,I_WORD
23133,I_WORD
23134,I_WORD
23135,I_WORD
23136,I_WORD
23137,I_WORD
23138,E_WORD
23139,B_WORD
23140,I_WORD
23141,I_WORD
23142,I_WORD
23143,I_WORD
23144,I_WORD
23145,I_WORD
23146,I_WORD
23147,E_WORD
23148,B_WORD
23149,I_WORD
23150,I_WORD
23151,E_WORD
23153,B_WORD
23154,I_WORD
23155,I_WORD
23156,I_WORD
23157,E_WORD
23158,B_WORD
23159,I_WORD
23160,I_WORD
23161,E_WORD
23162,B_WORD
23163,I_WORD
23164,I_WORD
23165,I_WORD
23166,E_WORD
23168,B_WORD
23169,E_WORD
23170,B_WORD
23171,E_WORD
23172,B_WORD
23173,I_WORD
23174,I_WORD
23175,E_WORD
23176,B_WORD
23177,I_WORD
23178,E_WORD
23179,B_WORD
23180,I_WORD
23181,I_WORD
23182,I_WORD
23183,I_WORD
23184,I_WORD
23185,I_WORD
23186,I_WORD
23187,I_WORD
23188,E_WORD
23190,B_WORD
23192,B_WORD
23193,I_WORD
23194,I_WORD
23195,I_WORD
23196,I_WORD
23197,I_WORD
23198,I_WORD
23199,I_WORD
23200,I_WORD
23201,I_WORD
23202,E_WORD
23203,B_WORD
23204,I_WORD
23205,I_WORD
23206,E_WORD
23207,B_WORD
23208,E_WORD
23209,B_WORD
23210,I_WORD
23211,I_WORD
23212,I_WORD
23213,I_WORD
23214,I_WORD
23215,I_WORD
23216,I_WORD
23217,I_WORD
23218,E_WORD
23219,B_WORD
23220,E_WORD
23221,B_WORD
23222,I_WORD
23223,I_WORD
23224,I_WORD
23225,I_WORD
23226,I_WORD
23227,I_WORD
23228,I_WORD
23229,E_WORD
23230,B_WORD
23231,I_WORD
23232,I_WORD
23233,I_WORD
23234,I_WORD
23235,I_WORD
23236,I_WORD
23237,E_WORD
23239,B_WORD
23240,I_WORD
23241,E_WORD
23242,B_WORD
23243,I_WORD
23244,I_WORD
23245,I_WORD
23246,I_WORD
23247,I_WORD
23248,I_WORD
23249,I_WORD
23250,I_WORD
23251,I_WORD
23252,E_WORD
23253,B_WORD
23254,I_WORD
23255,I_WORD
23256,I_WORD
23257,I_WORD
23258,I_WORD
23259,I_WORD
23260,I_WORD
23261,I_WORD
23262,E_WORD
23263,B_WORD
23264,I_WORD
23265,I_WORD
23266,I_WORD
23267,I_WORD
23268,I_WORD
23269,I_WORD
23270,I_WORD
23271,I_WORD
23272,E_WORD
23274,B_WORD
23275,I_WORD
23276,E_WORD
23277,B_WORD
23278,I_WORD
23279,I_WORD
23280,I_WORD
23281,I_WORD
23282,E_WORD
23283,B_WORD
23284,I_WORD
23285,I_WORD
23286,E_WORD
23288,B_WORD
23289,E_WORD
23290,B_WORD
23291,I_WORD
23292,E_WORD
23293,B_WORD
23294,I_WORD
23295,E_WORD
23296,B_WORD
23297,I_WORD
23298,I_WORD
23299,I_WORD
23300,I_WORD
23301,E_WORD
23302,B_WORD
23303,E_WORD
23304,B_WORD
23305,I_WORD
23306,E_WORD
23307,B_WORD
23308,I_WORD
23309,I_WORD
23310,I_WORD
23311,I_WORD
23312,I_WORD
23313,E_WORD
23315,B_WORD
23316,I_WORD
23317,I_WORD
23318,E_WORD
23319,B_WORD
23320,I_WORD
23321,I_WORD
23322,I_WORD
23323,I_WORD
23324,I_WORD
23325,I_WORD
23326,I_WORD
23327,I_WORD
23328,I_WORD
23329,I_WORD
23330,E_WORD
23331,B_WORD
23332,I_WORD
23333,E_WORD
23334,B_WORD
23335,I_WORD
23336,I_WORD
23337,I_WORD
23338,I_WORD
23339,I_WORD
23340,E_WORD
23341,B_WORD
23342,I_WORD
23343,E_WORD
23344,B_WORD
23345,E_WORD
23346,B_WORD
23347,I_WORD
23348,I_WORD
23349,E_WORD
23350,B_WORD
23351,E_WORD
23352,B_WORD
23353,I_WORD
23354,I_WORD
23355,E_WORD
23357,B_WORD
23358,E_WORD
23359,B_WORD
23360,I_WORD
23361,I_WORD
23362,E_WORD
23363,B_WORD
23364,E_WORD
23365,B_WORD
23366,I_WORD
23367,E_WORD
23368,B_WORD
23369,I_WORD
23370,I_WORD
23371,E_WORD
23372,B_WORD
23373,I_WORD
23374,I_WORD
23375,I_WORD
23376,I_WORD
23377,I_WORD
23378,I_WORD
23379,I_WORD
23380,I_WORD
23381,I_WORD
23382,I_WORD
23383,E_WORD
23385,B_WORD
23386,E_WORD
23387,B_WORD
23388,I_WORD
23389,E_WORD
23390,B_WORD
23391,I_WORD
23392,I_WORD
23393,I_WORD
23394,I_WORD
23395,E_WORD
23396,B_WORD
23397,I_WORD
23398,I_WORD
23399,E_WORD
23401,B_WORD
23402,E_WORD
23403,B_WORD
23404,I_WORD
23405,E_WORD
23406,B_WORD
23407,I_WORD
23408,E_WORD
23409,B_WORD
23410,I_WORD
23411,E_WORD
23412,B_WORD
23413,I_WORD
23414,E_WORD
23415,B_WORD
23416,I_WORD
23417,I_WORD
23418,I_WORD
23419,E_WORD
23420,B_WORD
23421,E_WORD
23422,B_WORD
23423,E_WORD
23424,B_WORD
23425,I_WORD
23426,E_WORD
23427,B_WORD
23428,I_WORD
23429,I_WORD
23430,I_WORD
23431,I_WORD
23432,I_WORD
23433,I_WORD
23434,E_WORD
23436,B_WORD
23437,I_WORD
23438,E_WORD
23439,B_WORD
23440,E_WORD
23441,B_WORD
23442,I_WORD
23443,E_WORD
23444,B_WORD
23445,I_WORD
23446,I_WORD
23447,I_WORD
23448,I_WORD
23449,I_WORD
23450,I_WORD
23451,I_WORD
23452,I_WORD
23453,I_WORD
23454,I_WORD
23455,E_WORD
23457,B_WORD
23458,E_WORD
23459,B_WORD
23460,E_WORD
23461,B_WORD
23462,I_WORD
23463,E_WORD
23464,B_WORD
23465,E_WORD
23466,B_WORD
23467,I_WORD
23468,E_WORD
23469,B_WORD
23470,I_WORD
23471,I_WORD
23472,I_WORD
23473,I_WORD
23474,I_WORD
23475,E_WORD
23477,B_WORD
23479,B_WORD
23480,I_WORD
23481,I_WORD
23482,I_WORD
23483,I_WORD
23484,E_WORD
23486,B_WORD
23487,I_WORD
23488,I_WORD
23489,I_WORD
23490,E_WORD
23492,B_WORD
23493,I_WORD
23494,I_WORD
23495,I_WORD
23496,E_WORD
23498,B_WORD
23499,I_WORD
23500,I_WORD
23501,I_WORD
23502,I_WORD
23503,I_WORD
23504,I_WORD
23505,E_WORD
23506,B_WORD
23507,I_WORD
23508,I_WORD
23509,I_WORD
23510,I_WORD
23511,E_WORD
23513,B_WORD
23514,I_WORD
23515,I_WORD
23516,E_WORD
23517,B_WORD
23518,I_WORD
23519,I_WORD
23520,I_WORD
23521,I_WORD
23522,I_WORD
23523,I_WORD
23524,I_WORD
23525,I_WORD
23526,E_WORD
23527,B_WORD
23528,I_WORD
23529,I_WORD
23530,I_WORD
23531,I_WORD
23532,I_WORD
23533,E_WORD
23535,B_WORD
23536,I_WORD
23537,E_WORD
23538,B_WORD
23539,E_WORD
23540,B_WORD
23541,I_WORD
23542,I_WORD
23543,I_WORD
23544,I_WORD
23545,I_WORD
23546,E_WORD
23547,B_WORD
23548,E_WORD
23549,B_WORD
23550,I_WORD
23551,E_WORD
23552,B_WORD
23553,I_WORD
23554,I_WORD
23555,E_WORD
23557,B_WORD
23558,I_WORD
23559,I_WORD
23560,E_WORD
23562,B_WORD
23563,I_WORD
23564,I_WORD
23565,I_WORD
23566,E_WORD
23567,B_WORD
23568,I_WORD
23569,E_WORD
23570,B_WORD
23571,I_WORD
23572,E_WORD
23574,B_WORD
23575,I_WORD
23576,I_WORD
23577,I_WORD
23578,I_WORD
23579,I_WORD
23580,I_WORD
23581,I_WORD
23582,E_WORD
23583,B_WORD
23584,I_WORD
23585,I_WORD
23586,E_WORD
23587,B_WORD
23588,I_WORD
23589,E_WORD
23590,B_WORD
23591,I_WORD
23592,E_WORD
23593,B_WORD
23594,E_WORD
23595,B_WORD
23596,I_WORD
23597,E_WORD
23598,B_WORD
23599,I_WORD
23600,I_WORD
23601,I_WORD
23602,I_WORD
23603,I_WORD
23604,E_WORD
23605,B_WORD
23606,I_WORD
23607,I_WORD
23608,I_WORD
23609,I_WORD
23610,I_WORD
23611,I_WORD
23612,I_WORD
23613,I_WORD
23614,I_WORD
23615,I_WORD
23616,I_WORD
23617,I_WORD
23618,I_WORD
23619,I_WORD
23620,I_WORD
23621,I_WORD
23622,I_WORD
23623,E_WORD
23624,B_WORD
23625,I_WORD
23626,I_WORD
23627,I_WORD
23628,I_WORD
23629,E_WORD
23630,B_WORD
23631,E_WORD
23632,B_WORD
23633,I_WORD
23634,I_WORD
23635,I_WORD
23636,I_WORD
23637,I_WORD
23638,I_WORD
23639,I_WORD
23640,E_WORD
23641,B_WORD
23642,E_WORD
23643,B_WORD
23644,I_WORD
23645,I_WORD
23646,I_WORD
23647,I_WORD
23648,I_WORD
23649,E_WORD
23651,B_WORD
23652,I_WORD
23653,I_WORD
23654,I_WORD
23655,I_WORD
23656,E_WORD
23658,B_WORD
23659,I_WORD
23660,I_WORD
23661,I_WORD
23662,E_WORD
23664,B_WORD
23665,I_WORD
23666,I_WORD
23667,I_WORD
23668,I_WORD
23669,I_WORD
23670,I_WORD
23671,E_WORD
23673,B_WORD
23674,E_WORD
23675,B_WORD
23676,I_WORD
23677,E_WORD
23678,B_WORD
23679,I_WORD
23680,E_WORD
23682,B_WORD
23683,I_WORD
23684,E_WORD
23685,B_WORD
23686,I_WORD
23687,I_WORD
23688,E_WORD
23689,B_WORD
23690,I_WORD
23691,E_WORD
23693,B_WORD
23694,I_WORD
23695,I_WORD
23696,I_WORD
23697,I_WORD
23698,I_WORD
23699,I_WORD
23700,I_WORD
23701,I_WORD
23702,I_WORD
23703,I_WORD
23704,E_WORD
23705,B_WORD
23706,E_WORD
23707,B_WORD
23708,I_WORD
23709,I_WORD
23710,I_WORD
23711,I_WORD
23712,I_WORD
23713,I_WORD
23714,I_WORD
23715,I_WORD
23716,I_WORD
23717,E_WORD
23718,B_WORD
23719,I_WORD
23720,I_WORD
23721,I_WORD
23722,I_WORD
23723,I_WORD
23724,E_WORD
23726,B_WORD
23727,I_WORD
23728,E_WORD
23729,B_WORD
23730,I_WORD
23731,I_WORD
23732,I_WORD
23733,I_WORD
23734,E_WORD
23735,B_WORD
23736,E_WORD
23737,B_WORD
23738,E_WORD
23739,B_WORD
23740,I_WORD
23741,E_WORD
23742,B_WORD
23743,E_WORD
23745,B_WORD
23746,I_WORD
23747,I_WORD
23748,I_WORD
23749,E_WORD
23750,B_WORD
23751,I_WORD
23752,E_WORD
23753,B_WORD
23754,I_WORD
23755,E_WORD
23757,B_WORD
23758,I_WORD
23759,E_WORD
23760,B_WORD
23761,E_WORD
23762,B_WORD
23763,I_WORD
23764,E_WORD
23765,B_WORD
23766,E_WORD
23767,B_WORD
23768,I_WORD
23769,I_WORD
23770,E_WORD
23771,B_WORD
23772,I_WORD
23773,I_WORD
23774,I_WORD
23775,I_WORD
23776,I_WORD
23777,I_WORD
23778,I_WORD
23779,I_WORD
23780,I_WORD
23781,I_WORD
23782,I_WORD
23783,I_WORD
23784,I_WORD
23785,E_WORD
23786,B_WORD
23787,I_WORD
23788,I_WORD
23789,E_WORD
23790,B_WORD
23791,I_WORD
23792,I_WORD
23793,I_WORD
23794,I_WORD
23795,I_WORD
23796,I_WORD
23797,I_WORD
23798,I_WORD
23799,E_WORD
23800,B_WORD
23801,E_WORD
23802,B_WORD
23803,I_WORD
23804,I_WORD
23805,E_WORD
23806,B_WORD
23807,I_WORD
23808,I_WORD
23809,I_WORD
23810,I_WORD
23811,I_WORD
23812,E_WORD
23814,B_WORD
23815,I_WORD
23816,I_WORD
23817,I_WORD
23818,I_WORD
23819,E_WORD
23821,B_WORD
23822,I_WORD
23823,I_WORD
23824,I_WORD
23825,E_WORD
23827,B_WORD
23828,I_WORD
23829,I_WORD
23830,I_WORD
23831,I_WORD
23832,I_WORD
23833,I_WORD
23834,E_WORD
23836,B_WORD
23837,E_WORD
23838,B_WORD
23839,I_WORD
23840,E_WORD
23841,B_WORD
23842,E_WORD
23844,B_WORD
23845,I_WORD
23846,E_WORD
23847,B_WORD
23848,I_WORD
23849,E_WORD
23850,B_WORD
23851,I_WORD
23852,E_WORD
23853,B_WORD
23854,I_WORD
23855,I_WORD
23856,E_WORD
23857,B_WORD
23858,I_WORD
23859,I_WORD
23860,I_WORD
23861,E_WORD
23862,B_WORD
23863,I_WORD
23864,I_WORD
23865,I_WORD
23866,I_WORD
23867,E_WORD
23869,B_WORD
23870,I_WORD
23871,I_WORD
23872,E_WORD
23873,B_WORD
23874,I_WORD
23875,I_WORD
23876,I_WORD
23877,I_WORD
23878,E_WORD
23879,B_WORD
23880,I_WORD
23881,I_WORD
23882,I_WORD
23883,E_WORD
23884,B_WORD
23885,I_WORD
23886,E_WORD
23888,B_WORD
23889,I_WORD
23890,I_WORD
23891,E_WORD
23893,B_WORD
23894,I_WORD
23895,I_WORD
23896,I_WORD
23897,I_WORD
23898,I_WORD
23899,I_WORD
23900,E_WORD
23902,B_WORD
23903,E_WORD
23904,B_WORD
23905,I_WORD
23906,I_WORD
23907,E_WORD
23908,B_WORD
23909,I_WORD
23910,E_WORD
23911,B_WORD
23912,E_WORD
23913,B_WORD
23914,I_WORD
23915,I_WORD
23916,I_WORD
23917,I_WORD
23918,I_WORD
23919,E_WORD
23921,B_WORD
23922,I_WORD
23923,I_WORD
23924,E_WORD
23926,B_WORD
23927,I_WORD
23928,I_WORD
23929,I_WORD
23930,I_WORD
23931,I_WORD
23932,E_WORD
23933,B_WORD
23934,I_WORD
23935,I_WORD
23936,E_WORD
23938,B_WORD
23939,I_WORD
23940,E_WORD
23941,B_WORD
23942,E_WORD
23943,B_WORD
23944,I_WORD
23945,I_WORD
23946,E_WORD
23947,B_WORD
23948,I_WORD
23949,I_WORD
23950,I_WORD
23951,I_WORD
23952,I_WORD
23953,I_WORD
23954,E_WORD
23956,B_WORD
23957,I_WORD
23958,I_WORD
23959,I_WORD
23960,I_WORD
23961,I_WORD
23962,I_WORD
23963,I_WORD
23964,E_WORD
23966,B_WORD
23967,I_WORD
23968,I_WORD
23969,I_WORD
23970,I_WORD
23971,E_WORD
23973,B_WORD
23974,I_WORD
23975,I_WORD
23976,I_WORD
23977,E_WORD
23979,B_WORD
23980,I_WORD
23981,E_WORD
23982,B_WORD
23983,I_WORD
23984,I_WORD
23985,I_WORD
23986,I_WORD
23987,E_WORD
23988,B_WORD
23989,I_WORD
23990,I_WORD
23991,I_WORD
23992,E_WORD
23993,B_WORD
23994,I_WORD
23995,E_WORD
23996,B_WORD
23997,I_WORD
23998,I_WORD
23999,I_WORD
24000,I_WORD
24001,I_WORD
24002,I_WORD
24003,E_WORD
24004,B_WORD
24005,I_WORD
24006,E_WORD
24008,B_WORD
24009,E_WORD
24010,B_WORD
24011,I_WORD
24012,I_WORD
24013,I_WORD
24014,E_WORD
24015,B_WORD
24016,E_WORD
24017,B_WORD
24018,I_WORD
24019,I_WORD
24020,E_WORD
24021,B_WORD
24022,I_WORD
24023,I_WORD
24024,I_WORD
24025,I_WORD
24026,I_WORD
24027,E_WORD
24029,B_WORD
24030,I_WORD
24031,I_WORD
24032,E_WORD
24034,B_WORD
24035,I_WORD
24036,I_WORD
24037,I_WORD
24038,I_WORD
24039,I_WORD
24040,E_WORD
24042,B_WORD
24043,I_WORD
24044,I_WORD
24045,I_WORD
24046,E_WORD
24047,B_WORD
24048,E_WORD
24049,B_WORD
24050,I_WORD
24051,I_WORD
24052,I_WORD
24053,I_WORD
24054,I_WORD
24055,I_WORD
24056,I_WORD
24057,E_WORD
24058,B_WORD
24059,I_WORD
24060,I_WORD
24061,I_WORD
24062,I_WORD
24063,I_WORD
24064,E_WORD
24065,B_WORD
24066,I_WORD
24067,I_WORD
24068,I_WORD
24069,I_WORD
24070,I_WORD
24071,I_WORD
24072,E_WORD
24073,B_WORD
24074,I_WORD
24075,I_WORD
24076,I_WORD
24077,I_WORD
24078,I_WORD
24079,E_WORD
24081,B_WORD
24082,I_WORD
24083,E_WORD
24084,B_WORD
24085,I_WORD
24086,I_WORD
24087,I_WORD
24088,E_WORD
24089,B_WORD
24090,I_WORD
24091,I_WORD
24092,I_WORD
24093,I_WORD
24094,E_WORD
24096,B_WORD
24097,I_WORD
24098,I_WORD
24099,I_WORD
24100,I_WORD
24101,E_WORD
24102,B_WORD
24103,I_WORD
24104,E_WORD
24105,B_WORD
24106,E_WORD
24107,B_WORD
24108,I_WORD
24109,I_WORD
24110,I_WORD
24111,I_WORD
24112,I_WORD
24113,I_WORD
24114,I_WORD
24115,E_WORD
24116,B_WORD
24117,I_WORD
24118,I_WORD
24119,I_WORD
24120,I_WORD
24121,I_WORD
24122,E_WORD
24123,B_WORD
24124,I_WORD
24125,I_WORD
24126,I_WORD
24127,I_WORD
24128,E_WORD
24129,B_WORD
24130,I_WORD
24131,I_WORD
24132,I_WORD
24133,I_WORD
24134,E_WORD
24135,B_WORD
24136,I_WORD
24137,I_WORD
24138,E_WORD
24139,B_WORD
24140,E_WORD
24141,B_WORD
24142,E_WORD
24143,B_WORD
24144,I_WORD
24145,I_WORD
24146,E_WORD
24148,B_WORD
24149,I_WORD
24150,I_WORD
24151,I_WORD
24152,I_WORD
24153,E_WORD
24154,B_WORD
24155,E_WORD
24156,B_WORD
24157,I_WORD
24158,E_WORD
24159,B_WORD
24160,I_WORD
24161,E_WORD
24163,B_WORD
24164,I_WORD
24165,I_WORD
24166,E_WORD
24167,B_WORD
24168,I_WORD
24169,I_WORD
24170,I_WORD
24171,I_WORD
24172,I_WORD
24173,E_WORD
24174,B_WORD
24175,I_WORD
24176,I_WORD
24177,I_WORD
24178,I_WORD
24179,E_WORD
24180,B_WORD
24181,I_WORD
24182,I_WORD
24183,I_WORD
24184,I_WORD
24185,I_WORD
24186,I_WORD
24187,I_WORD
24188,E_WORD
24190,B_WORD
24191,I_WORD
24192,I_WORD
24193,E_WORD
24195,B_WORD
24196,I_WORD
24197,I_WORD
24198,I_WORD
24199,I_WORD
24200,I_WORD
24201,E_WORD
24203,B_WORD
24204,I_WORD
24205,E_WORD
24206,B_WORD
24207,I_WORD
24208,I_WORD
24209,I_WORD
24210,E_WORD
24211,B_WORD
24212,I_WORD
24213,I_WORD
24214,I_WORD
24215,I_WORD
24216,I_WORD
24217,E_WORD
24218,B_WORD
24219,I_WORD
24220,I_WORD
24221,I_WORD
24222,I_WORD
24223,I_WORD
24224,I_WORD
24225,I_WORD
24226,I_WORD
24227,E_WORD
24229,B_WORD
24230,E_WORD
24231,B_WORD
24232,I_WORD
24233,E_WORD
24235,B_WORD
24236,E_WORD
24237,B_WORD
24238,I_WORD
24239,E_WORD
24240,B_WORD
24241,I_WORD
24242,I_WORD
24243,I_WORD
24244,I_WORD
24245,E_WORD
24247,B_WORD
24249,B_WORD
24250,I_WORD
24251,I_WORD
24252,E_WORD
24253,B_WORD
24254,I_WORD
24255,E_WORD
24257,B_WORD
24258,I_WORD
24259,E_WORD
24260,B_WORD
24261,E_WORD
24262,B_WORD
24263,I_WORD
24264,E_WORD
24265,B_WORD
24266,I_WORD
24267,E_WORD
24268,B_WORD
24269,I_WORD
24270,I_WORD
24271,E_WORD
24273,B_WORD
24274,I_WORD
24275,I_WORD
24276,I_WORD
24277,I_WORD
24278,I_WORD
24279,I_WORD
24280,I_WORD
24281,E_WORD
24282,B_WORD
24283,I_WORD
24284,E_WORD
24285,B_WORD
24286,E_WORD
24287,B_WORD
24288,I_WORD
24289,E_WORD
24290,B_WORD
24291,I_WORD
24292,I_WORD
24293,I_WORD
24294,I_WORD
24295,I_WORD
24296,I_WORD
24297,I_WORD
24298,E_WORD
24299,B_WORD
24300,I_WORD
24301,E_WORD
24302,B_WORD
24303,I_WORD
24304,E_WORD
24305,B_WORD
24306,E_WORD
24307,B_WORD
24308,I_WORD
24309,I_WORD
24310,E_WORD
24311,B_WORD
24312,I_WORD
24313,I_WORD
24314,I_WORD
24315,I_WORD
24316,E_WORD
24317,B_WORD
24318,I_WORD
24319,E_WORD
24320,B_WORD
24321,I_WORD
24322,I_WORD
24323,I_WORD
24324,I_WORD
24325,E_WORD
24327,B_WORD
24328,I_WORD
24329,E_WORD
24330,B_WORD
24331,E_WORD
24332,B_WORD
24333,I_WORD
24334,I_WORD
24335,I_WORD
24336,I_WORD
24337,E_WORD
24338,B_WORD
24339,I_WORD
24340,I_WORD
24341,I_WORD
24342,I_WORD
24343,E_WORD
24345,B_WORD
24347,B_WORD
24348,I_WORD
24349,E_WORD
24350,B_WORD
24351,I_WORD
24352,I_WORD
24353,E_WORD
24354,B_WORD
24355,I_WORD
24356,E_WORD
24358,B_WORD
24359,I_WORD
24360,I_WORD
24361,I_WORD
24362,I_WORD
24363,E_WORD
24364,B_WORD
24365,E_WORD
24366,B_WORD
24367,I_WORD
24368,I_WORD
24369,E_WORD
24370,B_WORD
24371,I_WORD
24372,I_WORD
24373,I_WORD
24374,E_WORD
24376,B_WORD
24377,I_WORD
24378,E_WORD
24379,B_WORD
24380,I_WORD
24381,E_WORD
24382,B_WORD
24383,I_WORD
24384,I_WORD
24385,E_WORD
24387,B_WORD
24388,I_WORD
24389,I_WORD
24390,I_WORD
24391,E_WORD
24392,B_WORD
24393,I_WORD
24394,I_WORD
24395,I_WORD
24396,I_WORD
24397,I_WORD
24398,I_WORD
24399,I_WORD
24400,E_WORD
24401,B_WORD
24402,I_WORD
24403,E_WORD
24404,B_WORD
24405,I_WORD
24406,E_WORD
24407,B_WORD
24408,I_WORD
24409,I_WORD
24410,E_WORD
24412,B_WORD
24414,B_WORD
24415,I_WORD
24416,E_WORD
24417,B_WORD
24418,I_WORD
24419,E_WORD
24420,B_WORD
24421,E_WORD
24422,B_WORD
24423,I_WORD
24424,I_WORD
24425,E_WORD
24426,B_WORD
24427,I_WORD
24428,I_WORD
24429,I_WORD
24430,I_WORD
24431,E_WORD
24432,B_WORD
24433,I_WORD
24434,E_WORD
24435,B_WORD
24436,I_WORD
24437,I_WORD
24438,I_WORD
24439,I_WORD
24440,I_WORD
24441,I_WORD
24442,E_WORD
24443,B_WORD
24444,I_WORD
24445,I_WORD
24446,I_WORD
24447,I_WORD
24448,I_WORD
24449,I_WORD
24450,I_WORD
24451,E_WORD
24452,B_WORD
24453,I_WORD
24454,I_WORD
24455,I_WORD
24456,I_WORD
24457,I_WORD
24458,I_WORD
24459,E_WORD
24461,B_WORD
24462,E_WORD
24463,B_WORD
24464,I_WORD
24465,I_WORD
24466,I_WORD
24467,E_WORD
24468,B_WORD
24469,I_WORD
24470,I_WORD
24471,I_WORD
24472,I_WORD
24473,E_WORD
24474,B_WORD
24475,I_WORD
24476,E_WORD
24477,B_WORD
24478,I_WORD
24479,I_WORD
24480,E_WORD
24481,B_WORD
24482,I_WORD
24483,I_WORD
24484,I_WORD
24485,B_WORD
24486,I_WORD
24487,I_WORD
24488,I_WORD
24489,I_WORD
24490,I_WORD
24491,I_WORD
24492,I_WORD
24493,I_WORD
24494,I_WORD
24495,I_WORD
24496,E_WORD
24498,B_WORD
24499,I_WORD
24500,I_WORD
24501,I_WORD
24502,I_WORD
24503,I_WORD
24504,E_WORD
24505,B_WORD
24506,I_WORD
24507,I_WORD
24508,I_WORD
24509,I_WORD
24510,I_WORD
24511,I_WORD
24512,I_WORD
24513,E_WORD
24514,B_WORD
24515,E_WORD
24516,B_WORD
24517,I_WORD
24518,E_WORD
24519,B_WORD
24520,I_WORD
24521,I_WORD
24522,I_WORD
24523,I_WORD
24524,I_WORD
24525,E_WORD
24526,B_WORD
24527,I_WORD
24528,I_WORD
24529,I_WORD
24530,E_WORD
24531,B_WORD
24532,I_WORD
24533,E_WORD
24534,B_WORD
24535,I_WORD
24536,I_WORD
24537,I_WORD
24538,I_WORD
24539,I_WORD
24540,I_WORD
24541,I_WORD
24542,I_WORD
24543,I_WORD
24544,E_WORD
24546,B_WORD
24547,I_WORD
24548,I_WORD
24549,I_WORD
24550,I_WORD
24551,I_WORD
24552,I_WORD
24553,E_WORD
24554,B_WORD
24555,I_WORD
24556,I_WORD
24557,E_WORD
24558,B_WORD
24559,I_WORD
24560,I_WORD
24561,I_WORD
24562,I_WORD
24563,I_WORD
24564,I_WORD
24565,I_WORD
24566,I_WORD
24567,E_WORD
24569,B_WORD
24570,I_WORD
24571,E_WORD
24572,B_WORD
24573,I_WORD
24574,E_WORD
24575,B_WORD
24576,I_WORD
24577,E_WORD
24578,B_WORD
24579,E_WORD
24580,B_WORD
24581,I_WORD
24582,I_WORD
24583,I_WORD
24584,E_WORD
24585,B_WORD
24586,I_WORD
24587,I_WORD
24588,E_WORD
24589,B_WORD
24590,E_WORD
24591,B_WORD
24592,I_WORD
24593,I_WORD
24594,I_WORD
24595,I_WORD
24596,I_WORD
24597,I_WORD
24598,E_WORD
24599,B_WORD
24600,I_WORD
24601,I_WORD
24602,I_WORD
24603,I_WORD
24604,E_WORD
24606,B_WORD
24607,I_WORD
24608,E_WORD
24609,B_WORD
24610,E_WORD
24611,B_WORD
24612,I_WORD
24613,I_WORD
24614,E_WORD
24616,B_WORD
24617,I_WORD
24618,E_WORD
24619,B_WORD
24620,I_WORD
24621,E_WORD
24623,B_WORD
24624,E_WORD
24625,B_WORD
24626,I_WORD
24627,E_WORD
24628,B_WORD
24629,I_WORD
24630,I_WORD
24631,I_WORD
24632,I_WORD
24633,E_WORD
24634,B_WORD
24635,I_WORD
24636,E_WORD
24637,B_WORD
24638,E_WORD
24639,B_WORD
24640,I_WORD
24641,E_WORD
24642,B_WORD
24643,I_WORD
24644,I_WORD
24645,E_WORD
24646,B_WORD
24647,I_WORD
24648,E_WORD
24649,B_WORD
24650,I_WORD
24651,E_WORD
24653,B_WORD
24654,I_WORD
24655,I_WORD
24656,I_WORD
24657,I_WORD
24658,I_WORD
24659,E_WORD
24661,B_WORD
24662,I_WORD
24663,I_WORD
24664,I_WORD
24665,I_WORD
24666,E_WORD
24668,B_WORD
24669,I_WORD
24670,I_WORD
24671,I_WORD
24672,E_WORD
24674,B_WORD
24675,I_WORD
24676,E_WORD
24677,B_WORD
24678,I_WORD
24679,I_WORD
24680,I_WORD
24681,I_WORD
24682,I_WORD
24683,I_WORD
24684,E_WORD
24686,B_WORD
24687,I_WORD
24688,E_WORD
24689,B_WORD
24690,I_WORD
24691,I_WORD
24692,I_WORD
24693,I_WORD
24694,I_WORD
24695,I_WORD
24696,E_WORD
24697,B_WORD
24698,I_WORD
24699,E_WORD
24700,B_WORD
24701,E_WORD
24702,B_WORD
24703,I_WORD
24704,E_WORD
24705,B_WORD
24706,I_WORD
24707,I_WORD
24708,I_WORD
24709,I_WORD
24710,I_WORD
24711,I_WORD
24712,I_WORD
24713,E_WORD
24714,B_WORD
24715,E_WORD
24716,B_WORD
24717,I_WORD
24718,I_WORD
24719,E_WORD
24720,B_WORD
24721,I_WORD
24722,I_WORD
24723,I_WORD
24724,I_WORD
24725,I_WORD
24726,E_WORD
24728,B_WORD
24729,I_WORD
24730,I_WORD
24731,E_WORD
24733,B_WORD
24734,I_WORD
24735,I_WORD
24736,I_WORD
24737,I_WORD
24738,I_WORD
24739,E_WORD
24741,B_WORD
24742,I_WORD
24743,I_WORD
24744,I_WORD
24745,E_WORD
24746,B_WORD
24747,I_WORD
24748,E_WORD
24749,B_WORD
24750,E_WORD
24751,B_WORD
24752,E_WORD
24753,B_WORD
24754,I_WORD
24755,I_WORD
24756,I_WORD
24757,I_WORD
24758,E_WORD
24760,B_WORD
24761,I_WORD
24762,E_WORD
24763,B_WORD
24764,E_WORD
24765,B_WORD
24766,E_WORD
24767,B_WORD
24768,I_WORD
24769,E_WORD
24770,B_WORD
24771,I_WORD
24772,E_WORD
24773,B_WORD
24774,I_WORD
24775,I_WORD
24776,E_WORD
24777,B_WORD
24778,I_WORD
24779,I_WORD
24780,E_WORD
24782,B_WORD
24783,I_WORD
24784,I_WORD
24785,E_WORD
24786,B_WORD
24787,I_WORD
24788,I_WORD
24789,I_WORD
24790,I_WORD
24791,I_WORD
24792,I_WORD
24793,E_WORD
24794,B_WORD
24795,I_WORD
24796,I_WORD
24797,I_WORD
24798,I_WORD
24799,I_WORD
24800,I_WORD
24801,I_WORD
24802,I_WORD
24803,I_WORD
24804,E_WORD
24806,B_WORD
24807,I_WORD
24808,I_WORD
24809,E_WORD
24810,B_WORD
24811,I_WORD
24812,I_WORD
24813,I_WORD
24814,I_WORD
24815,I_WORD
24816,I_WORD
24817,I_WORD
24818,I_WORD
24819,I_WORD
24820,I_WORD
24821,E_WORD
24822,B_WORD
24823,E_WORD
24824,B_WORD
24825,I_WORD
24826,I_WORD
24827,I_WORD
24828,I_WORD
24829,I_WORD
24830,E_WORD
24831,B_WORD
24832,I_WORD
24833,I_WORD
24834,I_WORD
24835,E_WORD
24836,B_WORD
24837,I_WORD
24838,I_WORD
24839,I_WORD
24840,I_WORD
24841,I_WORD
24842,I_WORD
24843,I_WORD
24844,E_WORD
24845,B_WORD
24846,I_WORD
24847,I_WORD
24848,I_WORD
24849,I_WORD
24850,I_WORD
24851,E_WORD
24852,B_WORD
24853,I_WORD
24854,I_WORD
24855,E_WORD
24857,B_WORD
24858,I_WORD
24859,I_WORD
24860,I_WORD
24861,I_WORD
24862,E_WORD
24864,B_WORD
24865,I_WORD
24866,I_WORD
24867,I_WORD
24868,E_WORD
24870,B_WORD
24871,I_WORD
24872,I_WORD
24873,I_WORD
24874,I_WORD
24875,I_WORD
24876,I_WORD
24877,E_WORD
24879,B_WORD
24880,I_WORD
24881,E_WORD
24882,B_WORD
24883,I_WORD
24884,I_WORD
24885,E_WORD
24887,B_WORD
24888,I_WORD
24889,I_WORD
24890,E_WORD
24891,B_WORD
24892,E_WORD
24893,B_WORD
24894,I_WORD
24895,E_WORD
24896,B_WORD
24897,I_WORD
24898,I_WORD
24899,I_WORD
24900,I_WORD
24901,I_WORD
24902,I_WORD
24903,I_WORD
24904,I_WORD
24905,I_WORD
24906,I_WORD
24907,E_WORD
24908,B_WORD
24909,I_WORD
24910,E_WORD
24912,B_WORD
24913,I_WORD
24914,E_WORD
24915,B_WORD
24916,I_WORD
24917,E_WORD
24918,B_WORD
24919,I_WORD
24920,E_WORD
24921,B_WORD
24922,I_WORD
24923,I_WORD
24924,I_WORD
24925,I_WORD
24926,E_WORD
24928,B_WORD
24929,I_WORD
24930,I_WORD
24931,I_WORD
24932,I_WORD
24933,I_WORD
24934,I_WORD
24935,I_WORD
24936,E_WORD
24937,B_WORD
24938,I_WORD
24939,I_WORD
24940,I_WORD
24941,I_WORD
24942,I_WORD
24943,E_WORD
24944,B_WORD
24945,I_WORD
24946,E_WORD
24948,B_WORD
24949,I_WORD
24950,I_WORD
24951,I_WORD
24952,I_WORD
24953,I_WORD
24954,I_WORD
24955,I_WORD
24956,I_WORD
24957,I_WORD
24958,I_WORD
24959,E_WORD
24960,B_WORD
24961,I_WORD
24962,I_WORD
24963,I_WORD
24964,I_WORD
24965,E_WORD
24966,B_WORD
24967,I_WORD
24968,I_WORD
24969,E_WORD
24970,B_WORD
24971,I_WORD
24972,I_WORD
24973,I_WORD
24974,E_WORD
24975,B_WORD
24976,I_WORD
24977,I_WORD
24978,I_WORD
24979,I_WORD
24980,I_WORD
24981,I_WORD
24982,I_WORD
24983,E_WORD
24984,B_WORD
24985,I_WORD
24986,E_WORD
24987,B_WORD
24988,I_WORD
24989,I_WORD
24990,I_WORD
24991,I_WORD
24992,I_WORD
24993,I_WORD
24994,I_WORD
24995,E_WORD
24996,B_WORD
24997,I_WORD
24998,I_WORD
24999,I_WORD
25000,E_WORD
25001,B_WORD
25002,I_WORD
25003,I_WORD
25004,I_WORD
25005,I_WORD
25006,I_WORD
25007,I_WORD
25008,I_WORD
25009,I_WORD
25010,I_WORD
25011,I_WORD
25012,I_WORD
25013,I_WORD
25014,I_WORD
25015,E_WORD
25016,B_WORD
25017,I_WORD
25018,I_WORD
25019,E_WORD
25021,B_WORD
25022,I_WORD
25023,I_WORD
25024,I_WORD
25025,I_WORD
25026,E_WORD
25028,B_WORD
25029,I_WORD
25030,I_WORD
25031,I_WORD
25032,E_WORD
25034,B_WORD
25035,I_WORD
25036,I_WORD
25037,I_WORD
25038,I_WORD
25039,I_WORD
25040,I_WORD
25041,E_WORD
25043,B_WORD
25044,I_WORD
25045,E_WORD
25046,B_WORD
25047,I_WORD
25048,I_WORD
25049,E_WORD
25050,B_WORD
25051,I_WORD
25052,E_WORD
25053,B_WORD
25054,I_WORD
25055,E_WORD
25056,B_WORD
25057,I_WORD
25058,E_WORD
25059,B_WORD
25060,I_WORD
25061,E_WORD
25062,B_WORD
25063,I_WORD
25064,I_WORD
25065,I_WORD
25066,I_WORD
25067,E_WORD
25068,B_WORD
25069,I_WORD
25070,E_WORD
25072,B_WORD
25073,I_WORD
25074,I_WORD
25075,I_WORD
25076,I_WORD
25077,E_WORD
25078,B_WORD
25079,I_WORD
25080,E_WORD
25081,B_WORD
25082,I_WORD
25083,I_WORD
25084,E_WORD
25085,B_WORD
25086,E_WORD
25087,B_WORD
25088,I_WORD
25089,I_WORD
25090,I_WORD
25091,I_WORD
25092,I_WORD
25093,E_WORD
25094,B_WORD
25095,E_WORD
25096,B_WORD
25097,I_WORD
25098,I_WORD
25099,I_WORD
25100,I_WORD
25101,I_WORD
25102,I_WORD
25103,E_WORD
25105,B_WORD
25106,I_WORD
25107,E_WORD
25108,B_WORD
25109,I_WORD
25110,I_WORD
25111,I_WORD
25112,I_WORD
25113,E_WORD
25115,B_WORD
25116,I_WORD
25117,E_WORD
25118,B_WORD
25119,I_WORD
25120,I_WORD
25121,I_WORD
25122,E_WORD
25123,B_WORD
25124,I_WORD
25125,E_WORD
25126,B_WORD
25127,I_WORD
25128,E_WORD
25129,B_WORD
25130,I_WORD
25131,I_WORD
25132,I_WORD
25133,I_WORD
25134,E_WORD
25136,B_WORD
25137,I_WORD
25138,I_WORD
25139,I_WORD
25140,I_WORD
25141,I_WORD
25142,I_WORD
25143,I_WORD
25144,I_WORD
25145,E_WORD
25147,B_WORD
25148,I_WORD
25149,I_WORD
25150,I_WORD
25151,I_WORD
25152,E_WORD
25153,B_WORD
25154,I_WORD
25155,E_WORD
25156,B_WORD
25157,I_WORD
25158,I_WORD
25159,E_WORD
25161,B_WORD
25162,I_WORD
25163,I_WORD
25164,E_WORD
25166,B_WORD
25167,I_WORD
25168,I_WORD
25169,E_WORD
25170,B_WORD
25171,I_WORD
25172,I_WORD
25173,I_WORD
25174,I_WORD
25175,I_WORD
25176,I_WORD
25177,E_WORD
25178,B_WORD
25179,I_WORD
25180,E_WORD
25181,B_WORD
25182,I_WORD
25183,E_WORD
25185,B_WORD
25186,I_WORD
25187,I_WORD
25188,I_WORD
25189,I_WORD
25190,I_WORD
25191,I_WORD
25192,E_WORD
25193,B_WORD
25194,I_WORD
25195,I_WORD
25196,I_WORD
25197,I_WORD
25198,E_WORD
25199,B_WORD
25200,I_WORD
25201,E_WORD
25202,B_WORD
25203,I_WORD
25204,I_WORD
25205,E_WORD
25206,B_WORD
25207,I_WORD
25208,I_WORD
25209,E_WORD
25210,B_WORD
25211,I_WORD
25212,E_WORD
25213,B_WORD
25214,I_WORD
25215,I_WORD
25216,I_WORD
25217,I_WORD
25218,I_WORD
25219,I_WORD
25220,I_WORD
25221,I_WORD
25222,I_WORD
25223,I_WORD
25224,E_WORD
25226,B_WORD
25228,B_WORD
25229,I_WORD
25230,I_WORD
25231,E_WORD
25232,B_WORD
25233,I_WORD
25234,I_WORD
25235,E_WORD
25236,B_WORD
25237,I_WORD
25238,I_WORD
25239,I_WORD
25240,I_WORD
25241,E_WORD
25242,B_WORD
25243,I_WORD
25244,I_WORD
25245,E_WORD
25247,B_WORD
25248,I_WORD
25249,I_WORD
25250,E_WORD
25252,B_WORD
25253,I_WORD
25254,E_WORD
25255,B_WORD
25256,I_WORD
25257,E_WORD
25258,B_WORD
25259,I_WORD
25260,I_WORD
25261,I_WORD
25262,I_WORD
25263,I_WORD
25264,I_WORD
25265,I_WORD
25266,I_WORD
25267,E_WORD
25269,B_WORD
25270,I_WORD
25271,I_WORD
25272,E_WORD
25273,B_WORD
25274,I_WORD
25275,E_WORD
25277,B_WORD
25278,I_WORD
25279,E_WORD
25281,B_WORD
25282,I_WORD
25283,E_WORD
25284,B_WORD
25285,I_WORD
25286,I_WORD
25287,E_WORD
25289,B_WORD
25290,I_WORD
25291,E_WORD
25292,B_WORD
25293,I_WORD
25294,I_WORD
25295,E_WORD
25296,B_WORD
25297,E_WORD
25299,B_WORD
25300,I_WORD
25301,E_WORD
25302,B_WORD
25303,I_WORD
25304,I_WORD
25305,I_WORD
25306,I_WORD
25307,I_WORD
25308,I_WORD
25309,E_WORD
25311,B_WORD
25312,I_WORD
25313,I_WORD
25314,E_WORD
25315,B_WORD
25316,I_WORD
25317,E_WORD
25319,B_WORD
25320,I_WORD
25321,E_WORD
25322,B_WORD
25323,I_WORD
25324,I_WORD
25325,E_WORD
25326,B_WORD
25327,I_WORD
25328,I_WORD
25329,E_WORD
25331,B_WORD
25332,I_WORD
25333,I_WORD
25334,I_WORD
25335,E_WORD
25336,B_WORD
25337,I_WORD
25338,E_WORD
25340,B_WORD
25341,I_WORD
25342,I_WORD
25343,I_WORD
25344,I_WORD
25345,I_WORD
25346,E_WORD
25347,B_WORD
25348,I_WORD
25349,E_WORD
25350,B_WORD
25351,I_WORD
25352,E_WORD
25353,B_WORD
25354,I_WORD
25355,I_WORD
25356,I_WORD
25357,E_WORD
25358,B_WORD
25359,I_WORD
25360,I_WORD
25361,I_WORD
25362,I_WORD
25363,I_WORD
25364,I_WORD
25365,E_WORD
25366,B_WORD
25367,I_WORD
25368,E_WORD
25370,B_WORD
25371,I_WORD
25372,E_WORD
25373,B_WORD
25374,I_WORD
25375,E_WORD
25376,B_WORD
25377,I_WORD
25378,I_WORD
25379,E_WORD
25380,B_WORD
25381,E_WORD
25382,B_WORD
25383,I_WORD
25384,I_WORD
25385,I_WORD
25386,I_WORD
25387,I_WORD
25388,E_WORD
25389,B_WORD
25390,I_WORD
25391,E_WORD
25393,B_WORD
25394,I_WORD
25395,I_WORD
25396,I_WORD
25397,E_WORD
25398,B_WORD
25399,I_WORD
25400,I_WORD
25401,E_WORD
25402,B_WORD
25403,I_WORD
25404,E_WORD
25405,B_WORD
25406,I_WORD
25407,I_WORD
25408,I_WORD
25409,I_WORD
25410,E_WORD
25412,B_WORD
25413,I_WORD
25414,I_WORD
25415,E_WORD
25416,B_WORD
25417,I_WORD
25418,I_WORD
25419,E_WORD
25420,B_WORD
25421,E_WORD
25422,B_WORD
25423,I_WORD
25424,I_WORD
25425,I_WORD
25426,I_WORD
25427,I_WORD
25428,E_WORD
25430,B_WORD
25431,I_WORD
25432,I_WORD
25433,E_WORD
25434,B_WORD
25435,I_WORD
25436,I_WORD
25437,I_WORD
25438,I_WORD
25439,I_WORD
25440,I_WORD
25441,I_WORD
25442,I_WORD
25443,E_WORD
25444,B_WORD
25445,I_WORD
25446,E_WORD
25448,B_WORD
25449,I_WORD
25450,I_WORD
25451,E_WORD
25452,B_WORD
25453,I_WORD
25454,E_WORD
25455,B_WORD
25456,I_WORD
25457,I_WORD
25458,E_WORD
25459,B_WORD
25460,I_WORD
25461,I_WORD
25462,I_WORD
25463,I_WORD
25464,I_WORD
25465,I_WORD
25466,I_WORD
25467,I_WORD
25468,I_WORD
25469,I_WORD
25470,I_WORD
25471,E_WORD
25472,B_WORD
25473,I_WORD
25474,I_WORD
25475,I_WORD
25476,I_WORD
25477,I_WORD
25478,E_WORD
25479,B_WORD
25480,I_WORD
25481,I_WORD
25482,I_WORD
25483,I_WORD
25484,I_WORD
25485,I_WORD
25486,I_WORD
25487,I_WORD
25488,I_WORD
25489,E_WORD
25490,B_WORD
25491,I_WORD
25492,E_WORD
25493,B_WORD
25494,I_WORD
25495,I_WORD
25496,E_WORD
25497,B_WORD
25498,I_WORD
25499,E_WORD
25501,B_WORD
25502,I_WORD
25503,E_WORD
25504,B_WORD
25505,I_WORD
25506,E_WORD
25507,B_WORD
25508,I_WORD
25509,E_WORD
25510,B_WORD
25511,I_WORD
25512,I_WORD
25513,I_WORD
25514,I_WORD
25515,I_WORD
25516,E_WORD
25517,B_WORD
25518,I_WORD
25519,I_WORD
25520,I_WORD
25521,I_WORD
25522,I_WORD
25523,E_WORD
25524,B_WORD
25525,I_WORD
25526,I_WORD
25527,I_WORD
25528,I_WORD
25529,I_WORD
25530,E_WORD
25531,B_WORD
25532,I_WORD
25533,I_WORD
25534,I_WORD
25535,I_WORD
25536,I_WORD
25537,E_WORD
25538,B_WORD
25539,I_WORD
25540,I_WORD
25541,E_WORD
25543,B_WORD
25544,I_WORD
25545,I_WORD
25546,E_WORD
25547,B_WORD
25548,E_WORD
25549,B_WORD
25550,E_WORD
25551,B_WORD
25552,B_WORD
25553,I_WORD
25554,E_WORD
25556,B_WORD
25557,I_WORD
25558,I_WORD
25559,I_WORD
25560,I_WORD
25561,I_WORD
25562,I_WORD
25563,E_WORD
25564,B_WORD
25565,I_WORD
25566,E_WORD
25567,B_WORD
25568,I_WORD
25569,I_WORD
25570,I_WORD
25571,I_WORD
25572,E_WORD
25573,B_WORD
25574,I_WORD
25575,I_WORD
25576,I_WORD
25577,I_WORD
25578,I_WORD
25579,E_WORD
25580,B_WORD
25581,E_WORD
25582,B_WORD
25583,I_WORD
25584,I_WORD
25585,I_WORD
25586,I_WORD
25587,I_WORD
25588,I_WORD
25589,I_WORD
25590,E_WORD
25592,B_WORD
25593,I_WORD
25594,E_WORD
25595,B_WORD
25596,I_WORD
25597,E_WORD
25599,B_WORD
25600,I_WORD
25601,I_WORD
25602,I_WORD
25603,I_WORD
25604,E_WORD
25605,B_WORD
25606,I_WORD
25607,I_WORD
25608,E_WORD
25610,B_WORD
25611,I_WORD
25612,E_WORD
25613,B_WORD
25615,B_WORD
25616,I_WORD
25617,I_WORD
25618,E_WORD
25619,B_WORD
25620,I_WORD
25621,E_WORD
25623,B_WORD
25624,I_WORD
25625,E_WORD
25626,B_WORD
25627,E_WORD
25628,B_WORD
25629,I_WORD
25630,I_WORD
25631,E_WORD
25632,B_WORD
25633,I_WORD
25634,I_WORD
25635,I_WORD
25636,E_WORD
25637,B_WORD
25638,I_WORD
25639,E_WORD
25640,B_WORD
25641,E_WORD
25642,B_WORD
25643,I_WORD
25644,E_WORD
25645,B_WORD
25646,I_WORD
25647,E_WORD
25648,B_WORD
25649,I_WORD
25650,I_WORD
25651,I_WORD
25652,I_WORD
25653,I_WORD
25654,E_WORD
25655,B_WORD
25656,I_WORD
25657,I_WORD
25658,I_WORD
25659,I_WORD
25660,I_WORD
25661,E_WORD
25662,B_WORD
25663,I_WORD
25664,E_WORD
25665,B_WORD
25666,I_WORD
25667,E_WORD
25668,B_WORD
25669,I_WORD
25670,E_WORD
25671,B_WORD
25672,I_WORD
25673,I_WORD
25674,I_WORD
25675,I_WORD
25676,I_WORD
25677,E_WORD
25678,B_WORD
25679,E_WORD
25680,B_WORD
25681,I_WORD
25682,I_WORD
25683,I_WORD
25684,I_WORD
25685,E_WORD
25686,B_WORD
25687,I_WORD
25688,I_WORD
25689,I_WORD
25690,E_WORD
25692,B_WORD
25693,I_WORD
25694,E_WORD
25695,B_WORD
25696,I_WORD
25697,E_WORD
25698,B_WORD
25699,I_WORD
25700,I_WORD
25701,I_WORD
25702,I_WORD
25703,I_WORD
25704,I_WORD
25705,I_WORD
25706,E_WORD
25707,B_WORD
25708,I_WORD
25709,E_WORD
25711,B_WORD
25712,I_WORD
25713,I_WORD
25714,I_WORD
25715,E_WORD
25716,B_WORD
25717,I_WORD
25718,I_WORD
25719,E_WORD
25720,B_WORD
25721,I_WORD
25722,I_WORD
25723,I_WORD
25724,I_WORD
25725,E_WORD
25726,B_WORD
25727,I_WORD
25728,I_WORD
25729,I_WORD
25730,I_WORD
25731,I_WORD
25732,I_WORD
25733,I_WORD
25734,I_WORD
25735,E_WORD
25737,B_WORD
25738,I_WORD
25739,E_WORD
25740,B_WORD
25741,I_WORD
25742,E_WORD
25743,B_WORD
25744,I_WORD
25745,E_WORD
25746,B_WORD
25747,I_WORD
25748,I_WORD
25749,I_WORD
25750,I_WORD
25751,I_WORD
25752,E_WORD
25753,B_WORD
25754,I_WORD
25755,I_WORD
25756,E_WORD
25757,B_WORD
25758,I_WORD
25759,I_WORD
25760,E_WORD
25761,B_WORD
25762,I_WORD
25763,I_WORD
25764,I_WORD
25765,I_WORD
25766,I_WORD
25767,I_WORD
25768,E_WORD
25769,B_WORD
25770,I_WORD
25771,E_WORD
25772,B_WORD
25773,I_WORD
25774,E_WORD
25775,B_WORD
25776,E_WORD
25777,B_WORD
25778,I_WORD
25779,I_WORD
25780,E_WORD
25782,B_WORD
25784,B_WORD
25785,I_WORD
25786,I_WORD
25787,I_WORD
25788,I_WORD
25789,E_WORD
25791,B_WORD
25792,I_WORD
25793,I_WORD
25794,I_WORD
25795,E_WORD
25797,B_WORD
25798,I_WORD
25799,I_WORD
25800,I_WORD
25801,E_WORD
25803,B_WORD
25804,I_WORD
25805,I_WORD
25806,E_WORD
25807,B_WORD
25808,I_WORD
25809,I_WORD
25810,E_WORD
25811,B_WORD
25812,I_WORD
25813,E_WORD
25814,B_WORD
25815,I_WORD
25816,I_WORD
25817,I_WORD
25818,I_WORD
25819,E_WORD
25820,B_WORD
25821,E_WORD
25822,B_WORD
25823,I_WORD
25824,I_WORD
25825,I_WORD
25826,E_WORD
25827,B_WORD
25828,I_WORD
25829,E_WORD
25830,B_WORD
25831,I_WORD
25832,I_WORD
25833,E_WORD
25834,B_WORD
25835,I_WORD
25836,E_WORD
25838,B_WORD
25839,I_WORD
25840,I_WORD
25841,E_WORD
25842,B_WORD
25843,I_WORD
25844,I_WORD
25845,E_WORD
25846,B_WORD
25847,I_WORD
25848,E_WORD
25849,B_WORD
25850,I_WORD
25851,I_WORD
25852,I_WORD
25853,I_WORD
25854,E_WORD
25855,B_WORD
25856,E_WORD
25857,B_WORD
25858,I_WORD
25859,I_WORD
25860,I_WORD
25861,E_WORD
25862,B_WORD
25863,I_WORD
25864,E_WORD
25865,B_WORD
25866,I_WORD
25867,I_WORD
25868,E_WORD
25869,B_WORD
25870,I_WORD
25871,E_WORD
25873,B_WORD
25874,I_WORD
25875,E_WORD
25876,B_WORD
25877,E_WORD
25878,B_WORD
25879,I_WORD
25880,E_WORD
25881,B_WORD
25882,I_WORD
25883,I_WORD
25884,I_WORD
25885,I_WORD
25886,I_WORD
25887,E_WORD
25888,B_WORD
25889,I_WORD
25890,I_WORD
25891,I_WORD
25892,I_WORD
25893,E_WORD
25894,B_WORD
25895,I_WORD
25896,E_WORD
25897,B_WORD
25898,I_WORD
25899,E_WORD
25900,B_WORD
25901,I_WORD
25902,E_WORD
25903,B_WORD
25904,I_WORD
25905,I_WORD
25906,E_WORD
25907,B_WORD
25908,I_WORD
25909,I_WORD
25910,I_WORD
25911,I_WORD
25912,I_WORD
25913,I_WORD
25914,I_WORD
25915,I_WORD
25916,E_WORD
25918,B_WORD
25920,B_WORD
25921,E_WORD
25923,B_WORD
25924,I_WORD
25925,I_WORD
25926,E_WORD
25928,B_WORD
25930,B_WORD
25931,I_WORD
25932,I_WORD
25933,E_WORD
25934,B_WORD
25935,I_WORD
25936,I_WORD
25937,I_WORD
25938,I_WORD
25939,E_WORD
25940,B_WORD
25941,I_WORD
25942,I_WORD
25943,I_WORD
25944,I_WORD
25945,I_WORD
25946,E_WORD
25947,B_WORD
25948,I_WORD
25949,I_WORD
25950,I_WORD
25951,I_WORD
25952,I_WORD
25953,E_WORD
25954,B_WORD
25955,I_WORD
25956,E_WORD
25957,B_WORD
25958,I_WORD
25959,I_WORD
25960,I_WORD
25961,I_WORD
25962,I_WORD
25963,I_WORD
25964,I_WORD
25965,E_WORD
25967,B_WORD
25968,I_WORD
25969,E_WORD
25971,B_WORD
25972,I_WORD
25973,E_WORD
25975,B_WORD
25976,I_WORD
25977,I_WORD
25978,I_WORD
25979,I_WORD
25980,E_WORD
25981,B_WORD
25982,I_WORD
25983,I_WORD
25984,I_WORD
25985,E_WORD
25986,B_WORD
25987,I_WORD
25988,E_WORD
25989,B_WORD
25990,I_WORD
25991,I_WORD
25992,I_WORD
25993,I_WORD
25994,I_WORD
25995,E_WORD
25996,B_WORD
25997,I_WORD
25998,I_WORD
25999,I_WORD
26000,I_WORD
26001,E_WORD
26003,B_WORD
26004,I_WORD
26005,E_WORD
26006,B_WORD
26007,I_WORD
26008,I_WORD
26009,E_WORD
26010,B_WORD
26011,I_WORD
26012,I_WORD
26013,I_WORD
26014,I_WORD
26015,I_WORD
26016,E_WORD
26017,B_WORD
26018,I_WORD
26019,I_WORD
26020,I_WORD
26021,I_WORD
26022,I_WORD
26023,I_WORD
26024,E_WORD
26025,B_WORD
26026,I_WORD
26027,E_WORD
26028,B_WORD
26029,I_WORD
26030,I_WORD
26031,I_WORD
26032,I_WORD
26033,I_WORD
26034,I_WORD
26035,I_WORD
26036,E_WORD
26037,B_WORD
26038,I_WORD
26039,E_WORD
26040,B_WORD
26041,I_WORD
26042,I_WORD
26043,E_WORD
26044,B_WORD
26045,I_WORD
26046,E_WORD
26048,B_WORD
26049,I_WORD
26050,I_WORD
26051,I_WORD
26052,I_WORD
26053,E_WORD
26054,B_WORD
26055,I_WORD
26056,I_WORD
26057,I_WORD
26058,I_WORD
26059,E_WORD
26060,B_WORD
26061,I_WORD
26062,E_WORD
26063,B_WORD
26064,I_WORD
26065,I_WORD
26066,E_WORD
26067,B_WORD
26068,I_WORD
26069,I_WORD
26070,I_WORD
26071,I_WORD
26072,I_WORD
26073,E_WORD
26074,B_WORD
26075,I_WORD
26076,I_WORD
26077,I_WORD
26078,E_WORD
26080,B_WORD
26081,I_WORD
26082,I_WORD
26083,E_WORD
26084,B_WORD
26085,I_WORD
26086,I_WORD
26087,I_WORD
26088,I_WORD
26089,I_WORD
26090,I_WORD
26091,E_WORD
26092,B_WORD
26093,I_WORD
26094,I_WORD
26095,E_WORD
26096,B_WORD
26097,I_WORD
26098,I_WORD
26099,E_WORD
26100,B_WORD
26101,I_WORD
26102,E_WORD
26103,B_WORD
26104,I_WORD
26105,E_WORD
26106,B_WORD
26107,I_WORD
26108,I_WORD
26109,E_WORD
26110,B_WORD
26111,E_WORD
26112,B_WORD
26113,I_WORD
26114,I_WORD
26115,I_WORD
26116,E_WORD
26117,B_WORD
26118,I_WORD
26119,E_WORD
26120,B_WORD
26121,I_WORD
26122,I_WORD
26123,I_WORD
26124,E_WORD
26125,B_WORD
26126,E_WORD
26127,B_WORD
26128,I_WORD
26129,I_WORD
26130,E_WORD
26132,B_WORD
26133,I_WORD
26134,E_WORD
26135,B_WORD
26136,I_WORD
26137,I_WORD
26138,I_WORD
26139,I_WORD
26140,E_WORD
26141,B_WORD
26142,E_WORD
26143,B_WORD
26144,I_WORD
26145,I_WORD
26146,E_WORD
26147,B_WORD
26148,I_WORD
26149,E_WORD
26150,B_WORD
26151,I_WORD
26152,I_WORD
26153,E_WORD
26155,B_WORD
26156,I_WORD
26157,E_WORD
26159,B_WORD
26160,I_WORD
26161,E_WORD
26163,B_WORD
26164,I_WORD
26165,E_WORD
26166,B_WORD
26167,I_WORD
26168,I_WORD
26169,E_WORD
26170,B_WORD
26171,I_WORD
26172,I_WORD
26173,I_WORD
26174,I_WORD
26175,I_WORD
26176,E_WORD
26177,B_WORD
26178,I_WORD
26179,I_WORD
26180,E_WORD
26182,B_WORD
26184,B_WORD
26185,I_WORD
26186,E_WORD
26187,B_WORD
26188,I_WORD
26189,E_WORD
26191,B_WORD
26192,I_WORD
26193,I_WORD
26194,E_WORD
26195,B_WORD
26196,I_WORD
26197,I_WORD
26198,I_WORD
26199,I_WORD
26200,I_WORD
26201,I_WORD
26202,I_WORD
26203,I_WORD
26204,E_WORD
26205,B_WORD
26206,I_WORD
26207,E_WORD
26208,B_WORD
26209,I_WORD
26210,I_WORD
26211,E_WORD
26212,B_WORD
26213,E_WORD
26214,B_WORD
26215,I_WORD
26216,I_WORD
26217,I_WORD
26218,I_WORD
26219,I_WORD
26220,E_WORD
26221,B_WORD
26222,I_WORD
26223,I_WORD
26224,I_WORD
26225,I_WORD
26226,E_WORD
26227,B_WORD
26228,I_WORD
26229,E_WORD
26230,B_WORD
26231,I_WORD
26232,I_WORD
26233,I_WORD
26234,I_WORD
26235,E_WORD
26236,B_WORD
26237,I_WORD
26238,I_WORD
26239,I_WORD
26240,I_WORD
26241,I_WORD
26242,I_WORD
26243,E_WORD
26245,B_WORD
26246,I_WORD
26247,I_WORD
26248,I_WORD
26249,I_WORD
26250,I_WORD
26251,E_WORD
26252,B_WORD
26253,I_WORD
26254,I_WORD
26255,I_WORD
26256,I_WORD
26257,I_WORD
26258,E_WORD
26259,B_WORD
26260,I_WORD
26261,I_WORD
26262,I_WORD
26263,I_WORD
26264,I_WORD
26265,E_WORD
26266,B_WORD
26267,I_WORD
26268,E_WORD
26269,B_WORD
26270,I_WORD
26271,I_WORD
26272,I_WORD
26273,I_WORD
26274,I_WORD
26275,E_WORD
26276,B_WORD
26277,I_WORD
26278,E_WORD
26279,B_WORD
26280,I_WORD
26281,I_WORD
26282,I_WORD
26283,I_WORD
26284,E_WORD
26285,B_WORD
26286,I_WORD
26287,E_WORD
26288,B_WORD
26289,I_WORD
26290,I_WORD
26291,I_WORD
26292,E_WORD
26293,B_WORD
26294,I_WORD
26295,E_WORD
26296,B_WORD
26297,I_WORD
26298,I_WORD
26299,I_WORD
26300,E_WORD
26301,B_WORD
26302,I_WORD
26303,I_WORD
26304,I_WORD
26305,I_WORD
26306,I_WORD
26307,E_WORD
26308,B_WORD
26309,I_WORD
26310,I_WORD
26311,E_WORD
26312,B_WORD
26313,I_WORD
26314,I_WORD
26315,I_WORD
26316,I_WORD
26317,E_WORD
26318,B_WORD
26319,I_WORD
26320,E_WORD
26322,B_WORD
26323,E_WORD
26325,B_WORD
26326,I_WORD
26327,E_WORD
26328,B_WORD
26329,I_WORD
26330,I_WORD
26331,I_WORD
26332,I_WORD
26333,I_WORD
26334,I_WORD
26335,E_WORD
26336,B_WORD
26337,I_WORD
26338,E_WORD
26339,B_WORD
26340,I_WORD
26341,I_WORD
26342,I_WORD
26343,I_WORD
26344,I_WORD
26345,I_WORD
26346,I_WORD
26347,E_WORD
26348,B_WORD
26349,I_WORD
26350,I_WORD
26351,I_WORD
26352,I_WORD
26353,I_WORD
26354,I_WORD
26355,I_WORD
26356,I_WORD
26357,E_WORD
26358,B_WORD
26359,I_WORD
26360,E_WORD
26361,B_WORD
26362,E_WORD
26363,B_WORD
26364,I_WORD
26365,I_WORD
26366,E_WORD
26367,B_WORD
26368,E_WORD
26369,B_WORD
26370,I_WORD
26371,I_WORD
26372,I_WORD
26373,I_WORD
26374,E_WORD
26376,B_WORD
26377,I_WORD
26378,E_WORD
26379,B_WORD
26380,I_WORD
26381,E_WORD
26382,B_WORD
26383,I_WORD
26384,E_WORD
26385,B_WORD
26386,I_WORD
26387,I_WORD
26388,I_WORD
26389,I_WORD
26390,I_WORD
26391,I_WORD
26392,I_WORD
26393,I_WORD
26394,I_WORD
26395,E_WORD
26396,B_WORD
26397,I_WORD
26398,I_WORD
26399,I_WORD
26400,I_WORD
26401,I_WORD
26402,I_WORD
26403,E_WORD
26404,B_WORD
26405,I_WORD
26406,E_WORD
26407,B_WORD
26408,I_WORD
26409,I_WORD
26410,I_WORD
26411,E_WORD
26412,B_WORD
26413,I_WORD
26414,I_WORD
26415,E_WORD
26416,B_WORD
26417,I_WORD
26418,E_WORD
26419,B_WORD
26420,I_WORD
26421,I_WORD
26422,I_WORD
26423,E_WORD
26425,B_WORD
26426,I_WORD
26427,I_WORD
26428,I_WORD
26429,I_WORD
26430,I_WORD
26431,E_WORD
26432,B_WORD
26433,I_WORD
26434,E_WORD
26435,B_WORD
26436,I_WORD
26437,I_WORD
26438,I_WORD
26439,I_WORD
26440,I_WORD
26441,I_WORD
26442,I_WORD
26443,E_WORD
26444,B_WORD
26445,I_WORD
26446,I_WORD
26447,I_WORD
26448,E_WORD
26449,B_WORD
26450,I_WORD
26451,I_WORD
26452,I_WORD
26453,I_WORD
26454,I_WORD
26455,E_WORD
26457,B_WORD
26458,I_WORD
26459,I_WORD
26460,E_WORD
26461,B_WORD
26462,I_WORD
26463,I_WORD
26464,I_WORD
26465,I_WORD
26466,I_WORD
26467,E_WORD
26468,B_WORD
26469,I_WORD
26470,E_WORD
26471,B_WORD
26472,I_WORD
26473,I_WORD
26474,I_WORD
26475,E_WORD
26476,B_WORD
26477,I_WORD
26478,E_WORD
26479,B_WORD
26480,I_WORD
26481,I_WORD
26482,I_WORD
26483,I_WORD
26484,I_WORD
26485,I_WORD
26486,E_WORD
26487,B_WORD
26488,I_WORD
26489,E_WORD
26490,B_WORD
26491,I_WORD
26492,I_WORD
26493,E_WORD
26494,B_WORD
26495,I_WORD
26496,I_WORD
26497,E_WORD
26498,B_WORD
26499,I_WORD
26500,I_WORD
26501,E_WORD
26502,B_WORD
26503,I_WORD
26504,E_WORD
26505,B_WORD
26506,I_WORD
26507,I_WORD
26508,I_WORD
26509,I_WORD
26510,I_WORD
26511,I_WORD
26512,I_WORD
26513,I_WORD
26514,I_WORD
26515,I_WORD
26516,E_WORD
26517,B_WORD
26518,I_WORD
26519,I_WORD
26520,I_WORD
26521,I_WORD
26522,I_WORD
26523,E_WORD
26524,B_WORD
26525,I_WORD
26526,E_WORD
26528,B_WORD
26529,I_WORD
26530,I_WORD
26531,I_WORD
26532,I_WORD
26533,I_WORD
26534,I_WORD
26535,E_WORD
26536,B_WORD
26537,I_WORD
26538,E_WORD
26539,B_WORD
26540,I_WORD
26541,E_WORD
26542,B_WORD
26543,I_WORD
26544,E_WORD
26545,B_WORD
26546,I_WORD
26547,E_WORD
26548,B_WORD
26549,I_WORD
26550,I_WORD
26551,I_WORD
26552,I_WORD
26553,I_WORD
26554,I_WORD
26555,E_WORD
26557,B_WORD
26558,I_WORD
26559,E_WORD
26560,B_WORD
26561,I_WORD
26562,I_WORD
26563,E_WORD
26564,B_WORD
26565,I_WORD
26566,I_WORD
26567,E_WORD
26568,B_WORD
26569,I_WORD
26570,I_WORD
26571,E_WORD
26572,B_WORD
26573,I_WORD
26574,E_WORD
26576,B_WORD
26577,I_WORD
26578,I_WORD
26579,E_WORD
26580,B_WORD
26581,I_WORD
26582,E_WORD
26584,B_WORD
26585,I_WORD
26586,I_WORD
26587,I_WORD
26588,I_WORD
26589,E_WORD
26590,B_WORD
26591,I_WORD
26592,I_WORD
26593,I_WORD
26594,I_WORD
26595,E_WORD
26596,B_WORD
26597,I_WORD
26598,I_WORD
26599,I_WORD
26600,E_WORD
26601,B_WORD
26602,I_WORD
26603,I_WORD
26604,I_WORD
26605,I_WORD
26606,E_WORD
26607,B_WORD
26608,I_WORD
26609,E_WORD
26610,B_WORD
26611,I_WORD
26612,I_WORD
26613,E_WORD
26614,B_WORD
26615,I_WORD
26616,E_WORD
26617,B_WORD
26618,I_WORD
26619,E_WORD
26620,B_WORD
26621,I_WORD
26622,E_WORD
26623,B_WORD
26624,I_WORD
26625,I_WORD
26626,I_WORD
26627,I_WORD
26628,E_WORD
26630,B_WORD
26631,I_WORD
26632,I_WORD
26633,I_WORD
26634,I_WORD
26635,I_WORD
26636,I_WORD
26637,E_WORD
26638,B_WORD
26639,I_WORD
26640,I_WORD
26641,E_WORD
26642,B_WORD
26643,I_WORD
26644,I_WORD
26645,I_WORD
26646,I_WORD
26647,I_WORD
26648,I_WORD
26649,I_WORD
26650,I_WORD
26651,I_WORD
26652,I_WORD
26653,I_WORD
26654,I_WORD
26655,I_WORD
26656,E_WORD
26657,B_WORD
26658,I_WORD
26659,E_WORD
26660,B_WORD
26661,I_WORD
26662,I_WORD
26663,I_WORD
26664,I_WORD
26665,E_WORD
26667,B_WORD
26668,I_WORD
26669,I_WORD
26670,E_WORD
26671,B_WORD
26672,I_WORD
26673,E_WORD
26674,B_WORD
26675,I_WORD
26676,I_WORD
26677,E_WORD
26678,B_WORD
26679,I_WORD
26680,I_WORD
26681,I_WORD
26682,I_WORD
26683,I_WORD
26684,E_WORD
26685,B_WORD
26686,I_WORD
26687,I_WORD
26688,E_WORD
26689,B_WORD
26690,I_WORD
26691,E_WORD
26692,B_WORD
26693,I_WORD
26694,I_WORD
26695,I_WORD
26696,I_WORD
26697,I_WORD
26698,E_WORD
26699,B_WORD
26700,I_WORD
26701,I_WORD
26702,I_WORD
26703,I_WORD
26704,E_WORD
26706,B_WORD
26707,I_WORD
26708,E_WORD
26709,B_WORD
26710,I_WORD
26711,E_WORD
26712,B_WORD
26713,I_WORD
26714,E_WORD
26715,B_WORD
26716,I_WORD
26717,I_WORD
26718,E_WORD
26719,B_WORD
26720,I_WORD
26721,I_WORD
26722,I_WORD
26723,I_WORD
26724,I_WORD
26725,I_WORD
26726,I_WORD
26727,I_WORD
26728,E_WORD
26730,B_WORD
26731,I_WORD
26732,I_WORD
26733,E_WORD
26734,B_WORD
26735,I_WORD
26736,E_WORD
26738,B_WORD
26739,E_WORD
26741,B_WORD
26742,E_WORD
26744,B_WORD
26745,I_WORD
26746,I_WORD
26747,E_WORD
26749,B_WORD
26750,I_WORD
26751,E_WORD
26753,B_WORD
26754,I_WORD
26755,E_WORD
26757,B_WORD
26758,I_WORD
26759,E_WORD
26760,B_WORD
26761,I_WORD
26762,I_WORD
26763,I_WORD
26764,E_WORD
26765,B_WORD
26766,I_WORD
26767,I_WORD
26768,E_WORD
26769,B_WORD
26770,I_WORD
26771,I_WORD
26772,E_WORD
26773,B_WORD
26774,I_WORD
26775,I_WORD
26776,E_WORD
26777,B_WORD
26778,I_WORD
26779,E_WORD
26781,B_WORD
26782,I_WORD
26783,I_WORD
26784,I_WORD
26785,I_WORD
26786,I_WORD
26787,E_WORD
26788,B_WORD
26789,I_WORD
26790,I_WORD
26791,E_WORD
26793,B_WORD
26794,E_WORD
26796,B_WORD
26797,E_WORD
26799,B_WORD
26800,I_WORD
26801,I_WORD
26802,I_WORD
26803,I_WORD
26804,I_WORD
26805,E_WORD
26806,B_WORD
26807,I_WORD
26808,I_WORD
26809,E_WORD
26810,B_WORD
26811,I_WORD
26812,E_WORD
26813,B_WORD
26814,I_WORD
26815,E_WORD
26817,B_WORD
26818,I_WORD
26819,E_WORD
26820,B_WORD
26821,I_WORD
26822,I_WORD
26823,I_WORD
26824,I_WORD
26825,E_WORD
26826,B_WORD
26827,I_WORD
26828,I_WORD
26829,I_WORD
26830,I_WORD
26831,E_WORD
26833,B_WORD
26834,I_WORD
26835,E_WORD
26836,B_WORD
26837,I_WORD
26838,I_WORD
26839,I_WORD
26840,I_WORD
26841,I_WORD
26842,I_WORD
26843,I_WORD
26844,I_WORD
26845,E_WORD
26847,B_WORD
26848,I_WORD
26849,E_WORD
26850,B_WORD
26851,I_WORD
26852,I_WORD
26853,I_WORD
26854,I_WORD
26855,I_WORD
26856,I_WORD
26857,I_WORD
26858,I_WORD
26859,E_WORD
26860,B_WORD
26861,I_WORD
26862,I_WORD
26863,I_WORD
26864,E_WORD
26865,B_WORD
26866,I_WORD
26867,I_WORD
26868,I_WORD
26869,I_WORD
26870,E_WORD
26871,B_WORD
26872,I_WORD
26873,I_WORD
26874,I_WORD
26875,I_WORD
26876,I_WORD
26877,I_WORD
26878,I_WORD
26879,I_WORD
26880,E_WORD
26881,B_WORD
26882,I_WORD
26883,I_WORD
26884,I_WORD
26885,I_WORD
26886,I_WORD
26887,E_WORD
26888,B_WORD
26889,I_WORD
26890,E_WORD
26891,B_WORD
26892,I_WORD
26893,I_WORD
26894,E_WORD
26895,B_WORD
26896,I_WORD
26897,E_WORD
26898,B_WORD
26899,I_WORD
26900,I_WORD
26901,I_WORD
26902,I_WORD
26903,I_WORD
26904,I_WORD
26905,I_WORD
26906,E_WORD
26907,B_WORD
26908,I_WORD
26909,I_WORD
26910,I_WORD
26911,I_WORD
26912,I_WORD
26913,E_WORD
26915,B_WORD
26916,I_WORD
26917,E_WORD
26918,B_WORD
26919,I_WORD
26920,I_WORD
26921,I_WORD
26922,I_WORD
26923,E_WORD
26924,B_WORD
26925,I_WORD
26926,E_WORD
26928,B_WORD
26929,I_WORD
26930,E_WORD
26931,B_WORD
26932,E_WORD
26933,B_WORD
26934,I_WORD
26935,I_WORD
26936,I_WORD
26937,I_WORD
26938,E_WORD
26939,B_WORD
26940,I_WORD
26941,E_WORD
26942,B_WORD
26943,I_WORD
26944,I_WORD
26945,I_WORD
26946,I_WORD
26947,I_WORD
26948,I_WORD
26949,I_WORD
26950,E_WORD
26952,B_WORD
26953,I_WORD
26954,I_WORD
26955,I_WORD
26956,I_WORD
26957,E_WORD
26958,B_WORD
26959,I_WORD
26960,I_WORD
26961,E_WORD
26962,B_WORD
26963,I_WORD
26964,E_WORD
26966,B_WORD
26967,I_WORD
26968,I_WORD
26969,E_WORD
26970,B_WORD
26971,I_WORD
26972,I_WORD
26973,E_WORD
26974,B_WORD
26975,I_WORD
26976,E_WORD
26977,B_WORD
26978,E_WORD
26979,B_WORD
26980,I_WORD
26981,I_WORD
26982,I_WORD
26983,E_WORD
26984,B_WORD
26985,I_WORD
26986,E_WORD
26987,B_WORD
26988,I_WORD
26989,E_WORD
26990,B_WORD
26991,I_WORD
26992,I_WORD
26993,I_WORD
26994,I_WORD
26995,I_WORD
26996,I_WORD
26997,I_WORD
26998,I_WORD
26999,E_WORD
27000,B_WORD
27001,I_WORD
27002,E_WORD
27003,B_WORD
27004,I_WORD
27005,I_WORD
27006,I_WORD
27007,I_WORD
27008,I_WORD
27009,E_WORD
27010,B_WORD
27011,I_WORD
27012,E_WORD
27013,B_WORD
27014,E_WORD
27015,B_WORD
27016,I_WORD
27017,I_WORD
27018,I_WORD
27019,I_WORD
27020,I_WORD
27021,I_WORD
27022,I_WORD
27023,I_WORD
27024,I_WORD
27025,I_WORD
27026,I_WORD
27027,I_WORD
27028,E_WORD
27029,B_WORD
27030,I_WORD
27031,I_WORD
27032,I_WORD
27033,E_WORD
27034,B_WORD
27035,E_WORD
27037,B_WORD
27038,I_WORD
27039,E_WORD
27041,B_WORD
27042,I_WORD
27043,E_WORD
27045,B_WORD
27046,I_WORD
27047,E_WORD
27049,B_WORD
27050,I_WORD
27051,I_WORD
27052,E_WORD
27053,B_WORD
27054,I_WORD
27055,E_WORD
27057,B_WORD
27058,E_WORD
27060,B_WORD
27061,E_WORD
27063,B_WORD
27064,I_WORD
27065,E_WORD
27066,B_WORD
27067,I_WORD
27068,E_WORD
27069,B_WORD
27070,I_WORD
27071,I_WORD
27072,E_WORD
27073,B_WORD
27074,I_WORD
27075,I_WORD
27076,E_WORD
27077,B_WORD
27078,I_WORD
27079,I_WORD
27080,E_WORD
27081,B_WORD
27082,I_WORD
27083,E_WORD
27084,B_WORD
27085,I_WORD
27086,I_WORD
27087,I_WORD
27088,I_WORD
27089,I_WORD
27090,E_WORD
27091,B_WORD
27092,I_WORD
27093,I_WORD
27094,E_WORD
27096,B_WORD
27097,E_WORD
27099,B_WORD
27100,E_WORD
27102,B_WORD
27103,I_WORD
27104,I_WORD
27105,I_WORD
27106,I_WORD
27107,I_WORD
27108,I_WORD
27109,E_WORD
27111,B_WORD
27112,I_WORD
27113,I_WORD
27114,E_WORD
27115,B_WORD
27116,I_WORD
27117,E_WORD
27118,B_WORD
27119,I_WORD
27120,E_WORD
27121,B_WORD
27122,I_WORD
27123,I_WORD
27124,I_WORD
27125,I_WORD
27126,I_WORD
27127,I_WORD
27128,E_WORD
27129,B_WORD
27130,I_WORD
27131,I_WORD
27132,I_WORD
27133,E_WORD
27135,B_WORD
27136,I_WORD
27137,E_WORD
27138,B_WORD
27139,I_WORD
27140,I_WORD
27141,I_WORD
27142,I_WORD
27143,E_WORD
27144,B_WORD
27145,I_WORD
27146,E_WORD
27147,B_WORD
27148,I_WORD
27149,E_WORD
27150,B_WORD
27151,I_WORD
27152,E_WORD
27154,B_WORD
27155,I_WORD
27156,I_WORD
27157,E_WORD
27158,B_WORD
27159,I_WORD
27160,I_WORD
27161,I_WORD
27162,I_WORD
27163,I_WORD
27164,E_WORD
27165,B_WORD
27166,I_WORD
27167,I_WORD
27168,I_WORD
27169,I_WORD
27170,E_WORD
27171,B_WORD
27172,I_WORD
27173,I_WORD
27174,I_WORD
27175,I_WORD
27176,E_WORD
27177,B_WORD
27178,I_WORD
27179,I_WORD
27180,I_WORD
27181,I_WORD
27182,E_WORD
27184,B_WORD
27185,I_WORD
27186,E_WORD
27187,B_WORD
27188,I_WORD
27189,I_WORD
27190,I_WORD
27191,I_WORD
27192,I_WORD
27193,E_WORD
27194,B_WORD
27195,E_WORD
27196,B_WORD
27197,E_WORD
27198,B_WORD
27199,I_WORD
27200,E_WORD
27201,B_WORD
27202,I_WORD
27203,I_WORD
27204,E_WORD
27205,B_WORD
27206,I_WORD
27207,E_WORD
27209,B_WORD
27210,I_WORD
27211,I_WORD
27212,E_WORD
27213,B_WORD
27214,I_WORD
27215,I_WORD
27216,I_WORD
27217,I_WORD
27218,I_WORD
27219,E_WORD
27221,B_WORD
27222,I_WORD
27223,I_WORD
27224,E_WORD
27226,B_WORD
27227,E_WORD
27229,B_WORD
27230,I_WORD
27231,I_WORD
27232,I_WORD
27233,I_WORD
27234,I_WORD
27235,I_WORD
27236,I_WORD
27237,I_WORD
27238,I_WORD
27239,E_WORD
27240,B_WORD
27241,I_WORD
27242,I_WORD
27243,I_WORD
27244,I_WORD
27245,I_WORD
27246,I_WORD
27247,E_WORD
27248,B_WORD
27249,E_WORD
27250,B_WORD
27251,I_WORD
27252,I_WORD
27253,I_WORD
27254,I_WORD
27255,I_WORD
27256,E_WORD
27257,B_WORD
27258,I_WORD
27259,I_WORD
27260,I_WORD
27261,E_WORD
27263,B_WORD
27264,I_WORD
27265,E_WORD
27266,B_WORD
27267,I_WORD
27268,E_WORD
27269,B_WORD
27270,I_WORD
27271,I_WORD
27272,E_WORD
27273,B_WORD
27274,I_WORD
27275,I_WORD
27276,E_WORD
27277,B_WORD
27278,I_WORD
27279,I_WORD
27280,E_WORD
27281,B_WORD
27282,I_WORD
27283,E_WORD
27284,B_WORD
27285,E_WORD
27286,B_WORD
27287,I_WORD
27288,I_WORD
27289,E_WORD
27290,B_WORD
27291,I_WORD
27292,I_WORD
27293,I_WORD
27294,I_WORD
27295,I_WORD
27296,I_WORD
27297,E_WORD
27299,B_WORD
27300,I_WORD
27301,I_WORD
27302,E_WORD
27304,B_WORD
27305,E_WORD
27307,B_WORD
27308,I_WORD
27309,I_WORD
27310,I_WORD
27311,I_WORD
27312,I_WORD
27313,I_WORD
27314,I_WORD
27315,I_WORD
27316,I_WORD
27317,E_WORD
27318,B_WORD
27319,I_WORD
27320,E_WORD
27321,B_WORD
27322,I_WORD
27323,I_WORD
27324,E_WORD
27325,B_WORD
27326,I_WORD
27327,E_WORD
27328,B_WORD
27329,I_WORD
27330,I_WORD
27331,I_WORD
27332,I_WORD
27333,E_WORD
27334,B_WORD
27335,I_WORD
27336,I_WORD
27337,I_WORD
27338,E_WORD
27339,B_WORD
27340,I_WORD
27341,I_WORD
27342,I_WORD
27343,E_WORD
27344,B_WORD
27345,I_WORD
27346,I_WORD
27347,E_WORD
27348,B_WORD
27349,I_WORD
27350,E_WORD
27352,B_WORD
27353,I_WORD
27354,I_WORD
27355,I_WORD
27356,E_WORD
27357,B_WORD
27358,I_WORD
27359,I_WORD
27360,E_WORD
27361,B_WORD
27362,E_WORD
27364,B_WORD
27365,I_WORD
27366,I_WORD
27367,E_WORD
27369,B_WORD
27371,B_WORD
27372,I_WORD
27373,I_WORD
27374,E_WORD
27376,B_WORD
27377,I_WORD
27378,I_WORD
27379,E_WORD
27380,B_WORD
27381,I_WORD
27382,E_WORD
27383,B_WORD
27384,I_WORD
27385,E_WORD
27386,B_WORD
27387,I_WORD
27388,I_WORD
27389,I_WORD
27390,I_WORD
27391,E_WORD
27392,B_WORD
27393,I_WORD
27394,I_WORD
27395,I_WORD
27396,I_WORD
27397,E_WORD
27398,B_WORD
27399,E_WORD
27400,B_WORD
27401,I_WORD
27402,I_WORD
27403,I_WORD
27404,I_WORD
27405,I_WORD
27406,I_WORD
27407,E_WORD
27408,B_WORD
27409,I_WORD
27410,I_WORD
27411,I_WORD
27412,E_WORD
27413,B_WORD
27414,I_WORD
27415,I_WORD
27416,I_WORD
27417,E_WORD
27418,B_WORD
27419,I_WORD
27420,I_WORD
27421,E_WORD
27422,B_WORD
27423,I_WORD
27424,E_WORD
27425,B_WORD
27426,I_WORD
27427,E_WORD
27428,B_WORD
27429,I_WORD
27430,E_WORD
27431,B_WORD
27432,I_WORD
27433,I_WORD
27434,I_WORD
27435,I_WORD
27436,I_WORD
27437,E_WORD
27439,B_WORD
27440,I_WORD
27441,I_WORD
27442,E_WORD
27443,B_WORD
27444,I_WORD
27445,I_WORD
27446,I_WORD
27447,I_WORD
27448,I_WORD
27449,E_WORD
27450,B_WORD
27451,I_WORD
27452,E_WORD
27453,B_WORD
27454,I_WORD
27455,E_WORD
27456,B_WORD
27457,I_WORD
27458,I_WORD
27459,E_WORD
27460,B_WORD
27461,I_WORD
27462,I_WORD
27463,I_WORD
27464,I_WORD
27465,I_WORD
27466,E_WORD
27467,B_WORD
27468,I_WORD
27469,E_WORD
27471,B_WORD
27472,I_WORD
27473,E_WORD
27474,B_WORD
27475,I_WORD
27476,I_WORD
27477,I_WORD
27478,I_WORD
27479,I_WORD
27480,I_WORD
27481,I_WORD
27482,E_WORD
27483,B_WORD
27484,I_WORD
27485,E_WORD
27486,B_WORD
27487,I_WORD
27488,I_WORD
27489,I_WORD
27490,I_WORD
27491,I_WORD
27492,I_WORD
27493,E_WORD
27494,B_WORD
27495,I_WORD
27496,E_WORD
27497,B_WORD
27498,I_WORD
27499,I_WORD
27500,I_WORD
27501,I_WORD
27502,I_WORD
27503,I_WORD
27504,I_WORD
27505,E_WORD
27507,B_WORD
27508,I_WORD
27509,I_WORD
27510,I_WORD
27511,I_WORD
27512,I_WORD
27513,I_WORD
27514,I_WORD
27515,I_WORD
27516,I_WORD
27517,E_WORD
27518,B_WORD
27519,I_WORD
27520,I_WORD
27521,I_WORD
27522,I_WORD
27523,E_WORD
27524,B_WORD
27525,I_WORD
27526,I_WORD
27527,E_WORD
27528,B_WORD
27529,I_WORD
27530,E_WORD
27531,B_WORD
27532,I_WORD
27533,E_WORD
27534,B_WORD
27535,I_WORD
27536,I_WORD
27537,E_WORD
27538,B_WORD
27539,I_WORD
27540,E_WORD
27541,B_WORD
27542,I_WORD
27543,I_WORD
27544,E_WORD
27545,B_WORD
27546,I_WORD
27547,E_WORD
27548,B_WORD
27549,E_WORD
27550,B_WORD
27551,I_WORD
27552,I_WORD
27553,I_WORD
27554,I_WORD
27555,E_WORD
27557,B_WORD
27558,I_WORD
27559,I_WORD
27560,I_WORD
27561,E_WORD
27562,B_WORD
27563,I_WORD
27564,E_WORD
27565,B_WORD
27566,I_WORD
27567,I_WORD
27568,E_WORD
27569,B_WORD
27570,I_WORD
27571,I_WORD
27572,I_WORD
27573,I_WORD
27574,E_WORD
27575,B_WORD
27576,I_WORD
27577,E_WORD
27578,B_WORD
27579,I_WORD
27580,I_WORD
27581,E_WORD
27582,B_WORD
27583,I_WORD
27584,I_WORD
27585,E_WORD
27586,B_WORD
27587,I_WORD
27588,I_WORD
27589,I_WORD
27590,E_WORD
27591,B_WORD
27592,I_WORD
27593,I_WORD
27594,I_WORD
27595,I_WORD
27596,I_WORD
27597,E_WORD
27598,B_WORD
27599,I_WORD
27600,I_WORD
27601,I_WORD
27602,I_WORD
27603,I_WORD
27604,E_WORD
27606,B_WORD
27607,I_WORD
27608,I_WORD
27609,I_WORD
27610,I_WORD
27611,E_WORD
27612,B_WORD
27613,I_WORD
27614,E_WORD
27615,B_WORD
27616,I_WORD
27617,I_WORD
27618,I_WORD
27619,E_WORD
27620,B_WORD
27621,I_WORD
27622,I_WORD
27623,E_WORD
27624,B_WORD
27625,I_WORD
27626,E_WORD
27627,B_WORD
27628,I_WORD
27629,E_WORD
27630,B_WORD
27631,I_WORD
27632,I_WORD
27633,E_WORD
27634,B_WORD
27635,I_WORD
27636,E_WORD
27637,B_WORD
27638,I_WORD
27639,E_WORD
27640,B_WORD
27641,I_WORD
27642,I_WORD
27643,I_WORD
27644,I_WORD
27645,I_WORD
27646,I_WORD
27647,I_WORD
27648,E_WORD
27649,B_WORD
27650,I_WORD
27651,I_WORD
27652,E_WORD
27653,B_WORD
27654,E_WORD
27656,B_WORD
27657,I_WORD
27658,I_WORD
27659,I_WORD
27660,I_WORD
27661,I_WORD
27662,E_WORD
27663,B_WORD
27664,I_WORD
27665,E_WORD
27666,B_WORD
27667,I_WORD
27668,I_WORD
27669,I_WORD
27670,I_WORD
27671,E_WORD
27672,B_WORD
27673,I_WORD
27674,I_WORD
27675,I_WORD
27676,E_WORD
27677,B_WORD
27678,E_WORD
27680,B_WORD
27681,I_WORD
27682,I_WORD
27683,E_WORD
27685,B_WORD
27686,I_WORD
27687,E_WORD
27688,B_WORD
27689,I_WORD
27690,I_WORD
27691,I_WORD
27692,I_WORD
27693,I_WORD
27694,I_WORD
27695,I_WORD
27696,E_WORD
27697,B_WORD
27698,I_WORD
27699,E_WORD
27700,B_WORD
27701,I_WORD
27702,E_WORD
27703,B_WORD
27704,I_WORD
27705,I_WORD
27706,I_WORD
27707,I_WORD
27708,I_WORD
27709,E_WORD
27710,B_WORD
27711,I_WORD
27712,I_WORD
27713,I_WORD
27714,I_WORD
27715,E_WORD
27716,B_WORD
27717,I_WORD
27718,E_WORD
27719,B_WORD
27720,I_WORD
27721,I_WORD
27722,I_WORD
27723,E_WORD
27724,B_WORD
27725,I_WORD
27726,I_WORD
27727,I_WORD
27728,E_WORD
27729,B_WORD
27730,I_WORD
27731,I_WORD
27732,E_WORD
27733,B_WORD
27734,I_WORD
27735,I_WORD
27736,I_WORD
27737,I_WORD
27738,I_WORD
27739,E_WORD
27740,B_WORD
27741,I_WORD
27742,I_WORD
27743,I_WORD
27744,I_WORD
27745,I_WORD
27746,I_WORD
27747,I_WORD
27748,I_WORD
27749,E_WORD
27750,B_WORD
27751,I_WORD
27752,E_WORD
27753,B_WORD
27754,I_WORD
27755,I_WORD
27756,E_WORD
27757,B_WORD
27758,I_WORD
27759,I_WORD
27760,I_WORD
27761,E_WORD
27763,B_WORD
27765,B_WORD
27766,E_WORD
27768,B_WORD
27769,I_WORD
27770,I_WORD
27771,I_WORD
27772,I_WORD
27773,E_WORD
27774,B_WORD
27775,I_WORD
27776,I_WORD
27777,I_WORD
27778,I_WORD
27779,I_WORD
27780,E_WORD
27781,B_WORD
27782,I_WORD
27783,I_WORD
27784,I_WORD
27785,I_WORD
27786,E_WORD
27787,B_WORD
27788,I_WORD
27789,I_WORD
27790,E_WORD
27791,B_WORD
27792,I_WORD
27793,I_WORD
27794,E_WORD
27795,B_WORD
27796,I_WORD
27797,I_WORD
27798,I_WORD
27799,I_WORD
27800,E_WORD
27801,B_WORD
27802,I_WORD
27803,E_WORD
27804,B_WORD
27805,I_WORD
27806,I_WORD
27807,E_WORD
27808,B_WORD
27809,I_WORD
27810,I_WORD
27811,I_WORD
27812,I_WORD
27813,I_WORD
27814,E_WORD
27815,B_WORD
27816,I_WORD
27817,I_WORD
27818,I_WORD
27819,E_WORD
27820,B_WORD
27821,I_WORD
27822,E_WORD
27823,B_WORD
27824,I_WORD
27825,I_WORD
27826,I_WORD
27827,I_WORD
27828,E_WORD
27830,B_WORD
27831,I_WORD
27832,I_WORD
27833,I_WORD
27834,I_WORD
27835,I_WORD
27836,I_WORD
27837,I_WORD
27838,I_WORD
27839,I_WORD
27840,I_WORD
27841,E_WORD
27843,B_WORD
27844,I_WORD
27845,I_WORD
27846,I_WORD
27847,I_WORD
27848,E_WORD
27849,B_WORD
27850,I_WORD
27851,E_WORD
27852,B_WORD
27853,I_WORD
27854,I_WORD
27855,I_WORD
27856,I_WORD
27857,E_WORD
27858,B_WORD
27859,I_WORD
27860,I_WORD
27861,I_WORD
27862,E_WORD
27863,B_WORD
27864,E_WORD
27866,B_WORD
27867,I_WORD
27868,I_WORD
27869,E_WORD
27871,B_WORD
27872,I_WORD
27873,E_WORD
27875,B_WORD
27876,I_WORD
27877,I_WORD
27878,I_WORD
27879,I_WORD
27880,E_WORD
27881,B_WORD
27882,I_WORD
27883,E_WORD
27884,B_WORD
27885,I_WORD
27886,I_WORD
27887,I_WORD
27888,E_WORD
27889,B_WORD
27890,I_WORD
27891,E_WORD
27892,B_WORD
27893,I_WORD
27894,I_WORD
27895,I_WORD
27896,I_WORD
27897,I_WORD
27898,E_WORD
27900,B_WORD
27901,I_WORD
27902,E_WORD
27903,B_WORD
27904,I_WORD
27905,E_WORD
27906,B_WORD
27907,I_WORD
27908,I_WORD
27909,I_WORD
27910,I_WORD
27911,I_WORD
27912,I_WORD
27913,E_WORD
27914,B_WORD
27915,I_WORD
27916,I_WORD
27917,E_WORD
27918,B_WORD
27919,I_WORD
27920,I_WORD
27921,I_WORD
27922,I_WORD
27923,I_WORD
27924,I_WORD
27925,E_WORD
27926,B_WORD
27927,I_WORD
27928,E_WORD
27929,B_WORD
27930,I_WORD
27931,E_WORD
27932,B_WORD
27933,I_WORD
27934,I_WORD
27935,I_WORD
27936,I_WORD
27937,I_WORD
27938,E_WORD
27939,B_WORD
27940,I_WORD
27941,E_WORD
27942,B_WORD
27943,I_WORD
27944,I_WORD
27945,I_WORD
27946,I_WORD
27947,I_WORD
27948,E_WORD
27949,B_WORD
27950,I_WORD
27951,I_WORD
27952,E_WORD
27954,B_WORD
27955,I_WORD
27956,E_WORD
27958,B_WORD
27959,I_WORD
27960,I_WORD
27961,I_WORD
27962,I_WORD
27963,I_WORD
27964,I_WORD
27965,I_WORD
27966,I_WORD
27967,I_WORD
27968,I_WORD
27969,I_WORD
27970,E_WORD
27972,B_WORD
27973,E_WORD
27974,B_WORD
27975,I_WORD
27976,E_WORD
27977,B_WORD
27978,I_WORD
27979,I_WORD
27980,E_WORD
27981,B_WORD
27982,I_WORD
27983,I_WORD
27984,I_WORD
27985,I_WORD
27986,I_WORD
27987,I_WORD
27988,E_WORD
27989,B_WORD
27990,I_WORD
27991,E_WORD
27992,B_WORD
27993,I_WORD
27994,E_WORD
27995,B_WORD
27996,I_WORD
27997,E_WORD
27998,B_WORD
27999,I_WORD
28000,E_WORD
28001,B_WORD
28002,E_WORD
28003,B_WORD
28004,E_WORD
28005,B_WORD
28006,I_WORD
28007,I_WORD
28008,I_WORD
28009,I_WORD
28010,I_WORD
28011,I_WORD
28012,I_WORD
28013,E_WORD
28015,B_WORD
28016,I_WORD
28017,E_WORD
28018,B_WORD
28019,I_WORD
28020,I_WORD
28021,E_WORD
28022,B_WORD
28023,I_WORD
28024,E_WORD
28025,B_WORD
28026,I_WORD
28027,I_WORD
28028,I_WORD
28029,I_WORD
28030,E_WORD
28031,B_WORD
28032,I_WORD
28033,E_WORD
28034,B_WORD
28035,I_WORD
28036,I_WORD
28037,E_WORD
28038,B_WORD
28039,I_WORD
28040,E_WORD
28041,B_WORD
28042,I_WORD
28043,I_WORD
28044,I_WORD
28045,E_WORD
28047,B_WORD
28048,I_WORD
28049,I_WORD
28050,I_WORD
28051,I_WORD
28052,I_WORD
28053,I_WORD
28054,I_WORD
28055,I_WORD
28056,I_WORD
28057,E_WORD
28058,B_WORD
28059,I_WORD
28060,I_WORD
28061,I_WORD
28062,E_WORD
28063,B_WORD
28064,I_WORD
28065,I_WORD
28066,I_WORD
28067,I_WORD
28068,I_WORD
28069,E_WORD
28070,B_WORD
28071,I_WORD
28072,E_WORD
28073,B_WORD
28074,I_WORD
28075,I_WORD
28076,E_WORD
28078,B_WORD
28079,I_WORD
28080,E_WORD
28082,B_WORD
28083,I_WORD
28084,E_WORD
28085,B_WORD
28086,I_WORD
28087,I_WORD
28088,I_WORD
28089,I_WORD
28090,E_WORD
28091,B_WORD
28092,I_WORD
28093,I_WORD
28094,I_WORD
28095,E_WORD
28096,B_WORD
28097,I_WORD
28098,I_WORD
28099,E_WORD
28100,B_WORD
28101,I_WORD
28102,I_WORD
28103,I_WORD
28104,I_WORD
28105,I_WORD
28106,I_WORD
28107,E_WORD
28108,B_WORD
28109,I_WORD
28110,I_WORD
28111,I_WORD
28112,I_WORD
28113,E_WORD
28114,B_WORD
28115,I_WORD
28116,E_WORD
28117,B_WORD
28118,I_WORD
28119,E_WORD
28121,B_WORD
28122,I_WORD
28123,I_WORD
28124,I_WORD
28125,I_WORD
28126,I_WORD
28127,E_WORD
28128,B_WORD
28129,I_WORD
28130,I_WORD
28131,I_WORD
28132,I_WORD
28133,I_WORD
28134,I_WORD
28135,E_WORD
28136,B_WORD
28137,I_WORD
28138,I_WORD
28139,I_WORD
28140,I_WORD
28141,I_WORD
28142,I_WORD
28143,I_WORD
28144,E_WORD
28145,B_WORD
28146,I_WORD
28147,E_WORD
28149,B_WORD
28151,B_WORD
28152,I_WORD
28153,I_WORD
28154,I_WORD
28155,I_WORD
28156,I_WORD
28157,E_WORD
28159,B_WORD
28160,I_WORD
28161,I_WORD
28162,I_WORD
28163,E_WORD
28164,B_WORD
28165,I_WORD
28166,I_WORD
28167,I_WORD
28168,I_WORD
28169,I_WORD
28170,E_WORD
28171,B_WORD
28172,I_WORD
28173,I_WORD
28174,I_WORD
28175,I_WORD
28176,I_WORD
28177,I_WORD
28178,I_WORD
28179,I_WORD
28180,E_WORD
28182,B_WORD
28183,I_WORD
28184,I_WORD
28185,I_WORD
28186,E_WORD
28188,B_WORD
28190,B_WORD
28191,I_WORD
28192,I_WORD
28193,I_WORD
28194,E_WORD
28195,B_WORD
28196,I_WORD
28197,I_WORD
28198,I_WORD
28199,I_WORD
28200,I_WORD
28201,E_WORD
28202,B_WORD
28203,I_WORD
28204,I_WORD
28205,E_WORD
28206,B_WORD
28207,I_WORD
28208,I_WORD
28209,E_WORD
28210,B_WORD
28211,I_WORD
28212,I_WORD
28213,I_WORD
28214,I_WORD
28215,E_WORD
28217,B_WORD
28218,I_WORD
28219,E_WORD
28220,B_WORD
28221,I_WORD
28222,I_WORD
28223,E_WORD
28224,B_WORD
28225,I_WORD
28226,E_WORD
28227,B_WORD
28228,I_WORD
28229,I_WORD
28230,I_WORD
28231,E_WORD
28232,B_WORD
28233,E_WORD
28234,B_WORD
28235,I_WORD
28236,I_WORD
28237,I_WORD
28238,I_WORD
28239,E_WORD
28240,B_WORD
28241,I_WORD
28242,I_WORD
28243,I_WORD
28244,E_WORD
28246,B_WORD
28248,B_WORD
28249,E_WORD
28251,B_WORD
28252,I_WORD
28253,E_WORD
28254,B_WORD
28255,I_WORD
28256,I_WORD
28257,E_WORD
28258,B_WORD
28259,I_WORD
28260,E_WORD
28261,B_WORD
28262,I_WORD
28263,I_WORD
28264,I_WORD
28265,I_WORD
28266,E_WORD
28267,B_WORD
28268,I_WORD
28269,E_WORD
28270,B_WORD
28271,I_WORD
28272,I_WORD
28273,E_WORD
28274,B_WORD
28275,I_WORD
28276,I_WORD
28277,I_WORD
28278,I_WORD
28279,I_WORD
28280,I_WORD
28281,I_WORD
28282,E_WORD
28283,B_WORD
28284,I_WORD
28285,E_WORD
28286,B_WORD
28287,I_WORD
28288,E_WORD
28289,B_WORD
28290,I_WORD
28291,I_WORD
28292,I_WORD
28293,E_WORD
28295,B_WORD
28297,B_WORD
28298,E_WORD
28300,B_WORD
28301,I_WORD
28302,I_WORD
28303,E_WORD
28305,B_WORD
28307,B_WORD
28308,I_WORD
28309,E_WORD
28310,B_WORD
28311,I_WORD
28312,E_WORD
28314,B_WORD
28315,I_WORD
28316,E_WORD
28318,B_WORD
28319,I_WORD
28320,I_WORD
28321,I_WORD
28322,I_WORD
28323,I_WORD
28324,I_WORD
28325,I_WORD
28326,I_WORD
28327,I_WORD
28328,I_WORD
28329,E_WORD
28330,B_WORD
28331,I_WORD
28332,I_WORD
28333,I_WORD
28334,I_WORD
28335,E_WORD
28336,B_WORD
28337,I_WORD
28338,I_WORD
28339,I_WORD
28340,I_WORD
28341,I_WORD
28342,E_WORD
28344,B_WORD
28345,I_WORD
28346,I_WORD
28347,E_WORD
28348,B_WORD
28349,E_WORD
28350,B_WORD
28351,I_WORD
28352,I_WORD
28353,I_WORD
28354,I_WORD
28355,E_WORD
28356,B_WORD
28357,I_WORD
28358,E_WORD
28359,B_WORD
28360,I_WORD
28361,E_WORD
28362,B_WORD
28363,I_WORD
28364,E_WORD
28365,B_WORD
28366,I_WORD
28367,I_WORD
28368,I_WORD
28369,E_WORD
28371,B_WORD
28372,I_WORD
28373,I_WORD
28374,I_WORD
28375,E_WORD
28376,B_WORD
28377,I_WORD
28378,E_WORD
28380,B_WORD
28381,I_WORD
28382,I_WORD
28383,I_WORD
28384,I_WORD
28385,I_WORD
28386,I_WORD
28387,I_WORD
28388,I_WORD
28389,I_WORD
28390,I_WORD
28391,E_WORD
28392,B_WORD
28393,I_WORD
28394,E_WORD
28395,B_WORD
28396,I_WORD
28397,I_WORD
28398,I_WORD
28399,I_WORD
28400,E_WORD
28401,B_WORD
28402,I_WORD
28403,E_WORD
28405,B_WORD
28406,I_WORD
28407,I_WORD
28408,I_WORD
28409,I_WORD
28410,I_WORD
28411,I_WORD
28412,E_WORD
28413,B_WORD
28414,I_WORD
28415,E_WORD
28416,B_WORD
28417,I_WORD
28418,I_WORD
28419,I_WORD
28420,I_WORD
28421,E_WORD
28422,B_WORD
28423,E_WORD
28425,B_WORD
28426,I_WORD
28427,I_WORD
28428,E_WORD
28430,B_WORD
28431,I_WORD
28432,E_WORD
28433,B_WORD
28434,I_WORD
28435,E_WORD
28436,B_WORD
28437,I_WORD
28438,E_WORD
28439,B_WORD
28440,I_WORD
28441,I_WORD
28442,E_WORD
28443,B_WORD
28444,I_WORD
28445,I_WORD
28446,E_WORD
28447,B_WORD
28448,I_WORD
28449,E_WORD
28450,B_WORD
28451,E_WORD
28452,B_WORD
28453,I_WORD
28454,I_WORD
28455,I_WORD
28456,I_WORD
28457,I_WORD
28458,I_WORD
28459,I_WORD
28460,E_WORD
28461,B_WORD
28462,I_WORD
28463,I_WORD
28464,I_WORD
28465,I_WORD
28466,E_WORD
28467,B_WORD
28468,I_WORD
28469,E_WORD
28470,B_WORD
28471,I_WORD
28472,I_WORD
28473,I_WORD
28474,I_WORD
28475,I_WORD
28476,I_WORD
28477,E_WORD
28478,B_WORD
28479,E_WORD
28480,B_WORD
28481,I_WORD
28482,I_WORD
28483,I_WORD
28484,I_WORD
28485,E_WORD
28487,B_WORD
28488,I_WORD
28489,I_WORD
28490,I_WORD
28491,I_WORD
28492,I_WORD
28493,E_WORD
28494,B_WORD
28495,I_WORD
28496,I_WORD
28497,I_WORD
28498,I_WORD
28499,I_WORD
28500,I_WORD
28501,I_WORD
28502,I_WORD
28503,I_WORD
28504,I_WORD
28505,E_WORD
28506,B_WORD
28507,I_WORD
28508,E_WORD
28510,B_WORD
28511,I_WORD
28512,E_WORD
28514,B_WORD
28515,I_WORD
28516,E_WORD
28517,B_WORD
28518,I_WORD
28519,I_WORD
28520,I_WORD
28521,I_WORD
28522,E_WORD
28523,B_WORD
28524,I_WORD
28525,I_WORD
28526,I_WORD
28527,I_WORD
28528,I_WORD
28529,I_WORD
28530,E_WORD
28532,B_WORD
28533,E_WORD
28535,B_WORD
28536,I_WORD
28537,I_WORD
28538,I_WORD
28539,I_WORD
28540,I_WORD
28541,E_WORD
28542,B_WORD
28543,I_WORD
28544,E_WORD
28546,B_WORD
28547,I_WORD
28548,I_WORD
28549,I_WORD
28550,I_WORD
28551,E_WORD
28552,B_WORD
28553,I_WORD
28554,E_WORD
28555,B_WORD
28556,I_WORD
28557,E_WORD
28558,B_WORD
28559,E_WORD
28560,B_WORD
28561,I_WORD
28562,E_WORD
28563,B_WORD
28564,I_WORD
28565,I_WORD
28566,I_WORD
28567,I_WORD
28568,E_WORD
28569,B_WORD
28570,I_WORD
28571,E_WORD
28572,B_WORD
28573,I_WORD
28574,I_WORD
28575,I_WORD
28576,I_WORD
28577,E_WORD
28578,B_WORD
28579,I_WORD
28580,I_WORD
28581,I_WORD
28582,E_WORD
28583,B_WORD
28584,E_WORD
28586,B_WORD
28587,I_WORD
28588,I_WORD
28589,E_WORD
28591,B_WORD
28592,I_WORD
28593,E_WORD
28594,B_WORD
28595,I_WORD
28596,I_WORD
28597,I_WORD
28598,I_WORD
28599,E_WORD
28600,B_WORD
28601,I_WORD
28602,E_WORD
28603,B_WORD
28604,I_WORD
28605,I_WORD
28606,I_WORD
28607,E_WORD
28608,B_WORD
28609,I_WORD
28610,E_WORD
28611,B_WORD
28612,I_WORD
28613,I_WORD
28614,I_WORD
28615,I_WORD
28616,I_WORD
28617,E_WORD
28618,B_WORD
28619,I_WORD
28620,I_WORD
28621,E_WORD
28622,B_WORD
28623,I_WORD
28624,E_WORD
28625,B_WORD
28626,I_WORD
28627,I_WORD
28628,I_WORD
28629,I_WORD
28630,I_WORD
28631,I_WORD
28632,I_WORD
28633,I_WORD
28634,I_WORD
28635,E_WORD
28636,B_WORD
28637,I_WORD
28638,E_WORD
28639,B_WORD
28640,I_WORD
28641,I_WORD
28642,I_WORD
28643,I_WORD
28644,E_WORD
28645,B_WORD
28646,I_WORD
28647,E_WORD
28648,B_WORD
28649,I_WORD
28650,I_WORD
28651,I_WORD
28652,E_WORD
28653,B_WORD
28654,I_WORD
28655,I_WORD
28656,E_WORD
28657,B_WORD
28658,E_WORD
28659,B_WORD
28660,I_WORD
28661,I_WORD
28662,I_WORD
28663,I_WORD
28664,I_WORD
28665,E_WORD
28667,B_WORD
28668,I_WORD
28669,E_WORD
28671,B_WORD
28672,I_WORD
28673,I_WORD
28674,E_WORD
28675,B_WORD
28676,I_WORD
28677,I_WORD
28678,I_WORD
28679,E_WORD
28680,B_WORD
28681,I_WORD
28682,I_WORD
28683,I_WORD
28684,I_WORD
28685,E_WORD
28686,B_WORD
28687,I_WORD
28688,E_WORD
28689,B_WORD
28690,I_WORD
28691,I_WORD
28692,I_WORD
28693,I_WORD
28694,I_WORD
28695,E_WORD
28696,B_WORD
28697,I_WORD
28698,I_WORD
28699,I_WORD
28700,E_WORD
28701,B_WORD
28702,I_WORD
28703,I_WORD
28704,I_WORD
28705,I_WORD
28706,I_WORD
28707,I_WORD
28708,I_WORD
28709,E_WORD
28711,B_WORD
28712,I_WORD
28713,I_WORD
28714,I_WORD
28715,I_WORD
28716,I_WORD
28717,I_WORD
28718,I_WORD
28719,I_WORD
28720,I_WORD
28721,E_WORD
28722,B_WORD
28723,I_WORD
28724,E_WORD
28725,B_WORD
28726,I_WORD
28727,E_WORD
28729,B_WORD
28730,I_WORD
28731,E_WORD
28733,B_WORD
28734,I_WORD
28735,I_WORD
28736,I_WORD
28737,I_WORD
28738,E_WORD
28739,B_WORD
28740,I_WORD
28741,I_WORD
28742,I_WORD
28743,I_WORD
28744,I_WORD
28745,I_WORD
28746,I_WORD
28747,I_WORD
28748,E_WORD
28749,B_WORD
28750,I_WORD
28751,E_WORD
28753,B_WORD
28754,I_WORD
28755,I_WORD
28756,I_WORD
28757,I_WORD
28758,I_WORD
28759,I_WORD
28760,I_WORD
28761,I_WORD
28762,E_WORD
28763,B_WORD
28764,I_WORD
28765,I_WORD
28766,I_WORD
28767,I_WORD
28768,I_WORD
28769,E_WORD
28770,B_WORD
28771,I_WORD
28772,E_WORD
28773,B_WORD
28774,I_WORD
28775,I_WORD
28776,I_WORD
28777,I_WORD
28778,I_WORD
28779,I_WORD
28780,I_WORD
28781,I_WORD
28782,I_WORD
28783,E_WORD
28784,B_WORD
28785,E_WORD
28786,B_WORD
28787,I_WORD
28788,E_WORD
28789,B_WORD
28790,I_WORD
28791,I_WORD
28792,I_WORD
28793,I_WORD
28794,E_WORD
28795,B_WORD
28796,I_WORD
28797,E_WORD
28798,B_WORD
28799,I_WORD
28800,I_WORD
28801,I_WORD
28802,I_WORD
28803,I_WORD
28804,E_WORD
28805,B_WORD
28806,I_WORD
28807,E_WORD
28808,B_WORD
28809,I_WORD
28810,I_WORD
28811,I_WORD
28812,I_WORD
28813,I_WORD
28814,I_WORD
28815,I_WORD
28816,I_WORD
28817,I_WORD
28818,E_WORD
28819,B_WORD
28820,I_WORD
28821,I_WORD
28822,I_WORD
28823,I_WORD
28824,E_WORD
28825,B_WORD
28826,I_WORD
28827,I_WORD
28828,I_WORD
28829,E_WORD
28830,B_WORD
28831,I_WORD
28832,E_WORD
28833,B_WORD
28834,I_WORD
28835,I_WORD
28836,I_WORD
28837,I_WORD
28838,I_WORD
28839,I_WORD
28840,E_WORD
28841,B_WORD
28842,E_WORD
28843,B_WORD
28844,I_WORD
28845,I_WORD
28846,I_WORD
28847,I_WORD
28848,E_WORD
28850,B_WORD
28851,I_WORD
28852,I_WORD
28853,I_WORD
28854,E_WORD
28855,B_WORD
28856,I_WORD
28857,I_WORD
28858,I_WORD
28859,I_WORD
28860,I_WORD
28861,E_WORD
28862,B_WORD
28863,I_WORD
28864,I_WORD
28865,E_WORD
28866,B_WORD
28867,I_WORD
28868,I_WORD
28869,I_WORD
28870,I_WORD
28871,I_WORD
28872,E_WORD
28874,B_WORD
28875,I_WORD
28876,I_WORD
28877,I_WORD
28878,I_WORD
28879,E_WORD
28880,B_WORD
28881,I_WORD
28882,I_WORD
28883,E_WORD
28884,B_WORD
28885,I_WORD
28886,E_WORD
28887,B_WORD
28888,I_WORD
28889,I_WORD
28890,I_WORD
28891,I_WORD
28892,I_WORD
28893,E_WORD
28894,B_WORD
28895,I_WORD
28896,E_WORD
28897,B_WORD
28898,I_WORD
28899,I_WORD
28900,I_WORD
28901,I_WORD
28902,E_WORD
28903,B_WORD
28904,I_WORD
28905,E_WORD
28906,B_WORD
28907,I_WORD
28908,I_WORD
28909,I_WORD
28910,E_WORD
28911,B_WORD
28912,I_WORD
28913,E_WORD
28914,B_WORD
28915,I_WORD
28916,I_WORD
28917,I_WORD
28918,E_WORD
28919,B_WORD
28920,I_WORD
28921,E_WORD
28922,B_WORD
28923,I_WORD
28924,I_WORD
28925,I_WORD
28926,E_WORD
28927,B_WORD
28928,I_WORD
28929,E_WORD
28930,B_WORD
28931,I_WORD
28932,I_WORD
28933,E_WORD
28934,B_WORD
28935,I_WORD
28936,I_WORD
28937,I_WORD
28938,I_WORD
28939,E_WORD
28940,B_WORD
28941,I_WORD
28942,E_WORD
28943,B_WORD
28944,I_WORD
28945,I_WORD
28946,I_WORD
28947,I_WORD
28948,I_WORD
28949,E_WORD
28950,B_WORD
28951,I_WORD
28952,E_WORD
28953,B_WORD
28954,I_WORD
28955,I_WORD
28956,E_WORD
28957,B_WORD
28958,E_WORD
28959,B_WORD
28960,I_WORD
28961,E_WORD
28962,B_WORD
28963,I_WORD
28964,I_WORD
28965,I_WORD
28966,I_WORD
28967,E_WORD
28968,B_WORD
28969,I_WORD
28970,E_WORD
28971,B_WORD
28972,I_WORD
28973,I_WORD
28974,I_WORD
28975,E_WORD
28976,B_WORD
28977,I_WORD
28978,I_WORD
28979,E_WORD
28981,B_WORD
28982,I_WORD
28983,I_WORD
28984,I_WORD
28985,E_WORD
28987,B_WORD
28988,I_WORD
28989,E_WORD
28991,B_WORD
28992,I_WORD
28993,I_WORD
28994,I_WORD
28995,E_WORD
28996,B_WORD
28997,I_WORD
28998,I_WORD
28999,I_WORD
29000,I_WORD
29001,I_WORD
29002,I_WORD
29003,I_WORD
29004,E_WORD
29005,B_WORD
29006,I_WORD
29007,E_WORD
29008,B_WORD
29009,E_WORD
29011,B_WORD
29012,I_WORD
29013,I_WORD
29014,E_WORD
29015,B_WORD
29016,I_WORD
29017,E_WORD
29018,B_WORD
29019,I_WORD
29020,I_WORD
29021,I_WORD
29022,E_WORD
29023,B_WORD
29024,E_WORD
29025,B_WORD
29026,I_WORD
29027,I_WORD
29028,I_WORD
29029,I_WORD
29030,E_WORD
29031,B_WORD
29032,I_WORD
29033,I_WORD
29034,I_WORD
29035,E_WORD
29037,B_WORD
29039,B_WORD
29040,E_WORD
29042,B_WORD
29043,I_WORD
29044,E_WORD
29045,B_WORD
29046,I_WORD
29047,I_WORD
29048,E_WORD
29049,B_WORD
29050,I_WORD
29051,I_WORD
29052,I_WORD
29053,I_WORD
29054,I_WORD
29055,I_WORD
29056,I_WORD
29057,I_WORD
29058,E_WORD
29059,B_WORD
29060,I_WORD
29061,I_WORD
29062,I_WORD
29063,I_WORD
29064,I_WORD
29065,I_WORD
29066,E_WORD
29067,B_WORD
29068,I_WORD
29069,E_WORD
29070,B_WORD
29071,I_WORD
29072,I_WORD
29073,I_WORD
29074,I_WORD
29075,I_WORD
29076,E_WORD
29077,B_WORD
29078,I_WORD
29079,E_WORD
29080,B_WORD
29081,I_WORD
29082,I_WORD
29083,I_WORD
29084,I_WORD
29085,I_WORD
29086,E_WORD
29087,B_WORD
29088,I_WORD
29089,E_WORD
29090,B_WORD
29091,I_WORD
29092,I_WORD
29093,I_WORD
29094,I_WORD
29095,I_WORD
29096,I_WORD
29097,I_WORD
29098,I_WORD
29099,I_WORD
29100,E_WORD
29102,B_WORD
29104,B_WORD
29105,I_WORD
29106,I_WORD
29107,I_WORD
29108,I_WORD
29109,I_WORD
29110,I_WORD
29111,E_WORD
29113,B_WORD
29115,B_WORD
29116,E_WORD
29117,B_WORD
29118,I_WORD
29119,I_WORD
29120,I_WORD
29121,I_WORD
29122,I_WORD
29123,E_WORD
29124,B_WORD
29125,I_WORD
29126,E_WORD
29127,B_WORD
29128,I_WORD
29129,I_WORD
29130,I_WORD
29131,E_WORD
29132,B_WORD
29133,I_WORD
29134,I_WORD
29135,I_WORD
29136,I_WORD
29137,E_WORD
29138,B_WORD
29139,E_WORD
29140,B_WORD
29141,I_WORD
29142,E_WORD
29143,B_WORD
29144,I_WORD
29145,I_WORD
29146,I_WORD
29147,E_WORD
29148,B_WORD
29149,I_WORD
29150,I_WORD
29151,I_WORD
29152,I_WORD
29153,I_WORD
29154,I_WORD
29155,E_WORD
29156,B_WORD
29157,I_WORD
29158,I_WORD
29159,E_WORD
29160,B_WORD
29161,E_WORD
29162,B_WORD
29163,I_WORD
29164,I_WORD
29165,I_WORD
29166,E_WORD
29168,B_WORD
29169,I_WORD
29170,I_WORD
29171,I_WORD
29172,E_WORD
29173,B_WORD
29174,I_WORD
29175,I_WORD
29176,I_WORD
29177,E_WORD
29179,B_WORD
29180,I_WORD
29181,E_WORD
29182,B_WORD
29183,I_WORD
29184,I_WORD
29185,I_WORD
29186,I_WORD
29187,I_WORD
29188,E_WORD
29189,B_WORD
29190,I_WORD
29191,I_WORD
29192,I_WORD
29193,E_WORD
29194,B_WORD
29195,E_WORD
29196,B_WORD
29197,B_WORD
29198,I_WORD
29199,I_WORD
29200,I_WORD
29201,E_WORD
29202,B_WORD
29203,I_WORD
29204,I_WORD
29205,I_WORD
29206,E_WORD
29208,B_WORD
29209,I_WORD
29210,E_WORD
29211,B_WORD
29212,I_WORD
29213,I_WORD
29214,I_WORD
29215,I_WORD
29216,E_WORD
29217,B_WORD
29218,E_WORD
29219,B_WORD
29220,I_WORD
29221,I_WORD
29222,I_WORD
29223,I_WORD
29224,I_WORD
29225,I_WORD
29226,I_WORD
29227,E_WORD
29228,B_WORD
29229,I_WORD
29230,I_WORD
29231,E_WORD
29232,B_WORD
29233,I_WORD
29234,I_WORD
29235,E_WORD
29236,B_WORD
29237,I_WORD
29238,E_WORD
29239,B_WORD
29240,I_WORD
29241,I_WORD
29242,I_WORD
29243,I_WORD
29244,I_WORD
29245,I_WORD
29246,E_WORD
29247,B_WORD
29248,I_WORD
29249,I_WORD
29250,E_WORD
29251,B_WORD
29252,I_WORD
29253,I_WORD
29254,I_WORD
29255,I_WORD
29256,E_WORD
29257,B_WORD
29258,I_WORD
29259,I_WORD
29260,I_WORD
29261,I_WORD
29262,E_WORD
29263,B_WORD
29264,I_WORD
29265,E_WORD
29266,B_WORD
29267,I_WORD
29268,I_WORD
29269,I_WORD
29270,E_WORD
29271,B_WORD
29272,I_WORD
29273,E_WORD
29274,B_WORD
29275,I_WORD
29276,I_WORD
29277,E_WORD
29279,B_WORD
29280,I_WORD
29281,E_WORD
29282,B_WORD
29283,E_WORD
29284,B_WORD
29285,I_WORD
29286,I_WORD
29287,I_WORD
29288,E_WORD
29289,B_WORD
29290,I_WORD
29291,I_WORD
29292,E_WORD
29293,B_WORD
29294,I_WORD
29295,E_WORD
29296,B_WORD
29297,E_WORD
29298,B_WORD
29299,I_WORD
29300,E_WORD
29301,B_WORD
29302,I_WORD
29303,I_WORD
29304,I_WORD
29305,I_WORD
29306,I_WORD
29307,E_WORD
29308,B_WORD
29309,I_WORD
29310,E_WORD
29311,B_WORD
29312,I_WORD
29313,I_WORD
29314,E_WORD
29315,B_WORD
29316,I_WORD
29317,I_WORD
29318,E_WORD
29319,B_WORD
29320,I_WORD
29321,E_WORD
29322,B_WORD
29323,I_WORD
29324,I_WORD
29325,I_WORD
29326,I_WORD
29327,E_WORD
29328,B_WORD
29329,I_WORD
29330,E_WORD
29331,B_WORD
29332,I_WORD
29333,I_WORD
29334,I_WORD
29335,E_WORD
29336,B_WORD
29337,I_WORD
29338,I_WORD
29339,I_WORD
29340,I_WORD
29341,I_WORD
29342,I_WORD
29343,I_WORD
29344,I_WORD
29345,I_WORD
29346,E_WORD
29347,B_WORD
29348,I_WORD
29349,E_WORD
29350,B_WORD
29351,I_WORD
29352,I_WORD
29353,I_WORD
29354,I_WORD
29355,I_WORD
29356,E_WORD
29358,B_WORD
29359,I_WORD
29360,I_WORD
29361,I_WORD
29362,I_WORD
29363,I_WORD
29364,I_WORD
29365,I_WORD
29366,I_WORD
29367,I_WORD
29368,I_WORD
29369,I_WORD
29370,E_WORD
29372,B_WORD
29373,I_WORD
29374,E_WORD
29375,B_WORD
29376,I_WORD
29377,I_WORD
29378,I_WORD
29379,E_WORD
29380,B_WORD
29381,I_WORD
29382,I_WORD
29383,I_WORD
29384,E_WORD
29385,B_WORD
29386,I_WORD
29387,I_WORD
29388,I_WORD
29389,I_WORD
29390,E_WORD
29391,B_WORD
29392,I_WORD
29393,I_WORD
29394,I_WORD
29395,I_WORD
29396,E_WORD
29397,B_WORD
29398,I_WORD
29399,E_WORD
29400,B_WORD
29401,I_WORD
29402,I_WORD
29403,E_WORD
29404,B_WORD
29405,I_WORD
29406,I_WORD
29407,I_WORD
29408,I_WORD
29409,I_WORD
29410,I_WORD
29411,I_WORD
29412,I_WORD
29413,E_WORD
29414,B_WORD
29415,I_WORD
29416,I_WORD
29417,I_WORD
29418,I_WORD
29419,I_WORD
29420,I_WORD
29421,E_WORD
29422,B_WORD
29423,I_WORD
29424,E_WORD
29425,B_WORD
29426,I_WORD
29427,I_WORD
29428,I_WORD
29429,I_WORD
29430,I_WORD
29431,E_WORD
29432,B_WORD
29433,I_WORD
29434,I_WORD
29435,I_WORD
29436,I_WORD
29437,E_WORD
29438,B_WORD
29439,I_WORD
29440,I_WORD
29441,E_WORD
29443,B_WORD
29444,I_WORD
29445,I_WORD
29446,I_WORD
29447,I_WORD
29448,I_WORD
29449,E_WORD
29450,B_WORD
29451,I_WORD
29452,I_WORD
29453,E_WORD
29454,B_WORD
29455,I_WORD
29456,I_WORD
29457,I_WORD
29458,I_WORD
29459,I_WORD
29460,I_WORD
29461,I_WORD
29462,E_WORD
29463,B_WORD
29464,I_WORD
29465,E_WORD
29467,B_WORD
29469,B_WORD
29470,I_WORD
29471,I_WORD
29472,I_WORD
29473,I_WORD
29474,I_WORD
29475,E_WORD
29477,B_WORD
29478,I_WORD
29479,I_WORD
29480,I_WORD
29481,I_WORD
29482,I_WORD
29483,I_WORD
29484,I_WORD
29485,E_WORD
29486,B_WORD
29487,I_WORD
29488,I_WORD
29489,I_WORD
29490,I_WORD
29491,I_WORD
29492,I_WORD
29493,I_WORD
29494,E_WORD
29495,B_WORD
29496,I_WORD
29497,I_WORD
29498,I_WORD
29499,I_WORD
29500,E_WORD
29501,B_WORD
29502,I_WORD
29503,I_WORD
29504,I_WORD
29505,I_WORD
29506,E_WORD
29507,B_WORD
29508,I_WORD
29509,E_WORD
29511,B_WORD
29513,B_WORD
29514,I_WORD
29515,I_WORD
29516,I_WORD
29517,I_WORD
29518,I_WORD
29519,E_WORD
29521,B_WORD
29522,I_WORD
29523,I_WORD
29524,I_WORD
29525,I_WORD
29526,I_WORD
29527,I_WORD
29528,E_WORD
29529,B_WORD
29530,I_WORD
29531,I_WORD
29532,I_WORD
29533,I_WORD
29534,I_WORD
29535,E_WORD
29536,B_WORD
29537,I_WORD
29538,I_WORD
29539,I_WORD
29540,E_WORD
29541,B_WORD
29542,I_WORD
29543,I_WORD
29544,I_WORD
29545,E_WORD
29546,B_WORD
29547,E_WORD
29548,B_WORD
29549,I_WORD
29550,I_WORD
29551,E_WORD
29552,B_WORD
29553,I_WORD
29554,I_WORD
29555,I_WORD
29556,I_WORD
29557,E_WORD
29558,B_WORD
29559,I_WORD
29560,I_WORD
29561,I_WORD
29562,I_WORD
29563,I_WORD
29564,I_WORD
29565,E_WORD
29566,B_WORD
29567,I_WORD
29568,I_WORD
29569,I_WORD
29570,I_WORD
29571,I_WORD
29572,I_WORD
29573,I_WORD
29574,I_WORD
29575,E_WORD
29576,B_WORD
29577,I_WORD
29578,E_WORD
29579,B_WORD
29580,I_WORD
29581,I_WORD
29582,I_WORD
29583,I_WORD
29584,I_WORD
29585,I_WORD
29586,E_WORD
29588,B_WORD
29589,I_WORD
29590,E_WORD
29591,B_WORD
29592,I_WORD
29593,E_WORD
29594,B_WORD
29595,I_WORD
29596,I_WORD
29597,I_WORD
29598,E_WORD
29600,B_WORD
29601,I_WORD
29602,I_WORD
29603,I_WORD
29604,E_WORD
29606,B_WORD
29607,I_WORD
29608,I_WORD
29609,I_WORD
29610,I_WORD
29611,I_WORD
29612,I_WORD
29613,E_WORD
29614,B_WORD
29615,I_WORD
29616,I_WORD
29617,I_WORD
29618,I_WORD
29619,I_WORD
29620,I_WORD
29621,I_WORD
29622,I_WORD
29623,E_WORD
29625,B_WORD
29626,I_WORD
29627,I_WORD
29628,I_WORD
29629,I_WORD
29630,I_WORD
29631,E_WORD
29632,B_WORD
29633,I_WORD
29634,I_WORD
29635,I_WORD
29636,I_WORD
29637,I_WORD
29638,E_WORD
29639,B_WORD
29640,I_WORD
29641,I_WORD
29642,I_WORD
29643,I_WORD
29644,I_WORD
29645,I_WORD
29646,I_WORD
29647,E_WORD
29648,B_WORD
29649,I_WORD
29650,I_WORD
29651,I_WORD
29652,I_WORD
29653,I_WORD
29654,E_WORD
29655,B_WORD
29656,I_WORD
29657,E_WORD
29658,B_WORD
29659,I_WORD
29660,I_WORD
29661,I_WORD
29662,I_WORD
29663,I_WORD
29664,I_WORD
29665,E_WORD
29666,B_WORD
29667,I_WORD
29668,I_WORD
29669,I_WORD
29670,I_WORD
29671,I_WORD
29672,I_WORD
29673,I_WORD
29674,I_WORD
29675,E_WORD
29676,B_WORD
29677,E_WORD
29678,B_WORD
29679,I_WORD
29680,I_WORD
29681,I_WORD
29682,E_WORD
29683,B_WORD
29684,I_WORD
29685,I_WORD
29686,E_WORD
29687,B_WORD
29688,E_WORD
29689,B_WORD
29690,I_WORD
29691,I_WORD
29692,I_WORD
29693,I_WORD
29694,E_WORD
29695,B_WORD
29696,I_WORD
29697,E_WORD
29698,B_WORD
29699,I_WORD
29700,I_WORD
29701,I_WORD
29702,I_WORD
29703,I_WORD
29704,I_WORD
29705,E_WORD
29706,B_WORD
29707,I_WORD
29708,E_WORD
29710,B_WORD
29711,I_WORD
29712,I_WORD
29713,I_WORD
29714,I_WORD
29715,I_WORD
29716,E_WORD
29717,B_WORD
29718,I_WORD
29719,E_WORD
29720,B_WORD
29721,I_WORD
29722,I_WORD
29723,I_WORD
29724,I_WORD
29725,I_WORD
29726,I_WORD
29727,I_WORD
29728,E_WORD
29729,B_WORD
29730,I_WORD
29731,E_WORD
29732,B_WORD
29733,I_WORD
29734,E_WORD
29735,B_WORD
29736,I_WORD
29737,E_WORD
29738,B_WORD
29739,I_WORD
29740,I_WORD
29741,I_WORD
29742,I_WORD
29743,I_WORD
29744,E_WORD
29745,B_WORD
29746,I_WORD
29747,E_WORD
29748,B_WORD
29749,I_WORD
29750,I_WORD
29751,I_WORD
29752,I_WORD
29753,I_WORD
29754,I_WORD
29755,I_WORD
29756,I_WORD
29757,I_WORD
29758,E_WORD
29759,B_WORD
29760,I_WORD
29761,I_WORD
29762,I_WORD
29763,E_WORD
29764,B_WORD
29765,I_WORD
29766,I_WORD
29767,I_WORD
29768,I_WORD
29769,E_WORD
29770,B_WORD
29771,I_WORD
29772,E_WORD
29773,B_WORD
29774,I_WORD
29775,I_WORD
29776,I_WORD
29777,I_WORD
29778,I_WORD
29779,I_WORD
29780,E_WORD
29781,B_WORD
29782,I_WORD
29783,I_WORD
29784,I_WORD
29785,I_WORD
29786,I_WORD
29787,I_WORD
29788,I_WORD
29789,I_WORD
29790,I_WORD
29791,I_WORD
29792,I_WORD
29793,E_WORD
29794,B_WORD
29795,I_WORD
29796,I_WORD
29797,I_WORD
29798,I_WORD
29799,E_WORD
29800,B_WORD
29801,I_WORD
29802,I_WORD
29803,I_WORD
29804,I_WORD
29805,E_WORD
29806,B_WORD
29807,I_WORD
29808,E_WORD
29809,B_WORD
29810,I_WORD
29811,I_WORD
29812,I_WORD
29813,I_WORD
29814,I_WORD
29815,I_WORD
29816,E_WORD
29817,B_WORD
29818,I_WORD
29819,I_WORD
29820,I_WORD
29821,I_WORD
29822,I_WORD
29823,I_WORD
29824,I_WORD
29825,I_WORD
29826,I_WORD
29827,I_WORD
29828,I_WORD
29829,E_WORD
29830,B_WORD
29831,I_WORD
29832,E_WORD
29833,B_WORD
29834,I_WORD
29835,I_WORD
29836,I_WORD
29837,I_WORD
29838,I_WORD
29839,I_WORD
29840,I_WORD
29841,I_WORD
29842,I_WORD
29843,I_WORD
29844,I_WORD
29845,I_WORD
29846,E_WORD
29847,B_WORD
29848,I_WORD
29849,I_WORD
29850,E_WORD
29851,B_WORD
29852,I_WORD
29853,E_WORD
29854,B_WORD
29855,E_WORD
29856,B_WORD
29857,I_WORD
29858,I_WORD
29859,I_WORD
29860,I_WORD
29861,E_WORD
29863,B_WORD
29864,I_WORD
29865,E_WORD
29866,B_WORD
29867,I_WORD
29868,I_WORD
29869,E_WORD
29870,B_WORD
29871,E_WORD
29872,B_WORD
29873,I_WORD
29874,I_WORD
29875,I_WORD
29876,I_WORD
29877,I_WORD
29878,I_WORD
29879,E_WORD
29880,B_WORD
29881,I_WORD
29882,I_WORD
29883,I_WORD
29884,E_WORD
29885,B_WORD
29886,I_WORD
29887,E_WORD
29888,B_WORD
29889,I_WORD
29890,I_WORD
29891,I_WORD
29892,I_WORD
29893,I_WORD
29894,I_WORD
29895,I_WORD
29896,I_WORD
29897,E_WORD
29898,B_WORD
29899,I_WORD
29900,I_WORD
29901,I_WORD
29902,E_WORD
29903,B_WORD
29904,I_WORD
29905,I_WORD
29906,I_WORD
29907,I_WORD
29908,I_WORD
29909,E_WORD
29910,B_WORD
29911,I_WORD
29912,I_WORD
29913,I_WORD
29914,E_WORD
29915,B_WORD
29916,E_WORD
29917,B_WORD
29918,E_WORD
29919,B_WORD
29920,I_WORD
29921,E_WORD
29922,B_WORD
29923,I_WORD
29924,I_WORD
29925,I_WORD
29926,E_WORD
29927,B_WORD
29928,I_WORD
29929,I_WORD
29930,I_WORD
29931,I_WORD
29932,I_WORD
29933,I_WORD
29934,I_WORD
29935,I_WORD
29936,I_WORD
29937,E_WORD
29938,B_WORD
29939,I_WORD
29940,E_WORD
29941,B_WORD
29942,I_WORD
29943,I_WORD
29944,I_WORD
29945,I_WORD
29946,I_WORD
29947,I_WORD
29948,E_WORD
29949,B_WORD
29950,I_WORD
29951,I_WORD
29952,E_WORD
29953,B_WORD
29954,I_WORD
29955,I_WORD
29956,I_WORD
29957,I_WORD
29958,I_WORD
29959,I_WORD
29960,I_WORD
29961,E_WORD
29963,B_WORD
29964,I_WORD
29965,E_WORD
29966,B_WORD
29967,I_WORD
29968,E_WORD
29969,B_WORD
29970,I_WORD
29971,E_WORD
29972,B_WORD
29973,I_WORD
29974,I_WORD
29975,I_WORD
29976,I_WORD
29977,I_WORD
29978,I_WORD
29979,I_WORD
29980,E_WORD
29981,B_WORD
29982,I_WORD
29983,I_WORD
29984,E_WORD
29985,B_WORD
29986,I_WORD
29987,E_WORD
29988,B_WORD
29989,I_WORD
29990,I_WORD
29991,I_WORD
29992,I_WORD
29993,I_WORD
29994,I_WORD
29995,I_WORD
29996,I_WORD
29997,I_WORD
29998,E_WORD
29999,B_WORD
30000,I_WORD
30001,E_WORD
30002,B_WORD
30003,I_WORD
30004,I_WORD
30005,I_WORD
30006,I_WORD
30007,I_WORD
30008,E_WORD
30010,B_WORD
30011,E_WORD
30012,B_WORD
30013,I_WORD
30014,E_WORD
30015,B_WORD
30016,I_WORD
30017,I_WORD
30018,I_WORD
30019,I_WORD
30020,I_WORD
30021,E_WORD
30022,B_WORD
30023,I_WORD
30024,I_WORD
30025,I_WORD
30026,I_WORD
30027,I_WORD
30028,E_WORD
30029,B_WORD
30030,I_WORD
30031,E_WORD
30032,B_WORD
30033,I_WORD
30034,E_WORD
30035,B_WORD
30036,I_WORD
30037,I_WORD
30038,I_WORD
30039,I_WORD
30040,E_WORD
30041,B_WORD
30042,I_WORD
30043,I_WORD
30044,I_WORD
30045,I_WORD
30046,I_WORD
30047,I_WORD
30048,I_WORD
30049,I_WORD
30050,E_WORD
30051,B_WORD
30052,I_WORD
30053,I_WORD
30054,I_WORD
30055,I_WORD
30056,E_WORD
30057,B_WORD
30058,I_WORD
30059,I_WORD
30060,I_WORD
30061,I_WORD
30062,E_WORD
30063,B_WORD
30064,I_WORD
30065,E_WORD
30067,B_WORD
30069,B_WORD
30070,I_WORD
30071,I_WORD
30072,I_WORD
30073,I_WORD
30074,I_WORD
30075,E_WORD
30076,B_WORD
30077,E_WORD
30078,B_WORD
30079,I_WORD
30080,I_WORD
30081,I_WORD
30082,I_WORD
30083,E_WORD
30085,B_WORD
30086,I_WORD
30087,I_WORD
30088,I_WORD
30089,I_WORD
30090,E_WORD
30091,B_WORD
30092,I_WORD
30093,I_WORD
30094,I_WORD
30095,E_WORD
30096,B_WORD
30097,I_WORD
30098,E_WORD
30099,B_WORD
30100,I_WORD
30101,E_WORD
30102,B_WORD
30103,I_WORD
30104,I_WORD
30105,I_WORD
30106,I_WORD
30107,I_WORD
30108,E_WORD
30109,B_WORD
30110,I_WORD
30111,E_WORD
30113,B_WORD
30114,I_WORD
30115,I_WORD
30116,I_WORD
30117,I_WORD
30118,I_WORD
30119,I_WORD
30120,I_WORD
30121,I_WORD
30122,I_WORD
30123,I_WORD
30124,E_WORD
30125,B_WORD
30126,I_WORD
30127,E_WORD
30128,B_WORD
30129,I_WORD
30130,I_WORD
30131,I_WORD
30132,I_WORD
30133,I_WORD
30134,I_WORD
30135,E_WORD
30137,B_WORD
30138,I_WORD
30139,E_WORD
30140,B_WORD
30141,I_WORD
30142,I_WORD
30143,I_WORD
30144,I_WORD
30145,E_WORD
30147,B_WORD
30148,I_WORD
30149,I_WORD
30150,I_WORD
30151,I_WORD
30152,I_WORD
30153,I_WORD
30154,I_WORD
30155,E_WORD
30156,B_WORD
30157,I_WORD
30158,I_WORD
30159,I_WORD
30160,I_WORD
30161,I_WORD
30162,E_WORD
30164,B_WORD
30165,I_WORD
30166,E_WORD
30167,B_WORD
30168,I_WORD
30169,E_WORD
30170,B_WORD
30171,I_WORD
30172,I_WORD
30173,I_WORD
30174,I_WORD
30175,I_WORD
30176,I_WORD
30177,E_WORD
30178,B_WORD
30179,I_WORD
30180,E_WORD
30182,B_WORD
30183,I_WORD
30184,I_WORD
30185,I_WORD
30186,I_WORD
30187,I_WORD
30188,I_WORD
30189,E_WORD
30190,B_WORD
30191,I_WORD
30192,I_WORD
30193,I_WORD
30194,I_WORD
30195,I_WORD
30196,I_WORD
30197,I_WORD
30198,I_WORD
30199,E_WORD
30200,B_WORD
30201,I_WORD
30202,I_WORD
30203,I_WORD
30204,I_WORD
30205,I_WORD
30206,E_WORD
30207,B_WORD
30208,I_WORD
30209,I_WORD
30210,E_WORD
30211,B_WORD
30212,I_WORD
30213,I_WORD
30214,I_WORD
30215,I_WORD
30216,I_WORD
30217,E_WORD
30218,B_WORD
30219,I_WORD
30220,E_WORD
30221,B_WORD
30222,I_WORD
30223,I_WORD
30224,I_WORD
30225,I_WORD
30226,E_WORD
30227,B_WORD
30228,I_WORD
30229,I_WORD
30230,I_WORD
30231,I_WORD
30232,I_WORD
30233,I_WORD
30234,I_WORD
30235,I_WORD
30236,I_WORD
30237,E_WORD
30238,B_WORD
30239,I_WORD
30240,I_WORD
30241,I_WORD
30242,I_WORD
30243,I_WORD
30244,E_WORD
30245,B_WORD
30246,I_WORD
30247,I_WORD
30248,I_WORD
30249,I_WORD
30250,E_WORD
30252,B_WORD
30253,I_WORD
30254,I_WORD
30255,I_WORD
30256,E_WORD
30257,B_WORD
30258,I_WORD
30259,I_WORD
30260,I_WORD
30261,I_WORD
30262,I_WORD
30263,I_WORD
30264,I_WORD
30265,I_WORD
30266,I_WORD
30267,I_WORD
30268,I_WORD
30269,E_WORD
30270,B_WORD
30271,I_WORD
30272,I_WORD
30273,E_WORD
30274,B_WORD
30275,I_WORD
30276,I_WORD
30277,I_WORD
30278,I_WORD
30279,I_WORD
30280,I_WORD
30281,I_WORD
30282,I_WORD
30283,I_WORD
30284,I_WORD
30285,I_WORD
30286,E_WORD
30287,B_WORD
30288,I_WORD
30289,I_WORD
30290,I_WORD
30291,I_WORD
30292,I_WORD
30293,I_WORD
30294,I_WORD
30295,I_WORD
30296,I_WORD
30297,E_WORD
30298,B_WORD
30299,I_WORD
30300,I_WORD
30301,I_WORD
30302,I_WORD
30303,E_WORD
30304,B_WORD
30305,I_WORD
30306,I_WORD
30307,I_WORD
30308,I_WORD
30309,I_WORD
30310,I_WORD
30311,I_WORD
30312,I_WORD
30313,E_WORD
30314,B_WORD
30315,I_WORD
30316,E_WORD
30317,B_WORD
30318,I_WORD
30319,I_WORD
30320,I_WORD
30321,I_WORD
30322,I_WORD
30323,E_WORD
30324,B_WORD
30325,I_WORD
30326,I_WORD
30327,I_WORD
30328,I_WORD
30329,I_WORD
30330,I_WORD
30331,E_WORD
30333,B_WORD
30334,I_WORD
30335,E_WORD
30336,B_WORD
30337,E_WORD
30338,B_WORD
30339,I_WORD
30340,I_WORD
30341,I_WORD
30342,I_WORD
30343,E_WORD
30344,B_WORD
30345,I_WORD
30346,E_WORD
30348,B_WORD
30349,I_WORD
30350,I_WORD
30351,I_WORD
30352,I_WORD
30353,I_WORD
30354,I_WORD
30355,E_WORD
30356,B_WORD
30357,I_WORD
30358,I_WORD
30359,I_WORD
30360,I_WORD
30361,I_WORD
30362,I_WORD
30363,I_WORD
30364,I_WORD
30365,E_WORD
30366,B_WORD
30367,I_WORD
30368,E_WORD
30369,B_WORD
30370,I_WORD
30371,E_WORD
30372,B_WORD
30373,I_WORD
30374,E_WORD
30375,B_WORD
30376,I_WORD
30377,E_WORD
30378,B_WORD
30379,I_WORD
30380,I_WORD
30381,E_WORD
30382,B_WORD
30383,I_WORD
30384,I_WORD
30385,I_WORD
30386,I_WORD
30387,I_WORD
30388,I_WORD
30389,I_WORD
30390,E_WORD
30391,B_WORD
30392,I_WORD
30393,E_WORD
30394,B_WORD
30395,I_WORD
30396,I_WORD
30397,E_WORD
30398,B_WORD
30399,I_WORD
30400,E_WORD
30401,B_WORD
30402,I_WORD
30403,E_WORD
30404,B_WORD
30405,I_WORD
30406,I_WORD
30407,I_WORD
30408,I_WORD
30409,I_WORD
30410,E_WORD
30412,B_WORD
30413,I_WORD
30414,I_WORD
30415,I_WORD
30416,I_WORD
30417,I_WORD
30418,E_WORD
30419,B_WORD
30420,I_WORD
30421,I_WORD
30422,I_WORD
30423,I_WORD
30424,I_WORD
30425,I_WORD
30426,I_WORD
30427,E_WORD
30428,B_WORD
30429,I_WORD
30430,I_WORD
30431,I_WORD
30432,I_WORD
30433,I_WORD
30434,I_WORD
30435,E_WORD
30436,B_WORD
30437,I_WORD
30438,I_WORD
30439,I_WORD
30440,I_WORD
30441,I_WORD
30442,I_WORD
30443,I_WORD
30444,I_WORD
30445,I_WORD
30446,E_WORD
30448,B_WORD
30449,I_WORD
30450,I_WORD
30451,I_WORD
30452,E_WORD
30453,B_WORD
30454,I_WORD
30455,I_WORD
30456,E_WORD
30457,B_WORD
30458,I_WORD
30459,I_WORD
30460,I_WORD
30461,I_WORD
30462,I_WORD
30463,I_WORD
30464,I_WORD
30465,I_WORD
30466,I_WORD
30467,I_WORD
30468,I_WORD
30469,E_WORD
30470,B_WORD
30471,I_WORD
30472,E_WORD
30473,B_WORD
30474,I_WORD
30475,E_WORD
30476,B_WORD
30477,I_WORD
30478,E_WORD
30479,B_WORD
30480,I_WORD
30481,I_WORD
30482,I_WORD
30483,I_WORD
30484,I_WORD
30485,E_WORD
30486,B_WORD
30487,I_WORD
30488,E_WORD
30489,B_WORD
30490,I_WORD
30491,E_WORD
30492,B_WORD
30493,I_WORD
30494,I_WORD
30495,I_WORD
30496,I_WORD
30497,I_WORD
30498,E_WORD
30499,B_WORD
30500,I_WORD
30501,E_WORD
30502,B_WORD
30503,I_WORD
30504,I_WORD
30505,I_WORD
30506,I_WORD
30507,I_WORD
30508,I_WORD
30509,E_WORD
30510,B_WORD
30511,I_WORD
30512,I_WORD
30513,I_WORD
30514,I_WORD
30515,I_WORD
30516,I_WORD
30517,I_WORD
30518,E_WORD
30520,B_WORD
30521,I_WORD
30522,I_WORD
30523,I_WORD
30524,I_WORD
30525,I_WORD
30526,I_WORD
30527,E_WORD
30528,B_WORD
30529,I_WORD
30530,I_WORD
30531,I_WORD
30532,I_WORD
30533,E_WORD
30534,B_WORD
30535,I_WORD
30536,I_WORD
30537,I_WORD
30538,E_WORD
30539,B_WORD
30540,I_WORD
30541,I_WORD
30542,I_WORD
30543,I_WORD
30544,I_WORD
30545,I_WORD
30546,I_WORD
30547,I_WORD
30548,E_WORD
30549,B_WORD
30550,I_WORD
30551,E_WORD
30552,B_WORD
30553,I_WORD
30554,I_WORD
30555,E_WORD
30556,B_WORD
30557,I_WORD
30558,I_WORD
30559,E_WORD
30561,B_WORD
30562,I_WORD
30563,I_WORD
30564,I_WORD
30565,E_WORD
30567,B_WORD
30569,B_WORD
30570,I_WORD
30571,I_WORD
30572,I_WORD
30573,E_WORD
30574,B_WORD
30575,I_WORD
30576,I_WORD
30577,I_WORD
30578,I_WORD
30579,I_WORD
30580,E_WORD
30581,B_WORD
30582,I_WORD
30583,I_WORD
30584,E_WORD
30585,B_WORD
30586,I_WORD
30587,I_WORD
30588,E_WORD
30589,B_WORD
30590,I_WORD
30591,I_WORD
30592,I_WORD
30593,I_WORD
30594,E_WORD
30596,B_WORD
30597,I_WORD
30598,E_WORD
30599,B_WORD
30600,I_WORD
30601,E_WORD
30602,B_WORD
30603,I_WORD
30604,E_WORD
30606,B_WORD
30607,E_WORD
30608,B_WORD
30609,E_WORD
30610,B_WORD
30611,E_WORD
30612,B_WORD
30613,E_WORD
30615,B_WORD
30616,I_WORD
30617,I_WORD
30618,I_WORD
30619,I_WORD
30620,I_WORD
30621,I_WORD
30622,E_WORD
30623,B_WORD
30624,I_WORD
30625,I_WORD
30626,I_WORD
30627,I_WORD
30628,I_WORD
30629,I_WORD
30630,I_WORD
30631,I_WORD
30632,E_WORD
30634,B_WORD
30635,I_WORD
30636,I_WORD
30637,E_WORD
30638,B_WORD
30639,I_WORD
30640,I_WORD
30641,I_WORD
30642,I_WORD
30643,E_WORD
30644,B_WORD
30645,I_WORD
30646,I_WORD
30647,I_WORD
30648,I_WORD
30649,I_WORD
30650,I_WORD
30651,I_WORD
30652,I_WORD
30653,E_WORD
30654,B_WORD
30655,I_WORD
30656,I_WORD
30657,I_WORD
30658,E_WORD
30659,B_WORD
30660,I_WORD
30661,I_WORD
30662,I_WORD
30663,I_WORD
30664,E_WORD
30665,B_WORD
30666,I_WORD
30667,E_WORD
30669,B_WORD
30671,B_WORD
30672,I_WORD
30673,I_WORD
30674,I_WORD
30675,I_WORD
30676,I_WORD
30677,E_WORD
30678,B_WORD
30679,I_WORD
30680,I_WORD
30681,I_WORD
30682,I_WORD
30683,I_WORD
30684,E_WORD
30685,B_WORD
30686,I_WORD
30687,I_WORD
30688,I_WORD
30689,I_WORD
30690,I_WORD
30691,I_WORD
30692,I_WORD
30693,E_WORD
30694,B_WORD
30695,I_WORD
30696,I_WORD
30697,I_WORD
30698,I_WORD
30699,I_WORD
30700,E_WORD
30701,B_WORD
30702,I_WORD
30703,E_WORD
30704,B_WORD
30705,I_WORD
30706,I_WORD
30707,I_WORD
30708,I_WORD
30709,I_WORD
30710,I_WORD
30711,E_WORD
30712,B_WORD
30713,E_WORD
30714,B_WORD
30715,I_WORD
30716,I_WORD
30717,I_WORD
30718,I_WORD
30719,E_WORD
30721,B_WORD
30722,I_WORD
30723,E_WORD
30724,B_WORD
30725,I_WORD
30726,E_WORD
30727,B_WORD
30728,I_WORD
30729,E_WORD
30730,B_WORD
30731,I_WORD
30732,I_WORD
30733,I_WORD
30734,I_WORD
30735,I_WORD
30736,E_WORD
30737,B_WORD
30738,I_WORD
30739,I_WORD
30740,E_WORD
30741,B_WORD
30742,I_WORD
30743,E_WORD
30744,B_WORD
30745,I_WORD
30746,I_WORD
30747,I_WORD
30748,I_WORD
30749,I_WORD
30750,I_WORD
30751,I_WORD
30752,E_WORD
30753,B_WORD
30754,I_WORD
30755,I_WORD
30756,I_WORD
30757,E_WORD
30758,B_WORD
30759,I_WORD
30760,I_WORD
30761,I_WORD
30762,I_WORD
30763,I_WORD
30764,E_WORD
30765,B_WORD
30766,I_WORD
30767,E_WORD
30768,B_WORD
30769,I_WORD
30770,I_WORD
30771,I_WORD
30772,E_WORD
30773,B_WORD
30774,I_WORD
30775,I_WORD
30776,I_WORD
30777,I_WORD
30778,I_WORD
30779,E_WORD
30780,B_WORD
30781,I_WORD
30782,E_WORD
30783,B_WORD
30784,I_WORD
30785,E_WORD
30786,B_WORD
30787,I_WORD
30788,I_WORD
30789,I_WORD
30790,I_WORD
30791,I_WORD
30792,E_WORD
30794,B_WORD
30795,I_WORD
30796,E_WORD
30797,B_WORD
30798,E_WORD
30799,B_WORD
30800,I_WORD
30801,I_WORD
30802,E_WORD
30803,B_WORD
30804,I_WORD
30805,I_WORD
30806,I_WORD
30807,I_WORD
30808,I_WORD
30809,E_WORD
30810,B_WORD
30811,I_WORD
30812,E_WORD
30813,B_WORD
30814,E_WORD
30815,B_WORD
30816,I_WORD
30817,I_WORD
30818,E_WORD
30819,B_WORD
30820,I_WORD
30821,I_WORD
30822,I_WORD
30823,I_WORD
30824,I_WORD
30825,E_WORD
30826,B_WORD
30827,I_WORD
30828,I_WORD
30829,I_WORD
30830,I_WORD
30831,I_WORD
30832,I_WORD
30833,E_WORD
30834,B_WORD
30835,I_WORD
30836,I_WORD
30837,I_WORD
30838,I_WORD
30839,I_WORD
30840,I_WORD
30841,I_WORD
30842,I_WORD
30843,E_WORD
30844,B_WORD
30845,I_WORD
30846,I_WORD
30847,I_WORD
30848,E_WORD
30849,B_WORD
30850,I_WORD
30851,E_WORD
30852,B_WORD
30853,I_WORD
30854,E_WORD
30855,B_WORD
30856,I_WORD
30857,I_WORD
30858,E_WORD
30859,B_WORD
30860,I_WORD
30861,I_WORD
30862,I_WORD
30863,I_WORD
30864,I_WORD
30865,I_WORD
30866,I_WORD
30867,E_WORD
30868,B_WORD
30869,I_WORD
30870,I_WORD
30871,I_WORD
30872,I_WORD
30873,I_WORD
30874,I_WORD
30875,I_WORD
30876,E_WORD
30877,B_WORD
30878,I_WORD
30879,I_WORD
30880,I_WORD
30881,I_WORD
30882,E_WORD
30883,B_WORD
30884,I_WORD
30885,I_WORD
30886,I_WORD
30887,I_WORD
30888,E_WORD
30889,B_WORD
30890,I_WORD
30891,E_WORD
30893,B_WORD
30895,B_WORD
30896,I_WORD
30897,I_WORD
30898,I_WORD
30899,I_WORD
30900,I_WORD
30901,E_WORD
30902,B_WORD
30903,E_WORD
30904,B_WORD
30905,I_WORD
30906,I_WORD
30907,I_WORD
30908,I_WORD
30909,E_WORD
30910,B_WORD
30911,I_WORD
30912,E_WORD
30913,B_WORD
30914,I_WORD
30915,I_WORD
30916,I_WORD
30917,I_WORD
30918,E_WORD
30919,B_WORD
30920,I_WORD
30921,E_WORD
30922,B_WORD
30923,I_WORD
30924,I_WORD
30925,I_WORD
30926,E_WORD
30927,B_WORD
30928,I_WORD
30929,E_WORD
30930,B_WORD
30931,I_WORD
30932,E_WORD
30934,B_WORD
30935,I_WORD
30936,E_WORD
30937,B_WORD
30938,I_WORD
30939,I_WORD
30940,I_WORD
30941,I_WORD
30942,I_WORD
30943,I_WORD
30944,I_WORD
30945,E_WORD
30946,B_WORD
30947,I_WORD
30948,E_WORD
30949,B_WORD
30950,I_WORD
30951,I_WORD
30952,E_WORD
30953,B_WORD
30954,I_WORD
30955,I_WORD
30956,I_WORD
30957,I_WORD
30958,I_WORD
30959,I_WORD
30960,I_WORD
30961,E_WORD
30962,B_WORD
30963,I_WORD
30964,I_WORD
30965,I_WORD
30966,E_WORD
30967,B_WORD
30968,I_WORD
30969,E_WORD
30970,B_WORD
30971,I_WORD
30972,E_WORD
30973,B_WORD
30974,I_WORD
30975,E_WORD
30976,B_WORD
30977,I_WORD
30978,I_WORD
30979,I_WORD
30980,I_WORD
30981,I_WORD
30982,E_WORD
30983,B_WORD
30984,I_WORD
30985,E_WORD
30986,B_WORD
30987,I_WORD
30988,I_WORD
30989,E_WORD
30990,B_WORD
30991,I_WORD
30992,E_WORD
30993,B_WORD
30994,I_WORD
30995,I_WORD
30996,I_WORD
30997,I_WORD
30998,I_WORD
30999,E_WORD
31000,B_WORD
31001,E_WORD
31002,B_WORD
31003,I_WORD
31004,E_WORD
31005,B_WORD
31006,I_WORD
31007,I_WORD
31008,I_WORD
31009,E_WORD
31010,B_WORD
31011,I_WORD
31012,I_WORD
31013,E_WORD
31014,B_WORD
31015,I_WORD
31016,I_WORD
31017,I_WORD
31018,I_WORD
31019,I_WORD
31020,I_WORD
31021,I_WORD
31022,I_WORD
31023,E_WORD
31024,B_WORD
31025,I_WORD
31026,I_WORD
31027,I_WORD
31028,I_WORD
31029,I_WORD
31030,E_WORD
31032,B_WORD
31033,I_WORD
31034,E_WORD
31035,B_WORD
31036,I_WORD
31037,E_WORD
31038,B_WORD
31039,I_WORD
31040,I_WORD
31041,E_WORD
31042,B_WORD
31043,I_WORD
31044,I_WORD
31045,I_WORD
31046,I_WORD
31047,I_WORD
31048,E_WORD
31050,B_WORD
31051,I_WORD
31052,I_WORD
31053,I_WORD
31054,I_WORD
31055,I_WORD
31056,I_WORD
31057,I_WORD
31058,E_WORD
31059,B_WORD
31060,I_WORD
31061,E_WORD
31062,B_WORD
31063,E_WORD
31064,B_WORD
31065,E_WORD
31066,B_WORD
31067,E_WORD
31068,B_WORD
31069,E_WORD
31071,B_WORD
31072,E_WORD
31073,B_WORD
31074,I_WORD
31075,I_WORD
31076,E_WORD
31078,B_WORD
31079,I_WORD
31080,I_WORD
31081,E_WORD
31082,B_WORD
31083,I_WORD
31084,E_WORD
31085,B_WORD
31086,I_WORD
31087,E_WORD
31088,B_WORD
31089,E_WORD
31090,B_WORD
31091,I_WORD
31092,E_WORD
31093,B_WORD
31094,I_WORD
31095,I_WORD
31096,I_WORD
31097,I_WORD
31098,I_WORD
31099,I_WORD
31100,E_WORD
31101,B_WORD
31102,I_WORD
31103,I_WORD
31104,E_WORD
31105,B_WORD
31106,I_WORD
31107,I_WORD
31108,E_WORD
31109,B_WORD
31110,I_WORD
31111,I_WORD
31112,I_WORD
31113,I_WORD
31114,E_WORD
31115,B_WORD
31116,I_WORD
31117,I_WORD
31118,I_WORD
31119,I_WORD
31120,I_WORD
31121,I_WORD
31122,I_WORD
31123,E_WORD
31124,B_WORD
31125,E_WORD
31126,B_WORD
31127,E_WORD
31128,B_WORD
31129,I_WORD
31130,E_WORD
31131,B_WORD
31132,I_WORD
31133,E_WORD
31134,B_WORD
31135,I_WORD
31136,I_WORD
31137,I_WORD
31138,I_WORD
31139,I_WORD
31140,E_WORD
31141,B_WORD
31142,I_WORD
31143,E_WORD
31144,B_WORD
31145,I_WORD
31146,I_WORD
31147,I_WORD
31148,I_WORD
31149,I_WORD
31150,E_WORD
31151,B_WORD
31152,I_WORD
31153,I_WORD
31154,I_WORD
31155,I_WORD
31156,I_WORD
31157,I_WORD
31158,I_WORD
31159,I_WORD
31160,I_WORD
31161,E_WORD
31162,B_WORD
31163,I_WORD
31164,I_WORD
31165,I_WORD
31166,I_WORD
31167,I_WORD
31168,I_WORD
31169,I_WORD
31170,E_WORD
31171,B_WORD
31172,I_WORD
31173,I_WORD
31174,I_WORD
31175,I_WORD
31176,I_WORD
31177,I_WORD
31178,I_WORD
31179,E_WORD
31180,B_WORD
31181,I_WORD
31182,I_WORD
31183,I_WORD
31184,I_WORD
31185,I_WORD
31186,E_WORD
31187,B_WORD
31188,I_WORD
31189,E_WORD
31190,B_WORD
31191,I_WORD
31192,I_WORD
31193,I_WORD
31194,I_WORD
31195,I_WORD
31196,I_WORD
31197,E_WORD
31198,B_WORD
31199,I_WORD
31200,I_WORD
31201,E_WORD
31203,B_WORD
31204,I_WORD
31205,I_WORD
31206,I_WORD
31207,I_WORD
31208,I_WORD
31209,E_WORD
31210,B_WORD
31211,I_WORD
31212,I_WORD
31213,E_WORD
31214,B_WORD
31215,I_WORD
31216,I_WORD
31217,I_WORD
31218,I_WORD
31219,I_WORD
31220,E_WORD
31221,B_WORD
31222,I_WORD
31223,E_WORD
31224,B_WORD
31225,I_WORD
31226,I_WORD
31227,E_WORD
31228,B_WORD
31229,I_WORD
31230,I_WORD
31231,I_WORD
31232,I_WORD
31233,I_WORD
31234,E_WORD
31235,B_WORD
31236,I_WORD
31237,E_WORD
31238,B_WORD
31239,I_WORD
31240,I_WORD
31241,I_WORD
31242,I_WORD
31243,I_WORD
31244,I_WORD
31245,I_WORD
31246,I_WORD
31247,I_WORD
31248,I_WORD
31249,I_WORD
31250,I_WORD
31251,I_WORD
31252,I_WORD
31253,I_WORD
31254,I_WORD
31255,E_WORD
31256,B_WORD
31257,I_WORD
31258,I_WORD
31259,E_WORD
31260,B_WORD
31261,I_WORD
31262,I_WORD
31263,I_WORD
31264,I_WORD
31265,I_WORD
31266,I_WORD
31267,I_WORD
31268,I_WORD
31269,I_WORD
31270,E_WORD
31271,B_WORD
31272,I_WORD
31273,I_WORD
31274,I_WORD
31275,I_WORD
31276,E_WORD
31277,B_WORD
31278,I_WORD
31279,I_WORD
31280,I_WORD
31281,I_WORD
31282,E_WORD
31283,B_WORD
31284,I_WORD
31285,I_WORD
31286,I_WORD
31287,I_WORD
31288,I_WORD
31289,E_WORD
31290,B_WORD
31291,I_WORD
31292,I_WORD
31293,E_WORD
31294,B_WORD
31295,I_WORD
31296,E_WORD
31297,B_WORD
31298,I_WORD
31299,E_WORD
31300,B_WORD
31301,I_WORD
31302,I_WORD
31303,I_WORD
31304,I_WORD
31305,E_WORD
31306,B_WORD
31307,I_WORD
31308,I_WORD
31309,I_WORD
31310,I_WORD
31311,I_WORD
31312,E_WORD
31314,B_WORD
31315,I_WORD
31316,I_WORD
31317,E_WORD
31318,B_WORD
31319,I_WORD
31320,E_WORD
31321,B_WORD
31322,E_WORD
31323,B_WORD
31324,E_WORD
31325,B_WORD
31326,E_WORD
31327,B_WORD
31328,E_WORD
31329,B_WORD
31330,E_WORD
31331,B_WORD
31332,I_WORD
31333,I_WORD
31334,E_WORD
31336,B_WORD
31337,I_WORD
31338,I_WORD
31339,I_WORD
31340,I_WORD
31341,I_WORD
31342,I_WORD
31343,I_WORD
31344,I_WORD
31345,I_WORD
31346,I_WORD
31347,I_WORD
31348,E_WORD
31349,B_WORD
31350,I_WORD
31351,E_WORD
31352,B_WORD
31353,I_WORD
31354,I_WORD
31355,I_WORD
31356,I_WORD
31357,I_WORD
31358,E_WORD
31359,B_WORD
31360,I_WORD
31361,I_WORD
31362,I_WORD
31363,E_WORD
31364,B_WORD
31365,I_WORD
31366,I_WORD
31367,I_WORD
31368,E_WORD
31369,B_WORD
31370,I_WORD
31371,I_WORD
31372,I_WORD
31373,I_WORD
31374,E_WORD
31375,B_WORD
31376,I_WORD
31377,E_WORD
31378,B_WORD
31379,I_WORD
31380,I_WORD
31381,I_WORD
31382,I_WORD
31383,I_WORD
31384,I_WORD
31385,E_WORD
31386,B_WORD
31387,I_WORD
31388,I_WORD
31389,I_WORD
31390,I_WORD
31391,I_WORD
31392,E_WORD
31393,B_WORD
31394,E_WORD
31395,B_WORD
31396,I_WORD
31397,I_WORD
31398,E_WORD
31399,B_WORD
31400,I_WORD
31401,I_WORD
31402,I_WORD
31403,I_WORD
31404,I_WORD
31405,I_WORD
31406,I_WORD
31407,I_WORD
31408,I_WORD
31409,I_WORD
31410,I_WORD
31411,E_WORD
31413,B_WORD
31414,I_WORD
31415,I_WORD
31416,I_WORD
31417,E_WORD
31418,B_WORD
31419,I_WORD
31420,I_WORD
31421,I_WORD
31422,I_WORD
31423,I_WORD
31424,E_WORD
31425,B_WORD
31426,I_WORD
31427,I_WORD
31428,I_WORD
31429,I_WORD
31430,E_WORD
31431,B_WORD
31432,I_WORD
31433,E_WORD
31434,B_WORD
31435,I_WORD
31436,I_WORD
31437,I_WORD
31438,I_WORD
31439,E_WORD
31440,B_WORD
31441,I_WORD
31442,E_WORD
31443,B_WORD
31444,I_WORD
31445,I_WORD
31446,I_WORD
31447,I_WORD
31448,I_WORD
31449,E_WORD
31450,B_WORD
31451,I_WORD
31452,E_WORD
31453,B_WORD
31454,I_WORD
31455,E_WORD
31456,B_WORD
31457,I_WORD
31458,I_WORD
31459,I_WORD
31460,I_WORD
31461,I_WORD
31462,I_WORD
31463,I_WORD
31464,I_WORD
31465,I_WORD
31466,I_WORD
31467,I_WORD
31468,E_WORD
31469,B_WORD
31470,I_WORD
31471,I_WORD
31472,E_WORD
31473,B_WORD
31474,I_WORD
31475,E_WORD
31476,B_WORD
31477,I_WORD
31478,I_WORD
31479,I_WORD
31480,I_WORD
31481,I_WORD
31482,I_WORD
31483,I_WORD
31484,I_WORD
31485,I_WORD
31486,E_WORD
31487,B_WORD
31488,E_WORD
31489,B_WORD
31490,E_WORD
31491,B_WORD
31492,I_WORD
31493,I_WORD
31494,I_WORD
31495,I_WORD
31496,I_WORD
31497,E_WORD
31498,B_WORD
31499,I_WORD
31500,E_WORD
31501,B_WORD
31502,E_WORD
31503,B_WORD
31504,I_WORD
31505,E_WORD
31506,B_WORD
31507,I_WORD
31508,I_WORD
31509,I_WORD
31510,E_WORD
31511,B_WORD
31512,I_WORD
31513,E_WORD
31514,B_WORD
31515,I_WORD
31516,E_WORD
31517,B_WORD
31518,I_WORD
31519,I_WORD
31520,E_WORD
31521,B_WORD
31522,I_WORD
31523,I_WORD
31524,I_WORD
31525,I_WORD
31526,E_WORD
31528,B_WORD
31529,I_WORD
31530,E_WORD
31531,B_WORD
31532,I_WORD
31533,E_WORD
31534,B_WORD
31535,E_WORD
31536,B_WORD
31537,I_WORD
31538,I_WORD
31539,E_WORD
31540,B_WORD
31541,I_WORD
31542,E_WORD
31543,B_WORD
31544,I_WORD
31545,I_WORD
31546,E_WORD
31547,B_WORD
31548,I_WORD
31549,I_WORD
31550,I_WORD
31551,I_WORD
31552,I_WORD
31553,I_WORD
31554,E_WORD
31555,B_WORD
31556,I_WORD
31557,I_WORD
31558,I_WORD
31559,I_WORD
31560,I_WORD
31561,I_WORD
31562,I_WORD
31563,I_WORD
31564,E_WORD
31566,B_WORD
31567,I_WORD
31568,E_WORD
31569,B_WORD
31570,I_WORD
31571,E_WORD
31572,B_WORD
31573,I_WORD
31574,I_WORD
31575,E_WORD
31576,B_WORD
31577,I_WORD
31578,E_WORD
31579,B_WORD
31580,E_WORD
31581,B_WORD
31582,I_WORD
31583,I_WORD
31584,I_WORD
31585,I_WORD
31586,E_WORD
31587,B_WORD
31588,I_WORD
31589,I_WORD
31590,I_WORD
31591,I_WORD
31592,I_WORD
31593,I_WORD
31594,I_WORD
31595,E_WORD
31596,B_WORD
31597,I_WORD
31598,I_WORD
31599,I_WORD
31600,I_WORD
31601,I_WORD
31602,E_WORD
31603,B_WORD
31604,I_WORD
31605,E_WORD
31606,B_WORD
31607,I_WORD
31608,E_WORD
31610,B_WORD
31611,I_WORD
31612,I_WORD
31613,I_WORD
31614,I_WORD
31615,I_WORD
31616,I_WORD
31617,E_WORD
31618,B_WORD
31619,I_WORD
31620,I_WORD
31621,E_WORD
31622,B_WORD
31623,I_WORD
31624,I_WORD
31625,E_WORD
31626,B_WORD
31627,E_WORD
31628,B_WORD
31629,I_WORD
31630,I_WORD
31631,I_WORD
31632,E_WORD
31634,B_WORD
31635,I_WORD
31636,E_WORD
31637,B_WORD
31638,I_WORD
31639,I_WORD
31640,I_WORD
31641,I_WORD
31642,I_WORD
31643,I_WORD
31644,E_WORD
31645,B_WORD
31646,I_WORD
31647,E_WORD
31648,B_WORD
31649,I_WORD
31650,E_WORD
31651,B_WORD
31652,I_WORD
31653,I_WORD
31654,I_WORD
31655,I_WORD
31656,E_WORD
31657,B_WORD
31658,I_WORD
31659,I_WORD
31660,I_WORD
31661,E_WORD
31662,B_WORD
31663,I_WORD
31664,E_WORD
31666,B_WORD
31667,E_WORD
31668,B_WORD
31669,I_WORD
31670,I_WORD
31671,I_WORD
31672,E_WORD
31673,B_WORD
31674,I_WORD
31675,I_WORD
31676,I_WORD
31677,E_WORD
31678,B_WORD
31679,I_WORD
31680,E_WORD
31681,B_WORD
31682,I_WORD
31683,I_WORD
31684,I_WORD
31685,I_WORD
31686,I_WORD
31687,I_WORD
31688,I_WORD
31689,E_WORD
31690,B_WORD
31691,I_WORD
31692,I_WORD
31693,I_WORD
31694,I_WORD
31695,I_WORD
31696,I_WORD
31697,I_WORD
31698,I_WORD
31699,I_WORD
31700,E_WORD
31701,B_WORD
31702,E_WORD
31703,B_WORD
31704,I_WORD
31705,I_WORD
31706,I_WORD
31707,I_WORD
31708,I_WORD
31709,E_WORD
31711,B_WORD
31712,I_WORD
31713,E_WORD
31714,B_WORD
31715,I_WORD
31716,I_WORD
31717,E_WORD
31718,B_WORD
31719,I_WORD
31720,E_WORD
31721,B_WORD
31722,I_WORD
31723,I_WORD
31724,I_WORD
31725,I_WORD
31726,E_WORD
31727,B_WORD
31728,I_WORD
31729,E_WORD
31730,B_WORD
31731,I_WORD
31732,I_WORD
31733,E_WORD
31734,B_WORD
31735,I_WORD
31736,I_WORD
31737,I_WORD
31738,I_WORD
31739,I_WORD
31740,I_WORD
31741,I_WORD
31742,E_WORD
31743,B_WORD
31744,I_WORD
31745,E_WORD
31746,B_WORD
31747,I_WORD
31748,E_WORD
31749,B_WORD
31750,I_WORD
31751,I_WORD
31752,I_WORD
31753,E_WORD
31755,B_WORD
31756,E_WORD
31757,B_WORD
31758,E_WORD
31759,B_WORD
31760,E_WORD
31762,B_WORD
31763,I_WORD
31764,I_WORD
31765,E_WORD
31766,B_WORD
31767,I_WORD
31768,I_WORD
31769,I_WORD
31770,E_WORD
31772,B_WORD
31773,I_WORD
31774,I_WORD
31775,I_WORD
31776,I_WORD
31777,E_WORD
31778,B_WORD
31779,I_WORD
31780,I_WORD
31781,I_WORD
31782,I_WORD
31783,I_WORD
31784,I_WORD
31785,I_WORD
31786,I_WORD
31787,I_WORD
31788,E_WORD
31789,B_WORD
31790,I_WORD
31791,E_WORD
31792,B_WORD
31793,I_WORD
31794,I_WORD
31795,E_WORD
31796,B_WORD
31797,I_WORD
31798,I_WORD
31799,I_WORD
31800,I_WORD
31801,I_WORD
31802,I_WORD
31803,I_WORD
31804,I_WORD
31805,I_WORD
31806,I_WORD
31807,I_WORD
31808,I_WORD
31809,I_WORD
31810,I_WORD
31811,I_WORD
31812,I_WORD
31813,I_WORD
31814,I_WORD
31815,E_WORD
31817,B_WORD
31818,I_WORD
31819,I_WORD
31820,I_WORD
31821,I_WORD
31822,I_WORD
31823,I_WORD
31824,E_WORD
31825,B_WORD
31826,I_WORD
31827,I_WORD
31828,E_WORD
31829,B_WORD
31830,I_WORD
31831,I_WORD
31832,I_WORD
31833,I_WORD
31834,E_WORD
31835,B_WORD
31836,I_WORD
31837,I_WORD
31838,I_WORD
31839,I_WORD
31840,I_WORD
31841,E_WORD
31842,B_WORD
31843,E_WORD
31844,B_WORD
31845,I_WORD
31846,E_WORD
31847,B_WORD
31848,I_WORD
31849,I_WORD
31850,I_WORD
31851,I_WORD
31852,I_WORD
31853,I_WORD
31854,I_WORD
31855,I_WORD
31856,I_WORD
31857,I_WORD
31858,I_WORD
31859,I_WORD
31860,I_WORD
31861,I_WORD
31862,I_WORD
31863,I_WORD
31864,E_WORD
31865,B_WORD
31866,I_WORD
31867,I_WORD
31868,E_WORD
31869,B_WORD
31870,I_WORD
31871,I_WORD
31872,I_WORD
31873,I_WORD
31874,I_WORD
31875,I_WORD
31876,I_WORD
31877,I_WORD
31878,I_WORD
31879,E_WORD
31880,B_WORD
31881,I_WORD
31882,E_WORD
31883,B_WORD
31884,I_WORD
31885,E_WORD
31886,B_WORD
31887,I_WORD
31888,I_WORD
31889,I_WORD
31890,E_WORD
31891,B_WORD
31892,I_WORD
31893,E_WORD
31895,B_WORD
31896,I_WORD
31897,I_WORD
31898,E_WORD
31899,B_WORD
31900,I_WORD
31901,I_WORD
31902,I_WORD
31903,E_WORD
31904,B_WORD
31905,I_WORD
31906,E_WORD
31907,B_WORD
31908,I_WORD
31909,I_WORD
31910,E_WORD
31911,B_WORD
31912,I_WORD
31913,E_WORD
31914,B_WORD
31915,I_WORD
31916,I_WORD
31917,I_WORD
31918,I_WORD
31919,E_WORD
31920,B_WORD
31921,I_WORD
31922,I_WORD
31923,E_WORD
31925,B_WORD
31926,I_WORD
31927,E_WORD
31928,B_WORD
31929,I_WORD
31930,E_WORD
31931,B_WORD
31932,I_WORD
31933,E_WORD
31934,B_WORD
31935,I_WORD
31936,I_WORD
31937,I_WORD
31938,I_WORD
31939,I_WORD
31940,I_WORD
31941,I_WORD
31942,E_WORD
31943,B_WORD
31944,I_WORD
31945,E_WORD
31946,B_WORD
31947,I_WORD
31948,I_WORD
31949,I_WORD
31950,I_WORD
31951,E_WORD
31952,B_WORD
31953,I_WORD
31954,I_WORD
31955,I_WORD
31956,I_WORD
31957,I_WORD
31958,I_WORD
31959,I_WORD
31960,E_WORD
31961,B_WORD
31962,I_WORD
31963,I_WORD
31964,E_WORD
31966,B_WORD
31967,I_WORD
31968,I_WORD
31969,E_WORD
31970,B_WORD
31971,I_WORD
31972,E_WORD
31973,B_WORD
31974,I_WORD
31975,I_WORD
31976,I_WORD
31977,E_WORD
31978,B_WORD
31979,I_WORD
31980,I_WORD
31981,I_WORD
31982,I_WORD
31983,E_WORD
31984,B_WORD
31985,I_WORD
31986,E_WORD
31987,B_WORD
31988,I_WORD
31989,I_WORD
31990,I_WORD
31991,I_WORD
31992,E_WORD
31994,B_WORD
31995,I_WORD
31996,I_WORD
31997,I_WORD
31998,I_WORD
31999,I_WORD
32000,I_WORD
32001,I_WORD
32002,I_WORD
32003,I_WORD
32004,I_WORD
32005,I_WORD
32006,I_WORD
32007,I_WORD
32008,I_WORD
32009,I_WORD
32010,I_WORD
32011,E_WORD
32013,B_WORD
32015,B_WORD
32016,I_WORD
32017,I_WORD
32018,I_WORD
32019,E_WORD
32020,B_WORD
32021,I_WORD
32022,I_WORD
32023,I_WORD
32024,E_WORD
32026,B_WORD
32028,B_WORD
32029,E_WORD
32030,B_WORD
32031,E_WORD
32032,B_WORD
32033,E_WORD
32035,B_WORD
32036,I_WORD
32037,I_WORD
32038,I_WORD
32039,I_WORD
32040,I_WORD
32041,I_WORD
32042,E_WORD
32044,B_WORD
32045,I_WORD
32046,I_WORD
32047,I_WORD
32048,I_WORD
32049,I_WORD
32050,I_WORD
32051,I_WORD
32052,I_WORD
32053,I_WORD
32054,I_WORD
32055,E_WORD
32056,B_WORD
32057,I_WORD
32058,E_WORD
32059,B_WORD
32060,I_WORD
32061,I_WORD
32062,I_WORD
32063,I_WORD
32064,I_WORD
32065,I_WORD
32066,I_WORD
32067,I_WORD
32068,I_WORD
32069,I_WORD
32070,I_WORD
32071,E_WORD
32072,B_WORD
32073,I_WORD
32074,I_WORD
32075,I_WORD
32076,I_WORD
32077,I_WORD
32078,I_WORD
32079,I_WORD
32080,E_WORD
32081,B_WORD
32082,I_WORD
32083,E_WORD
32084,B_WORD
32085,I_WORD
32086,I_WORD
32087,I_WORD
32088,E_WORD
32089,B_WORD
32090,I_WORD
32091,E_WORD
32092,B_WORD
32093,I_WORD
32094,I_WORD
32095,E_WORD
32096,B_WORD
32097,I_WORD
32098,I_WORD
32099,I_WORD
32100,I_WORD
32101,E_WORD
32102,B_WORD
32103,I_WORD
32104,E_WORD
32105,B_WORD
32106,I_WORD
32107,I_WORD
32108,I_WORD
32109,E_WORD
32110,B_WORD
32111,I_WORD
32112,E_WORD
32113,B_WORD
32114,I_WORD
32115,E_WORD
32116,B_WORD
32117,I_WORD
32118,I_WORD
32119,I_WORD
32120,I_WORD
32121,I_WORD
32122,E_WORD
32123,B_WORD
32124,I_WORD
32125,I_WORD
32126,I_WORD
32127,I_WORD
32128,I_WORD
32129,I_WORD
32130,E_WORD
32132,B_WORD
32133,I_WORD
32134,I_WORD
32135,E_WORD
32137,B_WORD
32139,B_WORD
32140,I_WORD
32141,I_WORD
32142,I_WORD
32143,I_WORD
32144,I_WORD
32145,I_WORD
32146,E_WORD
32147,B_WORD
32148,I_WORD
32149,I_WORD
32150,I_WORD
32151,I_WORD
32152,I_WORD
32153,I_WORD
32154,I_WORD
32155,I_WORD
32156,I_WORD
32157,I_WORD
32158,I_WORD
32159,E_WORD
32160,B_WORD
32161,E_WORD
32162,B_WORD
32163,I_WORD
32164,E_WORD
32165,B_WORD
32166,I_WORD
32167,E_WORD
32168,B_WORD
32169,I_WORD
32170,E_WORD
32171,B_WORD
32172,I_WORD
32173,I_WORD
32174,I_WORD
32175,I_WORD
32176,E_WORD
32177,B_WORD
32178,I_WORD
32179,I_WORD
32180,I_WORD
32181,I_WORD
32182,I_WORD
32183,I_WORD
32184,I_WORD
32185,E_WORD
32186,B_WORD
32187,I_WORD
32188,I_WORD
32189,I_WORD
32190,I_WORD
32191,I_WORD
32192,I_WORD
32193,I_WORD
32194,I_WORD
32195,I_WORD
32196,I_WORD
32197,I_WORD
32198,I_WORD
32199,I_WORD
32200,I_WORD
32201,I_WORD
32202,I_WORD
32203,E_WORD
32204,B_WORD
32205,I_WORD
32206,I_WORD
32207,E_WORD
32208,B_WORD
32209,I_WORD
32210,I_WORD
32211,I_WORD
32212,I_WORD
32213,I_WORD
32214,I_WORD
32215,I_WORD
32216,I_WORD
32217,I_WORD
32218,E_WORD
32220,B_WORD
32221,I_WORD
32222,E_WORD
32223,B_WORD
32224,I_WORD
32225,I_WORD
32226,I_WORD
32227,E_WORD
32228,B_WORD
32229,I_WORD
32230,E_WORD
32231,B_WORD
32232,I_WORD
32233,I_WORD
32234,E_WORD
32235,B_WORD
32236,E_WORD
32237,B_WORD
32238,I_WORD
32239,I_WORD
32240,I_WORD
32241,E_WORD
32242,B_WORD
32243,I_WORD
32244,I_WORD
32245,I_WORD
32246,I_WORD
32247,I_WORD
32248,E_WORD
32249,B_WORD
32250,I_WORD
32251,I_WORD
32252,I_WORD
32253,I_WORD
32254,I_WORD
32255,I_WORD
32256,I_WORD
32257,I_WORD
32258,I_WORD
32259,I_WORD
32260,I_WORD
32261,E_WORD
32262,B_WORD
32263,I_WORD
32264,I_WORD
32265,I_WORD
32266,I_WORD
32267,I_WORD
32268,E_WORD
32270,B_WORD
32271,I_WORD
32272,I_WORD
32273,E_WORD
32274,B_WORD
32275,I_WORD
32276,I_WORD
32277,I_WORD
32278,E_WORD
32279,B_WORD
32280,I_WORD
32281,I_WORD
32282,I_WORD
32283,I_WORD
32284,I_WORD
32285,E_WORD
32287,B_WORD
32288,I_WORD
32289,I_WORD
32290,I_WORD
32291,I_WORD
32292,I_WORD
32293,I_WORD
32294,I_WORD
32295,I_WORD
32296,I_WORD
32297,I_WORD
32298,I_WORD
32299,I_WORD
32300,E_WORD
32302,B_WORD
32303,I_WORD
32304,E_WORD
32305,B_WORD
32306,I_WORD
32307,E_WORD
32308,B_WORD
32309,I_WORD
32310,I_WORD
32311,I_WORD
32312,I_WORD
32313,I_WORD
32314,E_WORD
32315,B_WORD
32316,E_WORD
32317,B_WORD
32318,E_WORD
32319,B_WORD
32320,I_WORD
32321,I_WORD
32322,I_WORD
32323,I_WORD
32324,I_WORD
32325,I_WORD
32326,I_WORD
32327,E_WORD
32328,B_WORD
32329,I_WORD
32330,I_WORD
32331,I_WORD
32332,I_WORD
32333,I_WORD
32334,E_WORD
32335,B_WORD
32336,I_WORD
32337,I_WORD
32338,E_WORD
32339,B_WORD
32340,I_WORD
32341,I_WORD
32342,E_WORD
32343,B_WORD
32344,I_WORD
32345,I_WORD
32346,I_WORD
32347,I_WORD
32348,I_WORD
32349,I_WORD
32350,I_WORD
32351,E_WORD
32352,B_WORD
32353,I_WORD
32354,I_WORD
32355,I_WORD
32356,E_WORD
32357,B_WORD
32358,I_WORD
32359,I_WORD
32360,I_WORD
32361,I_WORD
32362,I_WORD
32363,E_WORD
32365,B_WORD
32367,B_WORD
32368,I_WORD
32369,I_WORD
32370,E_WORD
32371,B_WORD
32372,I_WORD
32373,I_WORD
32374,I_WORD
32375,I_WORD
32376,I_WORD
32377,I_WORD
32378,I_WORD
32379,I_WORD
32380,I_WORD
32381,I_WORD
32382,I_WORD
32383,I_WORD
32384,I_WORD
32385,I_WORD
32386,I_WORD
32387,I_WORD
32388,I_WORD
32389,I_WORD
32390,E_WORD
32392,B_WORD
32393,I_WORD
32394,I_WORD
32395,I_WORD
32396,E_WORD
32398,B_WORD
32399,I_WORD
32400,E_WORD
32401,B_WORD
32402,I_WORD
32403,E_WORD
32404,B_WORD
32405,I_WORD
32406,I_WORD
32407,I_WORD
32408,I_WORD
32409,I_WORD
32410,E_WORD
32411,B_WORD
32412,I_WORD
32413,I_WORD
32414,I_WORD
32415,I_WORD
32416,E_WORD
32417,B_WORD
32418,I_WORD
32419,I_WORD
32420,I_WORD
32421,E_WORD
32422,B_WORD
32423,I_WORD
32424,I_WORD
32425,I_WORD
32426,I_WORD
32427,I_WORD
32428,E_WORD
32429,B_WORD
32430,I_WORD
32431,I_WORD
32432,I_WORD
32433,I_WORD
32434,I_WORD
32435,I_WORD
32436,I_WORD
32437,E_WORD
32439,B_WORD
32440,I_WORD
32441,I_WORD
32442,I_WORD
32443,I_WORD
32444,I_WORD
32445,I_WORD
32446,I_WORD
32447,I_WORD
32448,I_WORD
32449,I_WORD
32450,I_WORD
32451,I_WORD
32452,I_WORD
32453,I_WORD
32454,I_WORD
32455,I_WORD
32456,E_WORD
32458,B_WORD
32460,B_WORD
32461,I_WORD
32462,E_WORD
32463,B_WORD
32464,I_WORD
32465,I_WORD
32466,I_WORD
32467,I_WORD
32468,I_WORD
32469,I_WORD
32470,I_WORD
32471,E_WORD
32472,B_WORD
32473,I_WORD
32474,I_WORD
32475,I_WORD
32476,I_WORD
32477,I_WORD
32478,I_WORD
32479,I_WORD
32480,E_WORD
32481,B_WORD
32482,I_WORD
32483,I_WORD
32484,I_WORD
32485,I_WORD
32486,I_WORD
32487,I_WORD
32488,E_WORD
32489,B_WORD
32490,I_WORD
32491,I_WORD
32492,I_WORD
32493,I_WORD
32494,I_WORD
32495,I_WORD
32496,I_WORD
32497,I_WORD
32498,I_WORD
32499,I_WORD
32500,I_WORD
32501,E_WORD
32503,B_WORD
32504,I_WORD
32505,I_WORD
32506,E_WORD
32508,B_WORD
32509,I_WORD
32510,I_WORD
32511,I_WORD
32512,I_WORD
32513,I_WORD
32514,I_WORD
32515,I_WORD
32516,I_WORD
32517,I_WORD
32518,I_WORD
32519,I_WORD
32520,E_WORD
32521,B_WORD
32522,I_WORD
32523,I_WORD
32524,E_WORD
32525,B_WORD
32526,I_WORD
32527,I_WORD
32528,I_WORD
32529,I_WORD
32530,I_WORD
32531,I_WORD
32532,I_WORD
32533,I_WORD
32534,E_WORD
32535,B_WORD
32536,I_WORD
32537,E_WORD
32538,B_WORD
32539,E_WORD
32540,B_WORD
32541,I_WORD
32542,I_WORD
32543,I_WORD
32544,I_WORD
32545,E_WORD
32547,B_WORD
32548,I_WORD
32549,I_WORD
32550,I_WORD
32551,I_WORD
32552,E_WORD
32553,B_WORD
32554,I_WORD
32555,I_WORD
32556,I_WORD
32557,I_WORD
32558,I_WORD
32559,I_WORD
32560,I_WORD
32561,I_WORD
32562,I_WORD
32563,I_WORD
32564,E_WORD
32566,B_WORD
32567,I_WORD
32568,I_WORD
32569,I_WORD
32570,I_WORD
32571,E_WORD
32572,B_WORD
32573,I_WORD
32574,I_WORD
32575,I_WORD
32576,I_WORD
32577,I_WORD
32578,I_WORD
32579,I_WORD
32580,I_WORD
32581,E_WORD
32583,B_WORD
32584,I_WORD
32585,I_WORD
32586,E_WORD
32587,B_WORD
32588,I_WORD
32589,E_WORD
32590,B_WORD
32591,I_WORD
32592,I_WORD
32593,I_WORD
32594,I_WORD
32595,I_WORD
32596,I_WORD
32597,I_WORD
32598,E_WORD
32599,B_WORD
32600,I_WORD
32601,I_WORD
32602,I_WORD
32603,I_WORD
32604,E_WORD
32605,B_WORD
32606,I_WORD
32607,I_WORD
32608,I_WORD
32609,I_WORD
32610,I_WORD
32611,I_WORD
32612,I_WORD
32613,E_WORD
32614,B_WORD
32615,I_WORD
32616,I_WORD
32617,I_WORD
32618,I_WORD
32619,I_WORD
32620,I_WORD
32621,E_WORD
32622,B_WORD
32623,I_WORD
32624,I_WORD
32625,I_WORD
32626,I_WORD
32627,I_WORD
32628,I_WORD
32629,I_WORD
32630,I_WORD
32631,I_WORD
32632,I_WORD
32633,I_WORD
32634,E_WORD
32635,B_WORD
32636,I_WORD
32637,I_WORD
32638,E_WORD
32640,B_WORD
32641,I_WORD
32642,E_WORD
32643,B_WORD
32644,I_WORD
32645,E_WORD
32646,B_WORD
32647,I_WORD
32648,E_WORD
32649,B_WORD
32650,I_WORD
32651,I_WORD
32652,I_WORD
32653,I_WORD
32654,E_WORD
32655,B_WORD
32656,E_WORD
32657,B_WORD
32658,I_WORD
32659,E_WORD
32660,B_WORD
32661,I_WORD
32662,I_WORD
32663,I_WORD
32664,I_WORD
32665,E_WORD
32666,B_WORD
32667,I_WORD
32668,I_WORD
32669,I_WORD
32670,I_WORD
32671,I_WORD
32672,I_WORD
32673,I_WORD
32674,E_WORD
32675,B_WORD
32676,I_WORD
32677,I_WORD
32678,E_WORD
32679,B_WORD
32680,I_WORD
32681,I_WORD
32682,I_WORD
32683,I_WORD
32684,I_WORD
32685,E_WORD
32686,B_WORD
32687,I_WORD
32688,E_WORD
32689,B_WORD
32690,E_WORD
32691,B_WORD
32692,I_WORD
32693,I_WORD
32694,I_WORD
32695,I_WORD
32696,I_WORD
32697,I_WORD
32698,I_WORD
32699,I_WORD
32700,I_WORD
32701,E_WORD
32702,B_WORD
32703,I_WORD
32704,I_WORD
32705,I_WORD
32706,I_WORD
32707,I_WORD
32708,E_WORD
32709,B_WORD
32710,I_WORD
32711,I_WORD
32712,I_WORD
32713,I_WORD
32714,I_WORD
32715,I_WORD
32716,E_WORD
32717,B_WORD
32718,I_WORD
32719,I_WORD
32720,I_WORD
32721,I_WORD
32722,I_WORD
32723,I_WORD
32724,I_WORD
32725,E_WORD
32726,B_WORD
32727,I_WORD
32728,I_WORD
32729,I_WORD
32730,I_WORD
32731,I_WORD
32732,E_WORD
32733,B_WORD
32734,I_WORD
32735,E_WORD
32737,B_WORD
32738,I_WORD
32739,E_WORD
32740,B_WORD
32741,I_WORD
32742,E_WORD
32743,B_WORD
32744,I_WORD
32745,I_WORD
32746,I_WORD
32747,I_WORD
32748,E_WORD
32750,B_WORD
32751,I_WORD
32752,I_WORD
32753,I_WORD
32754,I_WORD
32755,I_WORD
32756,I_WORD
32757,I_WORD
32758,I_WORD
32759,I_WORD
32760,I_WORD
32761,I_WORD
32762,I_WORD
32763,I_WORD
32764,I_WORD
32765,I_WORD
32766,I_WORD
32767,E_WORD
32769,B_WORD
32771,B_WORD
32772,I_WORD
32773,E_WORD
32774,B_WORD
32775,I_WORD
32776,I_WORD
32777,I_WORD
32778,I_WORD
32779,E_WORD
32780,B_WORD
32781,I_WORD
32782,I_WORD
32783,I_WORD
32784,I_WORD
32785,I_WORD
32786,I_WORD
32787,I_WORD
32788,E_WORD
32790,B_WORD
32791,I_WORD
32792,I_WORD
32793,I_WORD
32794,I_WORD
32795,E_WORD
32796,B_WORD
32797,E_WORD
32798,B_WORD
32799,E_WORD
32800,B_WORD
32801,I_WORD
32802,E_WORD
32803,B_WORD
32804,I_WORD
32805,I_WORD
32806,I_WORD
32807,I_WORD
32808,E_WORD
32809,B_WORD
32810,I_WORD
32811,E_WORD
32812,B_WORD
32813,I_WORD
32814,I_WORD
32815,I_WORD
32816,I_WORD
32817,E_WORD
32818,B_WORD
32819,I_WORD
32820,I_WORD
32821,I_WORD
32822,I_WORD
32823,I_WORD
32824,E_WORD
32826,B_WORD
32828,B_WORD
32829,I_WORD
32830,I_WORD
32831,I_WORD
32832,E_WORD
32834,B_WORD
32836,B_WORD
32837,I_WORD
32838,E_WORD
32839,B_WORD
32840,I_WORD
32841,E_WORD
32842,B_WORD
32843,I_WORD
32844,I_WORD
32845,I_WORD
32846,B_WORD
32847,E_WORD
32848,B_WORD
32849,I_WORD
32850,I_WORD
32851,I_WORD
32852,I_WORD
32853,E_WORD
32854,B_WORD
32855,I_WORD
32856,I_WORD
32857,E_WORD
32858,B_WORD
32859,I_WORD
32860,E_WORD
32862,B_WORD
32864,B_WORD
32865,I_WORD
32866,I_WORD
32867,E_WORD
32869,B_WORD
32871,B_WORD
32872,I_WORD
32873,I_WORD
32874,I_WORD
32875,E_WORD
32877,B_WORD
32879,B_WORD
32880,I_WORD
32881,E_WORD
32882,B_WORD
32883,I_WORD
32884,E_WORD
32885,B_WORD
32886,I_WORD
32887,I_WORD
32888,I_WORD
32889,B_WORD
32890,E_WORD
32891,B_WORD
32892,I_WORD
32893,I_WORD
32894,I_WORD
32895,I_WORD
32896,E_WORD
32897,B_WORD
32898,I_WORD
32899,I_WORD
32900,E_WORD
32901,B_WORD
32902,I_WORD
32903,E_WORD
32905,B_WORD
32907,B_WORD
32908,I_WORD
32909,I_WORD
32910,E_WORD
32912,B_WORD
32913,E_WORD
32914,B_WORD
32915,I_WORD
32916,I_WORD
32917,I_WORD
32918,E_WORD
32919,B_WORD
32920,I_WORD
32921,E_WORD
32922,B_WORD
32923,I_WORD
32924,I_WORD
32925,I_WORD
32926,E_WORD
32927,B_WORD
32928,I_WORD
32929,I_WORD
32930,E_WORD
32931,B_WORD
32932,I_WORD
32933,E_WORD
32934,B_WORD
32935,I_WORD
32936,I_WORD
32937,E_WORD
32938,B_WORD
32939,I_WORD
32940,E_WORD
32941,B_WORD
32942,E_WORD
32943,B_WORD
32944,I_WORD
32945,I_WORD
32946,I_WORD
32947,I_WORD
32948,E_WORD
32949,B_WORD
32950,I_WORD
32951,E_WORD
32952,B_WORD
32953,I_WORD
32954,E_WORD
32956,B_WORD
32957,I_WORD
32958,I_WORD
32959,I_WORD
32960,I_WORD
32961,E_WORD
32962,B_WORD
32963,I_WORD
32964,I_WORD
32965,I_WORD
32966,E_WORD
32967,B_WORD
32968,I_WORD
32969,I_WORD
32970,I_WORD
32971,I_WORD
32972,I_WORD
32973,I_WORD
32974,E_WORD
32975,B_WORD
32976,I_WORD
32977,I_WORD
32978,I_WORD
32979,I_WORD
32980,I_WORD
32981,I_WORD
32982,E_WORD
32983,B_WORD
32984,I_WORD
32985,I_WORD
32986,E_WORD
32987,B_WORD
32988,I_WORD
32989,I_WORD
32990,E_WORD
32991,B_WORD
32992,I_WORD
32993,I_WORD
32994,E_WORD
32995,B_WORD
32996,I_WORD
32997,E_WORD
32998,B_WORD
32999,I_WORD
33000,I_WORD
33001,I_WORD
33002,I_WORD
33003,I_WORD
33004,I_WORD
33005,E_WORD
33007,B_WORD
33008,I_WORD
33009,I_WORD
33010,I_WORD
33011,I_WORD
33012,I_WORD
33013,I_WORD
33014,I_WORD
33015,I_WORD
33016,E_WORD
33018,B_WORD
33020,B_WORD
33021,I_WORD
33022,I_WORD
33023,I_WORD
33024,I_WORD
33025,I_WORD
33026,I_WORD
33027,I_WORD
33028,I_WORD
33029,I_WORD
33030,I_WORD
33031,I_WORD
33032,I_WORD
33033,E_WORD
33035,B_WORD
33036,I_WORD
33037,I_WORD
33038,I_WORD
33039,I_WORD
33040,I_WORD
33041,I_WORD
33042,I_WORD
33043,E_WORD
33044,B_WORD
33045,I_WORD
33046,I_WORD
33047,E_WORD
33049,B_WORD
33051,B_WORD
33052,E_WORD
33054,B_WORD
33055,I_WORD
33056,I_WORD
33057,E_WORD
33059,B_WORD
33061,B_WORD
33062,I_WORD
33063,I_WORD
33064,I_WORD
33065,E_WORD
33067,B_WORD
33068,I_WORD
33069,I_WORD
33070,I_WORD
33071,E_WORD
33073,B_WORD
33074,I_WORD
33075,E_WORD
33076,B_WORD
33077,I_WORD
33078,I_WORD
33079,I_WORD
33080,E_WORD
33082,B_WORD
33083,I_WORD
33084,I_WORD
33085,I_WORD
33086,E_WORD
33087,B_WORD
33088,I_WORD
33089,I_WORD
33090,I_WORD
33091,E_WORD
33092,B_WORD
33093,I_WORD
33094,I_WORD
33095,I_WORD
33096,I_WORD
33097,I_WORD
33098,I_WORD
33099,E_WORD
33100,B_WORD
33101,I_WORD
33102,I_WORD
33103,I_WORD
33104,I_WORD
33105,I_WORD
33106,I_WORD
33107,E_WORD
33108,B_WORD
33109,I_WORD
33110,I_WORD
33111,E_WORD
33112,B_WORD
33113,I_WORD
33114,I_WORD
33115,I_WORD
33116,I_WORD
33117,I_WORD
33118,I_WORD
33119,I_WORD
33120,E_WORD
33121,B_WORD
33122,I_WORD
33123,I_WORD
33124,E_WORD
33125,B_WORD
33126,I_WORD
33127,E_WORD
33129,B_WORD
33131,B_WORD
33132,I_WORD
33133,I_WORD
33134,I_WORD
33135,I_WORD
33136,I_WORD
33137,E_WORD
33139,B_WORD
33140,I_WORD
33141,E_WORD
33142,B_WORD
33143,I_WORD
33144,I_WORD
33145,I_WORD
33146,I_WORD
33147,E_WORD
33148,B_WORD
33149,I_WORD
33150,I_WORD
33151,I_WORD
33152,I_WORD
33153,I_WORD
33154,I_WORD
33155,E_WORD
33157,B_WORD
33158,E_WORD
33160,B_WORD
33161,I_WORD
33162,I_WORD
33163,E_WORD
33164,B_WORD
33165,I_WORD
33166,I_WORD
33167,I_WORD
33168,I_WORD
33169,E_WORD
33171,B_WORD
33172,E_WORD
33174,B_WORD
33175,I_WORD
33176,I_WORD
33177,I_WORD
33178,I_WORD
33179,I_WORD
33180,E_WORD
33181,B_WORD
33182,I_WORD
33183,E_WORD
33185,B_WORD
33186,I_WORD
33187,I_WORD
33188,I_WORD
33189,I_WORD
33190,I_WORD
33191,I_WORD
33192,E_WORD
33194,B_WORD
33196,B_WORD
33197,I_WORD
33198,E_WORD
33199,B_WORD
33200,I_WORD
33201,I_WORD
33202,I_WORD
33203,I_WORD
33204,E_WORD
33205,B_WORD
33206,I_WORD
33207,I_WORD
33208,E_WORD
33209,B_WORD
33210,I_WORD
33211,E_WORD
33212,B_WORD
33213,I_WORD
33214,I_WORD
33215,I_WORD
33216,I_WORD
33217,I_WORD
33218,I_WORD
33219,I_WORD
33220,E_WORD
33221,B_WORD
33222,I_WORD
33223,I_WORD
33224,I_WORD
33225,I_WORD
33226,I_WORD
33227,I_WORD
33228,E_WORD
33230,B_WORD
33231,I_WORD
33232,E_WORD
33233,B_WORD
33234,I_WORD
33235,E_WORD
33236,B_WORD
33237,I_WORD
33238,I_WORD
33239,I_WORD
33240,I_WORD
33241,I_WORD
33242,I_WORD
33243,I_WORD
33244,E_WORD
33245,B_WORD
33246,I_WORD
33247,E_WORD
33248,B_WORD
33249,I_WORD
33250,I_WORD
33251,I_WORD
33252,I_WORD
33253,E_WORD
33254,B_WORD
33255,I_WORD
33256,E_WORD
33257,B_WORD
33258,I_WORD
33259,I_WORD
33260,I_WORD
33261,I_WORD
33262,E_WORD
33263,B_WORD
33264,I_WORD
33265,E_WORD
33266,B_WORD
33267,I_WORD
33268,I_WORD
33269,E_WORD
33270,B_WORD
33271,I_WORD
33272,E_WORD
33273,B_WORD
33274,E_WORD
33275,B_WORD
33276,I_WORD
33277,I_WORD
33278,I_WORD
33279,I_WORD
33280,I_WORD
33281,I_WORD
33282,I_WORD
33283,E_WORD
33284,B_WORD
33285,E_WORD
33286,B_WORD
33287,I_WORD
33288,I_WORD
33289,I_WORD
33290,I_WORD
33291,E_WORD
33292,B_WORD
33293,I_WORD
33294,I_WORD
33295,I_WORD
33296,I_WORD
33297,I_WORD
33298,I_WORD
33299,E_WORD
33300,B_WORD
33301,I_WORD
33302,E_WORD
33304,B_WORD
33305,I_WORD
33306,I_WORD
33307,I_WORD
33308,E_WORD
33309,B_WORD
33310,I_WORD
33311,I_WORD
33312,I_WORD
33313,I_WORD
33314,I_WORD
33315,I_WORD
33316,I_WORD
33317,E_WORD
33318,B_WORD
33319,I_WORD
33320,E_WORD
33321,B_WORD
33322,I_WORD
33323,I_WORD
33324,I_WORD
33325,I_WORD
33326,E_WORD
33327,B_WORD
33328,I_WORD
33329,E_WORD
33330,B_WORD
33331,I_WORD
33332,I_WORD
33333,I_WORD
33334,E_WORD
33335,B_WORD
33336,I_WORD
33337,I_WORD
33338,I_WORD
33339,E_WORD
33340,B_WORD
33341,I_WORD
33342,I_WORD
33343,I_WORD
33344,I_WORD
33345,I_WORD
33346,I_WORD
33347,I_WORD
33348,E_WORD
33350,B_WORD
33351,I_WORD
33352,I_WORD
33353,E_WORD
33354,B_WORD
33355,I_WORD
33356,E_WORD
33357,B_WORD
33358,I_WORD
33359,I_WORD
33360,I_WORD
33361,E_WORD
33362,B_WORD
33363,I_WORD
33364,I_WORD
33365,I_WORD
33366,I_WORD
33367,I_WORD
33368,E_WORD
33369,B_WORD
33370,I_WORD
33371,I_WORD
33372,E_WORD
33373,B_WORD
33374,I_WORD
33375,E_WORD
33376,B_WORD
33377,E_WORD
33379,B_WORD
33380,I_WORD
33381,I_WORD
33382,I_WORD
33383,E_WORD
33384,B_WORD
33385,E_WORD
33386,B_WORD
33387,I_WORD
33388,I_WORD
33389,E_WORD
33390,B_WORD
33391,I_WORD
33392,I_WORD
33393,I_WORD
33394,I_WORD
33395,I_WORD
33396,I_WORD
33397,I_WORD
33398,I_WORD
33399,E_WORD
33400,B_WORD
33401,I_WORD
33402,I_WORD
33403,I_WORD
33404,I_WORD
33405,I_WORD
33406,E_WORD
33407,B_WORD
33408,I_WORD
33409,E_WORD
33410,B_WORD
33411,I_WORD
33412,E_WORD
33413,B_WORD
33414,I_WORD
33415,I_WORD
33416,I_WORD
33417,I_WORD
33418,I_WORD
33419,I_WORD
33420,I_WORD
33421,I_WORD
33422,E_WORD
33423,B_WORD
33424,I_WORD
33425,I_WORD
33426,I_WORD
33427,I_WORD
33428,I_WORD
33429,I_WORD
33430,I_WORD
33431,I_WORD
33432,I_WORD
33433,E_WORD
33434,B_WORD
33435,I_WORD
33436,E_WORD
33438,B_WORD
33439,I_WORD
33440,I_WORD
33441,I_WORD
33442,E_WORD
33444,B_WORD
33445,I_WORD
33446,I_WORD
33447,I_WORD
33448,E_WORD
33450,B_WORD
33451,I_WORD
33452,I_WORD
33453,I_WORD
33454,E_WORD
33455,B_WORD
33456,E_WORD
33457,B_WORD
33458,B_WORD
33459,I_WORD
33460,E_WORD
33462,B_WORD
33463,I_WORD
33464,I_WORD
33465,I_WORD
33466,I_WORD
33467,I_WORD
33468,I_WORD
33469,I_WORD
33470,E_WORD
33472,B_WORD
33473,I_WORD
33474,I_WORD
33475,I_WORD
33476,I_WORD
33477,E_WORD
33478,B_WORD
33479,I_WORD
33480,E_WORD
33481,B_WORD
33482,I_WORD
33483,I_WORD
33484,I_WORD
33485,I_WORD
33486,E_WORD
33487,B_WORD
33488,I_WORD
33489,I_WORD
33490,I_WORD
33491,I_WORD
33492,E_WORD
33493,B_WORD
33494,I_WORD
33495,E_WORD
33496,B_WORD
33497,I_WORD
33498,I_WORD
33499,I_WORD
33500,E_WORD
33501,B_WORD
33502,I_WORD
33503,I_WORD
33504,I_WORD
33505,I_WORD
33506,I_WORD
33507,I_WORD
33508,E_WORD
33509,B_WORD
33510,I_WORD
33511,I_WORD
33512,I_WORD
33513,I_WORD
33514,I_WORD
33515,E_WORD
33516,B_WORD
33517,E_WORD
33518,B_WORD
33519,I_WORD
33520,E_WORD
33522,B_WORD
33523,E_WORD
33525,B_WORD
33526,I_WORD
33527,I_WORD
33528,I_WORD
33529,I_WORD
33530,I_WORD
33531,I_WORD
33532,I_WORD
33533,I_WORD
33534,E_WORD
33536,B_WORD
33537,E_WORD
33539,B_WORD
33540,I_WORD
33541,I_WORD
33542,I_WORD
33543,I_WORD
33544,I_WORD
33545,I_WORD
33546,E_WORD
33548,B_WORD
33549,I_WORD
33550,I_WORD
33551,E_WORD
33552,B_WORD
33553,I_WORD
33554,E_WORD
33555,B_WORD
33556,I_WORD
33557,E_WORD
33558,B_WORD
33559,I_WORD
33560,I_WORD
33561,I_WORD
33562,E_WORD
33563,B_WORD
33564,I_WORD
33565,E_WORD
33567,B_WORD
33568,I_WORD
33569,E_WORD
33570,B_WORD
33571,I_WORD
33572,E_WORD
33573,B_WORD
33574,I_WORD
33575,I_WORD
33576,I_WORD
33577,I_WORD
33578,I_WORD
33579,E_WORD
33580,B_WORD
33581,I_WORD
33582,E_WORD
33583,B_WORD
33584,I_WORD
33585,I_WORD
33586,I_WORD
33587,E_WORD
33588,B_WORD
33589,I_WORD
33590,I_WORD
33591,E_WORD
33592,B_WORD
33593,I_WORD
33594,E_WORD
33595,B_WORD
33596,E_WORD
33597,B_WORD
33598,I_WORD
33599,E_WORD
33601,B_WORD
33602,I_WORD
33603,I_WORD
33604,I_WORD
33605,I_WORD
33606,E_WORD
33607,B_WORD
33608,I_WORD
33609,I_WORD
33610,I_WORD
33611,E_WORD
33612,B_WORD
33613,I_WORD
33614,I_WORD
33615,I_WORD
33616,I_WORD
33617,I_WORD
33618,I_WORD
33619,I_WORD
33620,I_WORD
33621,E_WORD
33622,B_WORD
33623,I_WORD
33624,I_WORD
33625,I_WORD
33626,I_WORD
33627,I_WORD
33628,E_WORD
33629,B_WORD
33630,I_WORD
33631,I_WORD
33632,I_WORD
33633,I_WORD
33634,I_WORD
33635,I_WORD
33636,I_WORD
33637,I_WORD
33638,E_WORD
33640,B_WORD
33641,I_WORD
33642,E_WORD
33643,B_WORD
33644,I_WORD
33645,I_WORD
33646,I_WORD
33647,I_WORD
33648,I_WORD
33649,I_WORD
33650,I_WORD
33651,I_WORD
33652,I_WORD
33653,I_WORD
33654,E_WORD
33656,B_WORD
33657,I_WORD
33658,I_WORD
33659,E_WORD
33660,B_WORD
33661,I_WORD
33662,I_WORD
33663,I_WORD
33664,I_WORD
33665,I_WORD
33666,I_WORD
33667,I_WORD
33668,I_WORD
33669,I_WORD
33670,I_WORD
33671,E_WORD
33673,B_WORD
33674,I_WORD
33675,E_WORD
33676,B_WORD
33677,I_WORD
33678,I_WORD
33679,I_WORD
33680,E_WORD
33681,B_WORD
33682,I_WORD
33683,I_WORD
33684,I_WORD
33685,I_WORD
33686,I_WORD
33687,E_WORD
33688,B_WORD
33689,I_WORD
33690,E_WORD
33691,B_WORD
33692,I_WORD
33693,I_WORD
33694,I_WORD
33695,I_WORD
33696,I_WORD
33697,E_WORD
33698,B_WORD
33699,I_WORD
33700,I_WORD
33701,I_WORD
33702,I_WORD
33703,I_WORD
33704,I_WORD
33705,I_WORD
33706,E_WORD
33707,B_WORD
33708,I_WORD
33709,I_WORD
33710,I_WORD
33711,I_WORD
33712,E_WORD
33713,B_WORD
33714,I_WORD
33715,I_WORD
33716,I_WORD
33717,I_WORD
33718,E_WORD
33719,B_WORD
33720,I_WORD
33721,E_WORD
33722,B_WORD
33723,I_WORD
33724,I_WORD
33725,I_WORD
33726,E_WORD
33727,B_WORD
33728,I_WORD
33729,I_WORD
33730,I_WORD
33731,I_WORD
33732,I_WORD
33733,I_WORD
33734,E_WORD
33735,B_WORD
33736,I_WORD
33737,I_WORD
33738,E_WORD
33739,B_WORD
33740,I_WORD
33741,E_WORD
33743,B_WORD
33744,I_WORD
33745,E_WORD
33746,B_WORD
33747,E_WORD
33748,B_WORD
33749,I_WORD
33750,I_WORD
33751,I_WORD
33752,I_WORD
33753,I_WORD
33754,I_WORD
33755,I_WORD
33756,E_WORD
33757,B_WORD
33758,I_WORD
33759,I_WORD
33760,I_WORD
33761,I_WORD
33762,E_WORD
33763,B_WORD
33764,I_WORD
33765,E_WORD
33766,B_WORD
33767,I_WORD
33768,E_WORD
33769,B_WORD
33770,I_WORD
33771,I_WORD
33772,I_WORD
33773,I_WORD
33774,I_WORD
33775,E_WORD
33776,B_WORD
33777,I_WORD
33778,I_WORD
33779,I_WORD
33780,I_WORD
33781,I_WORD
33782,I_WORD
33783,E_WORD
33784,B_WORD
33785,E_WORD
33786,B_WORD
33787,I_WORD
33788,E_WORD
33789,B_WORD
33790,I_WORD
33791,I_WORD
33792,E_WORD
33793,B_WORD
33794,I_WORD
33795,E_WORD
33796,B_WORD
33797,I_WORD
33798,I_WORD
33799,I_WORD
33800,E_WORD
33802,B_WORD
33803,E_WORD
33804,B_WORD
33805,I_WORD
33806,I_WORD
33807,I_WORD
33808,E_WORD
33809,B_WORD
33810,I_WORD
33811,I_WORD
33812,E_WORD
33814,B_WORD
33816,B_WORD
33817,E_WORD
33818,B_WORD
33819,I_WORD
33820,I_WORD
33821,I_WORD
33822,E_WORD
33824,B_WORD
33825,I_WORD
33826,I_WORD
33827,E_WORD
33828,B_WORD
33829,I_WORD
33830,E_WORD
33832,B_WORD
33834,B_WORD
33835,E_WORD
33836,B_WORD
33837,I_WORD
33838,E_WORD
33839,B_WORD
33840,I_WORD
33841,I_WORD
33842,I_WORD
33843,E_WORD
33845,B_WORD
33846,I_WORD
33847,I_WORD
33848,I_WORD
33849,I_WORD
33850,I_WORD
33851,I_WORD
33852,I_WORD
33853,I_WORD
33854,I_WORD
33855,I_WORD
33856,I_WORD
33857,I_WORD
33858,I_WORD
33859,I_WORD
33860,I_WORD
33861,I_WORD
33862,I_WORD
33863,I_WORD
33864,I_WORD
33865,I_WORD
33866,E_WORD
33868,B_WORD
33869,I_WORD
33870,E_WORD
33871,B_WORD
33872,I_WORD
33873,I_WORD
33874,I_WORD
33875,I_WORD
33876,E_WORD
33877,B_WORD
33878,I_WORD
33879,I_WORD
33880,I_WORD
33881,I_WORD
33882,I_WORD
33883,I_WORD
33884,I_WORD
33885,I_WORD
33886,I_WORD
33887,I_WORD
33888,I_WORD
33889,E_WORD
33890,B_WORD
33891,I_WORD
33892,E_WORD
33893,B_WORD
33894,I_WORD
33895,I_WORD
33896,I_WORD
33897,I_WORD
33898,E_WORD
33899,B_WORD
33900,I_WORD
33901,E_WORD
33902,B_WORD
33903,I_WORD
33904,I_WORD
33905,I_WORD
33906,E_WORD
33907,B_WORD
33908,I_WORD
33909,E_WORD
33910,B_WORD
33911,I_WORD
33912,I_WORD
33913,I_WORD
33914,I_WORD
33915,I_WORD
33916,I_WORD
33917,I_WORD
33918,I_WORD
33919,E_WORD
33920,B_WORD
33921,I_WORD
33922,I_WORD
33923,E_WORD
33924,B_WORD
33925,I_WORD
33926,I_WORD
33927,I_WORD
33928,I_WORD
33929,I_WORD
33930,I_WORD
33931,I_WORD
33932,I_WORD
33933,I_WORD
33934,I_WORD
33935,I_WORD
33936,E_WORD
33938,B_WORD
33940,B_WORD
33941,E_WORD
33942,B_WORD
33943,I_WORD
33944,I_WORD
33945,I_WORD
33946,E_WORD
33948,B_WORD
33949,I_WORD
33950,I_WORD
33951,E_WORD
33952,B_WORD
33953,I_WORD
33954,E_WORD
33956,B_WORD
33958,B_WORD
33959,I_WORD
33960,I_WORD
33961,E_WORD
33962,B_WORD
33963,I_WORD
33964,I_WORD
33965,I_WORD
33966,I_WORD
33967,E_WORD
33968,B_WORD
33969,I_WORD
33970,E_WORD
33971,B_WORD
33972,I_WORD
33973,E_WORD
33974,B_WORD
33975,I_WORD
33976,I_WORD
33977,E_WORD
33978,B_WORD
33979,I_WORD
33980,I_WORD
33981,I_WORD
33982,I_WORD
33983,I_WORD
33984,I_WORD
33985,E_WORD
33987,B_WORD
33988,I_WORD
33989,E_WORD
33990,B_WORD
33991,I_WORD
33992,E_WORD
33993,B_WORD
33994,I_WORD
33995,I_WORD
33996,I_WORD
33997,E_WORD
33998,B_WORD
33999,I_WORD
34000,I_WORD
34001,E_WORD
34002,B_WORD
34003,I_WORD
34004,I_WORD
34005,I_WORD
34006,I_WORD
34007,E_WORD
34008,B_WORD
34009,I_WORD
34010,E_WORD
34011,B_WORD
34012,I_WORD
34013,I_WORD
34014,I_WORD
34015,E_WORD
34016,B_WORD
34017,I_WORD
34018,I_WORD
34019,I_WORD
34020,E_WORD
34021,B_WORD
34022,I_WORD
34023,I_WORD
34024,I_WORD
34025,E_WORD
34026,B_WORD
34027,E_WORD
34028,B_WORD
34029,I_WORD
34030,I_WORD
34031,I_WORD
34032,I_WORD
34033,I_WORD
34034,I_WORD
34035,I_WORD
34036,E_WORD
34037,B_WORD
34038,I_WORD
34039,E_WORD
34040,B_WORD
34041,I_WORD
34042,I_WORD
34043,I_WORD
34044,I_WORD
34045,I_WORD
34046,I_WORD
34047,I_WORD
34048,E_WORD
34050,B_WORD
34051,I_WORD
34052,I_WORD
34053,I_WORD
34054,E_WORD
34055,B_WORD
34056,I_WORD
34057,I_WORD
34058,I_WORD
34059,I_WORD
34060,E_WORD
34062,B_WORD
34063,E_WORD
34065,B_WORD
34066,I_WORD
34067,I_WORD
34068,E_WORD
34070,B_WORD
34071,I_WORD
34072,E_WORD
34073,B_WORD
34074,I_WORD
34075,I_WORD
34076,I_WORD
34077,I_WORD
34078,I_WORD
34079,E_WORD
34080,B_WORD
34081,I_WORD
34082,I_WORD
34083,I_WORD
34084,I_WORD
34085,I_WORD
34086,I_WORD
34087,I_WORD
34088,I_WORD
34089,I_WORD
34090,I_WORD
34091,I_WORD
34092,E_WORD
34094,B_WORD
34095,I_WORD
34096,I_WORD
34097,I_WORD
34098,I_WORD
34099,I_WORD
34100,I_WORD
34101,I_WORD
34102,I_WORD
34103,I_WORD
34104,I_WORD
34105,I_WORD
34106,I_WORD
34107,I_WORD
34108,I_WORD
34109,I_WORD
34110,I_WORD
34111,I_WORD
34112,I_WORD
34113,I_WORD
34114,I_WORD
34115,E_WORD
34117,B_WORD
34118,I_WORD
34119,E_WORD
34120,B_WORD
34121,E_WORD
34122,B_WORD
34123,I_WORD
34124,I_WORD
34125,I_WORD
34126,E_WORD
34128,B_WORD
34129,I_WORD
34130,I_WORD
34131,E_WORD
34132,B_WORD
34133,I_WORD
34134,E_WORD
34136,B_WORD
34137,I_WORD
34138,I_WORD
34139,I_WORD
34140,I_WORD
34141,I_WORD
34142,I_WORD
34143,I_WORD
34144,I_WORD
34145,E_WORD
34146,B_WORD
34147,I_WORD
34148,I_WORD
34149,E_WORD
34150,B_WORD
34151,I_WORD
34152,I_WORD
34153,I_WORD
34154,I_WORD
34155,I_WORD
34156,I_WORD
34157,I_WORD
34158,I_WORD
34159,I_WORD
34160,I_WORD
34161,I_WORD
34162,E_WORD
34163,B_WORD
34164,I_WORD
34165,E_WORD
34166,B_WORD
34167,I_WORD
34168,I_WORD
34169,I_WORD
34170,I_WORD
34171,E_WORD
34172,B_WORD
34173,I_WORD
34174,I_WORD
34175,I_WORD
34176,E_WORD
34177,B_WORD
34178,I_WORD
34179,I_WORD
34180,I_WORD
34181,I_WORD
34182,E_WORD
34184,B_WORD
34186,B_WORD
34187,I_WORD
34188,I_WORD
34189,I_WORD
34190,I_WORD
34191,I_WORD
34192,I_WORD
34193,I_WORD
34194,I_WORD
34195,I_WORD
34196,I_WORD
34197,I_WORD
34198,E_WORD
34199,B_WORD
34200,I_WORD
34201,I_WORD
34202,I_WORD
34203,I_WORD
34204,I_WORD
34205,I_WORD
34206,E_WORD
34207,B_WORD
34208,I_WORD
34209,E_WORD
34210,B_WORD
34211,I_WORD
34212,I_WORD
34213,I_WORD
34214,I_WORD
34215,E_WORD
34216,B_WORD
34217,I_WORD
34218,E_WORD
34219,B_WORD
34220,I_WORD
34221,I_WORD
34222,I_WORD
34223,E_WORD
34225,B_WORD
34226,I_WORD
34227,E_WORD
34228,B_WORD
34229,E_WORD
34230,B_WORD
34231,I_WORD
34232,I_WORD
34233,I_WORD
34234,I_WORD
34235,I_WORD
34236,E_WORD
34238,B_WORD
34239,I_WORD
34240,I_WORD
34241,I_WORD
34242,I_WORD
34243,I_WORD
34244,I_WORD
34245,E_WORD
34247,B_WORD
34248,I_WORD
34249,I_WORD
34250,I_WORD
34251,I_WORD
34252,I_WORD
34253,E_WORD
34254,B_WORD
34255,I_WORD
34256,I_WORD
34257,E_WORD
34258,B_WORD
34259,I_WORD
34260,I_WORD
34261,I_WORD
34262,I_WORD
34263,I_WORD
34264,I_WORD
34265,E_WORD
34266,B_WORD
34267,I_WORD
34268,E_WORD
34269,B_WORD
34270,E_WORD
34271,B_WORD
34272,I_WORD
34273,E_WORD
34274,B_WORD
34275,I_WORD
34276,I_WORD
34277,I_WORD
34278,I_WORD
34279,I_WORD
34280,E_WORD
34281,B_WORD
34282,I_WORD
34283,I_WORD
34284,E_WORD
34286,B_WORD
34287,I_WORD
34288,E_WORD
34290,B_WORD
34291,E_WORD
34293,B_WORD
34294,I_WORD
34295,E_WORD
34296,B_WORD
34297,I_WORD
34298,I_WORD
34299,I_WORD
34300,I_WORD
34301,I_WORD
34302,I_WORD
34303,I_WORD
34304,E_WORD
34305,B_WORD
34306,I_WORD
34307,I_WORD
34308,E_WORD
34309,B_WORD
34310,I_WORD
34311,I_WORD
34312,I_WORD
34313,I_WORD
34314,I_WORD
34315,I_WORD
34316,I_WORD
34317,I_WORD
34318,I_WORD
34319,E_WORD
34320,B_WORD
34321,I_WORD
34322,E_WORD
34323,B_WORD
34324,I_WORD
34325,I_WORD
34326,I_WORD
34327,I_WORD
34328,E_WORD
34329,B_WORD
34330,I_WORD
34331,I_WORD
34332,I_WORD
34333,I_WORD
34334,I_WORD
34335,I_WORD
34336,I_WORD
34337,I_WORD
34338,I_WORD
34339,E_WORD
34340,B_WORD
34341,I_WORD
34342,E_WORD
34343,B_WORD
34344,I_WORD
34345,I_WORD
34346,I_WORD
34347,I_WORD
34348,I_WORD
34349,I_WORD
34350,I_WORD
34351,I_WORD
34352,E_WORD
34353,B_WORD
34354,I_WORD
34355,I_WORD
34356,E_WORD
34358,B_WORD
34360,B_WORD
34361,I_WORD
34362,I_WORD
34363,I_WORD
34364,E_WORD
34365,B_WORD
34366,I_WORD
34367,I_WORD
34368,E_WORD
34370,B_WORD
34371,I_WORD
34372,I_WORD
34373,I_WORD
34374,E_WORD
34376,B_WORD
34377,E_WORD
34379,B_WORD
34380,I_WORD
34381,I_WORD
34382,E_WORD
34383,B_WORD
34384,I_WORD
34385,I_WORD
34386,I_WORD
34387,I_WORD
34388,I_WORD
34389,E_WORD
34390,B_WORD
34391,I_WORD
34392,I_WORD
34393,I_WORD
34394,I_WORD
34395,I_WORD
34396,E_WORD
34397,B_WORD
34398,I_WORD
34399,I_WORD
34400,I_WORD
34401,I_WORD
34402,E_WORD
34403,B_WORD
34404,I_WORD
34405,I_WORD
34406,I_WORD
34407,I_WORD
34408,I_WORD
34409,I_WORD
34410,E_WORD
34411,B_WORD
34412,I_WORD
34413,I_WORD
34414,I_WORD
34415,I_WORD
34416,I_WORD
34417,I_WORD
34418,I_WORD
34419,I_WORD
34420,I_WORD
34421,I_WORD
34422,I_WORD
34423,I_WORD
34424,I_WORD
34425,I_WORD
34426,I_WORD
34427,I_WORD
34428,I_WORD
34429,I_WORD
34430,I_WORD
34431,I_WORD
34432,E_WORD
34433,B_WORD
34434,I_WORD
34435,E_WORD
34436,B_WORD
34437,I_WORD
34438,E_WORD
34439,B_WORD
34440,E_WORD
34441,B_WORD
34442,I_WORD
34443,E_WORD
34444,B_WORD
34445,I_WORD
34446,I_WORD
34447,E_WORD
34448,B_WORD
34449,I_WORD
34450,I_WORD
34451,E_WORD
34452,B_WORD
34453,I_WORD
34454,I_WORD
34455,I_WORD
34456,I_WORD
34457,E_WORD
34458,B_WORD
34459,I_WORD
34460,I_WORD
34461,I_WORD
34462,I_WORD
34463,E_WORD
34464,B_WORD
34465,I_WORD
34466,I_WORD
34467,I_WORD
34468,I_WORD
34469,E_WORD
34470,B_WORD
34471,I_WORD
34472,I_WORD
34473,I_WORD
34474,I_WORD
34475,I_WORD
34476,I_WORD
34477,E_WORD
34479,B_WORD
34480,E_WORD
34481,B_WORD
34482,I_WORD
34483,I_WORD
34484,I_WORD
34485,E_WORD
34486,B_WORD
34487,I_WORD
34488,I_WORD
34489,I_WORD
34490,I_WORD
34491,I_WORD
34492,I_WORD
34493,I_WORD
34494,I_WORD
34495,I_WORD
34496,I_WORD
34497,I_WORD
34498,I_WORD
34499,I_WORD
34500,E_WORD
34501,B_WORD
34502,I_WORD
34503,I_WORD
34504,E_WORD
34506,B_WORD
34508,B_WORD
34509,I_WORD
34510,I_WORD
34511,E_WORD
34513,B_WORD
34514,I_WORD
34515,E_WORD
34517,B_WORD
34518,I_WORD
34519,E_WORD
34521,B_WORD
34522,I_WORD
34523,I_WORD
34524,I_WORD
34525,I_WORD
34526,I_WORD
34527,E_WORD
34529,B_WORD
34530,I_WORD
34531,I_WORD
34532,I_WORD
34533,I_WORD
34534,I_WORD
34535,E_WORD
34537,B_WORD
34538,I_WORD
34539,E_WORD
34540,B_WORD
34541,I_WORD
34542,I_WORD
34543,I_WORD
34544,I_WORD
34545,I_WORD
34546,I_WORD
34547,I_WORD
34548,I_WORD
34549,I_WORD
34550,I_WORD
34551,I_WORD
34552,I_WORD
34553,I_WORD
34554,E_WORD
34555,B_WORD
34556,I_WORD
34557,I_WORD
34558,I_WORD
34559,I_WORD
34560,I_WORD
34561,E_WORD
34562,B_WORD
34563,E_WORD
34564,B_WORD
34565,I_WORD
34566,I_WORD
34567,E_WORD
34568,B_WORD
34569,I_WORD
34570,E_WORD
34571,B_WORD
34572,I_WORD
34573,I_WORD
34574,I_WORD
34575,I_WORD
34576,I_WORD
34577,I_WORD
34578,E_WORD
34579,B_WORD
34580,I_WORD
34581,I_WORD
34582,I_WORD
34583,I_WORD
34584,I_WORD
34585,I_WORD
34586,I_WORD
34587,E_WORD
34588,B_WORD
34589,I_WORD
34590,I_WORD
34591,I_WORD
34592,I_WORD
34593,I_WORD
34594,I_WORD
34595,E_WORD
34597,B_WORD
34598,I_WORD
34599,E_WORD
34600,B_WORD
34601,I_WORD
34602,I_WORD
34603,E_WORD
34604,B_WORD
34605,I_WORD
34606,I_WORD
34607,I_WORD
34608,I_WORD
34609,I_WORD
34610,E_WORD
34611,B_WORD
34612,I_WORD
34613,E_WORD
34614,B_WORD
34615,E_WORD
34616,B_WORD
34617,I_WORD
34618,E_WORD
34619,B_WORD
34620,I_WORD
34621,I_WORD
34622,I_WORD
34623,I_WORD
34624,I_WORD
34625,E_WORD
34626,B_WORD
34627,I_WORD
34628,I_WORD
34629,I_WORD
34630,I_WORD
34631,I_WORD
34632,E_WORD
34633,B_WORD
34634,I_WORD
34635,I_WORD
34636,I_WORD
34637,I_WORD
34638,E_WORD
34640,B_WORD
34641,I_WORD
34642,E_WORD
34643,B_WORD
34644,E_WORD
34645,B_WORD
34646,I_WORD
34647,I_WORD
34648,I_WORD
34649,E_WORD
34651,B_WORD
34652,I_WORD
34653,I_WORD
34654,I_WORD
34655,I_WORD
34656,I_WORD
34657,I_WORD
34658,E_WORD
34659,B_WORD
34660,I_WORD
34661,I_WORD
34662,I_WORD
34663,I_WORD
34664,I_WORD
34665,I_WORD
34666,I_WORD
34667,I_WORD
34668,I_WORD
34669,I_WORD
34670,I_WORD
34671,E_WORD
34672,B_WORD
34673,I_WORD
34674,E_WORD
34675,B_WORD
34676,I_WORD
34677,I_WORD
34678,I_WORD
34679,I_WORD
34680,I_WORD
34681,I_WORD
34682,I_WORD
34683,I_WORD
34684,E_WORD
34685,B_WORD
34686,I_WORD
34687,E_WORD
34688,B_WORD
34689,I_WORD
34690,I_WORD
34691,E_WORD
34692,B_WORD
34693,I_WORD
34694,I_WORD
34695,E_WORD
34696,B_WORD
34697,I_WORD
34698,I_WORD
34699,I_WORD
34700,I_WORD
34701,I_WORD
34702,I_WORD
34703,E_WORD
34704,B_WORD
34705,I_WORD
34706,E_WORD
34708,B_WORD
34709,I_WORD
34710,I_WORD
34711,I_WORD
34712,I_WORD
34713,I_WORD
34714,E_WORD
34715,B_WORD
34716,I_WORD
34717,E_WORD
34718,B_WORD
34719,E_WORD
34720,B_WORD
34721,I_WORD
34722,I_WORD
34723,I_WORD
34724,I_WORD
34725,I_WORD
34726,I_WORD
34727,E_WORD
34728,B_WORD
34729,I_WORD
34730,I_WORD
34731,I_WORD
34732,I_WORD
34733,I_WORD
34734,E_WORD
34735,B_WORD
34736,I_WORD
34737,I_WORD
34738,I_WORD
34739,I_WORD
34740,I_WORD
34741,I_WORD
34742,I_WORD
34743,I_WORD
34744,E_WORD
34745,B_WORD
34746,I_WORD
34747,I_WORD
34748,E_WORD
34750,B_WORD
34751,I_WORD
34752,E_WORD
34753,B_WORD
34754,E_WORD
34755,B_WORD
34756,I_WORD
34757,I_WORD
34758,I_WORD
34759,E_WORD
34760,B_WORD
34761,I_WORD
34762,I_WORD
34763,I_WORD
34764,I_WORD
34765,E_WORD
34766,B_WORD
34767,I_WORD
34768,I_WORD
34769,E_WORD
34770,B_WORD
34771,I_WORD
34772,E_WORD
34773,B_WORD
34774,I_WORD
34775,E_WORD
34776,B_WORD
34777,I_WORD
34778,E_WORD
34779,B_WORD
34780,E_WORD
34781,B_WORD
34782,I_WORD
34783,I_WORD
34784,E_WORD
34785,B_WORD
34786,I_WORD
34787,I_WORD
34788,I_WORD
34789,I_WORD
34790,I_WORD
34791,I_WORD
34792,I_WORD
34793,E_WORD
34794,B_WORD
34795,I_WORD
34796,E_WORD
34797,B_WORD
34798,I_WORD
34799,I_WORD
34800,I_WORD
34801,I_WORD
34802,I_WORD
34803,I_WORD
34804,E_WORD
34806,B_WORD
34807,E_WORD
34808,B_WORD
34809,I_WORD
34810,I_WORD
34811,I_WORD
34812,E_WORD
34813,B_WORD
34814,I_WORD
34815,I_WORD
34816,I_WORD
34817,I_WORD
34818,I_WORD
34819,E_WORD
34820,B_WORD
34821,I_WORD
34822,I_WORD
34823,I_WORD
34824,I_WORD
34825,E_WORD
34826,B_WORD
34827,I_WORD
34828,I_WORD
34829,E_WORD
34830,B_WORD
34831,I_WORD
34832,I_WORD
34833,E_WORD
34834,B_WORD
34835,I_WORD
34836,I_WORD
34837,I_WORD
34838,I_WORD
34839,I_WORD
34840,I_WORD
34841,I_WORD
34842,E_WORD
34843,B_WORD
34844,E_WORD
34845,B_WORD
34846,I_WORD
34847,I_WORD
34848,E_WORD
34849,B_WORD
34850,I_WORD
34851,I_WORD
34852,I_WORD
34853,I_WORD
34854,E_WORD
34855,B_WORD
34856,E_WORD
34857,B_WORD
34858,I_WORD
34859,E_WORD
34860,B_WORD
34861,I_WORD
34862,I_WORD
34863,I_WORD
34864,I_WORD
34865,I_WORD
34866,E_WORD
34867,B_WORD
34868,I_WORD
34869,E_WORD
34870,B_WORD
34871,I_WORD
34872,I_WORD
34873,E_WORD
34874,B_WORD
34875,I_WORD
34876,I_WORD
34877,I_WORD
34878,I_WORD
34879,I_WORD
34880,I_WORD
34881,E_WORD
34883,B_WORD
34884,E_WORD
34885,B_WORD
34886,I_WORD
34887,I_WORD
34888,I_WORD
34889,E_WORD
34890,B_WORD
34891,I_WORD
34892,I_WORD
34893,I_WORD
34894,I_WORD
34895,E_WORD
34896,B_WORD
34897,I_WORD
34898,E_WORD
34899,B_WORD
34900,E_WORD
34901,B_WORD
34902,I_WORD
34903,I_WORD
34904,E_WORD
34905,B_WORD
34906,E_WORD
34907,B_WORD
34908,I_WORD
34909,I_WORD
34910,I_WORD
34911,E_WORD
34912,B_WORD
34913,I_WORD
34914,I_WORD
34915,I_WORD
34916,E_WORD
34917,B_WORD
34918,I_WORD
34919,I_WORD
34920,I_WORD
34921,E_WORD
34922,B_WORD
34923,I_WORD
34924,I_WORD
34925,E_WORD
34926,B_WORD
34927,I_WORD
34928,I_WORD
34929,E_WORD
34930,B_WORD
34931,I_WORD
34932,I_WORD
34933,I_WORD
34934,I_WORD
34935,E_WORD
34936,B_WORD
34937,I_WORD
34938,I_WORD
34939,I_WORD
34940,I_WORD
34941,I_WORD
34942,I_WORD
34943,I_WORD
34944,E_WORD
34946,B_WORD
34947,I_WORD
34948,I_WORD
34949,I_WORD
34950,E_WORD
34951,B_WORD
34952,I_WORD
34953,I_WORD
34954,I_WORD
34955,E_WORD
34956,B_WORD
34957,I_WORD
34958,I_WORD
34959,I_WORD
34960,I_WORD
34961,I_WORD
34962,I_WORD
34963,I_WORD
34964,I_WORD
34965,E_WORD
34966,B_WORD
34967,I_WORD
34968,I_WORD
34969,E_WORD
34971,B_WORD
34973,B_WORD
34974,I_WORD
34975,I_WORD
34976,I_WORD
34977,E_WORD
34978,B_WORD
34979,I_WORD
34980,I_WORD
34981,I_WORD
34982,I_WORD
34983,I_WORD
34984,I_WORD
34985,I_WORD
34986,E_WORD
34987,B_WORD
34988,I_WORD
34989,I_WORD
34990,E_WORD
34991,B_WORD
34992,I_WORD
34993,I_WORD
34994,I_WORD
34995,I_WORD
34996,I_WORD
34997,E_WORD
34999,B_WORD
35000,I_WORD
35001,E_WORD
35002,B_WORD
35003,E_WORD
35004,B_WORD
35005,I_WORD
35006,E_WORD
35007,B_WORD
35008,I_WORD
35009,I_WORD
35010,I_WORD
35011,I_WORD
35012,E_WORD
35013,B_WORD
35014,I_WORD
35015,I_WORD
35016,I_WORD
35017,I_WORD
35018,I_WORD
35019,E_WORD
35020,B_WORD
35021,I_WORD
35022,I_WORD
35023,E_WORD
35024,B_WORD
35025,I_WORD
35026,I_WORD
35027,I_WORD
35028,I_WORD
35029,E_WORD
35030,B_WORD
35031,I_WORD
35032,I_WORD
35033,E_WORD
35035,B_WORD
35037,B_WORD
35039,B_WORD
35040,I_WORD
35041,I_WORD
35042,I_WORD
35043,I_WORD
35044,E_WORD
35045,B_WORD
35046,I_WORD
35047,I_WORD
35048,I_WORD
35049,I_WORD
35050,E_WORD
35051,B_WORD
35052,I_WORD
35053,E_WORD
35054,B_WORD
35055,I_WORD
35056,I_WORD
35057,I_WORD
35058,I_WORD
35059,I_WORD
35060,I_WORD
35061,E_WORD
35062,B_WORD
35063,E_WORD
35064,B_WORD
35065,I_WORD
35066,E_WORD
35067,B_WORD
35068,I_WORD
35069,E_WORD
35070,B_WORD
35071,I_WORD
35072,I_WORD
35073,I_WORD
35074,E_WORD
35076,B_WORD
35077,E_WORD
35079,B_WORD
35080,I_WORD
35081,I_WORD
35082,I_WORD
35083,E_WORD
35084,B_WORD
35085,I_WORD
35086,I_WORD
35087,I_WORD
35088,I_WORD
35089,E_WORD
35091,B_WORD
35092,I_WORD
35093,E_WORD
35094,B_WORD
35095,I_WORD
35096,I_WORD
35097,I_WORD
35098,I_WORD
35099,I_WORD
35100,E_WORD
35101,B_WORD
35102,I_WORD
35103,E_WORD
35104,B_WORD
35105,I_WORD
35106,I_WORD
35107,I_WORD
35108,I_WORD
35109,I_WORD
35110,I_WORD
35111,I_WORD
35112,I_WORD
35113,I_WORD
35114,I_WORD
35115,I_WORD
35116,I_WORD
35117,I_WORD
35118,I_WORD
35119,I_WORD
35120,E_WORD
35121,B_WORD
35122,I_WORD
35123,I_WORD
35124,I_WORD
35125,I_WORD
35126,I_WORD
35127,E_WORD
35128,B_WORD
35129,I_WORD
35130,I_WORD
35131,E_WORD
35132,B_WORD
35133,I_WORD
35134,E_WORD
35135,B_WORD
35136,I_WORD
35137,E_WORD
35138,B_WORD
35139,I_WORD
35140,I_WORD
35141,I_WORD
35142,I_WORD
35143,E_WORD
35144,B_WORD
35145,I_WORD
35146,I_WORD
35147,I_WORD
35148,I_WORD
35149,I_WORD
35150,I_WORD
35151,I_WORD
35152,I_WORD
35153,I_WORD
35154,I_WORD
35155,I_WORD
35156,E_WORD
35157,B_WORD
35158,I_WORD
35159,I_WORD
35160,E_WORD
35161,B_WORD
35162,I_WORD
35163,E_WORD
35164,B_WORD
35165,I_WORD
35166,E_WORD
35167,B_WORD
35168,I_WORD
35169,I_WORD
35170,I_WORD
35171,I_WORD
35172,E_WORD
35174,B_WORD
35175,E_WORD
35176,B_WORD
35177,I_WORD
35178,E_WORD
35179,B_WORD
35180,I_WORD
35181,E_WORD
35182,B_WORD
35183,I_WORD
35184,I_WORD
35185,I_WORD
35186,E_WORD
35187,B_WORD
35188,I_WORD
35189,E_WORD
35190,B_WORD
35191,I_WORD
35192,E_WORD
35193,B_WORD
35194,I_WORD
35195,I_WORD
35196,I_WORD
35197,E_WORD
35198,B_WORD
35199,I_WORD
35200,E_WORD
35202,B_WORD
35204,B_WORD
35206,B_WORD
35207,I_WORD
35208,I_WORD
35209,E_WORD
35210,B_WORD
35211,I_WORD
35212,I_WORD
35213,I_WORD
35214,I_WORD
35215,I_WORD
35216,I_WORD
35217,I_WORD
35218,E_WORD
35219,B_WORD
35220,E_WORD
35221,B_WORD
35222,I_WORD
35223,I_WORD
35224,I_WORD
35225,I_WORD
35226,E_WORD
35227,B_WORD
35228,I_WORD
35229,I_WORD
35230,E_WORD
35231,B_WORD
35232,I_WORD
35233,E_WORD
35234,B_WORD
35235,E_WORD
35236,B_WORD
35237,I_WORD
35238,I_WORD
35239,I_WORD
35240,E_WORD
35241,B_WORD
35242,I_WORD
35243,I_WORD
35244,E_WORD
35245,B_WORD
35246,I_WORD
35247,I_WORD
35248,E_WORD
35249,B_WORD
35250,I_WORD
35251,E_WORD
35252,B_WORD
35253,I_WORD
35254,I_WORD
35255,E_WORD
35256,B_WORD
35257,I_WORD
35258,I_WORD
35259,I_WORD
35260,I_WORD
35261,E_WORD
35262,B_WORD
35263,I_WORD
35264,E_WORD
35265,B_WORD
35266,I_WORD
35267,E_WORD
35268,B_WORD
35269,E_WORD
35270,B_WORD
35271,I_WORD
35272,I_WORD
35273,I_WORD
35274,I_WORD
35275,I_WORD
35276,E_WORD
35277,B_WORD
35278,I_WORD
35279,B_WORD
35280,I_WORD
35281,E_WORD
35282,B_WORD
35283,I_WORD
35284,I_WORD
35285,I_WORD
35286,I_WORD
35287,I_WORD
35288,I_WORD
35289,E_WORD
35290,B_WORD
35291,I_WORD
35292,I_WORD
35293,I_WORD
35294,I_WORD
35295,I_WORD
35296,E_WORD
35297,B_WORD
35298,I_WORD
35299,I_WORD
35300,I_WORD
35301,I_WORD
35302,I_WORD
35303,I_WORD
35304,I_WORD
35305,I_WORD
35306,E_WORD
35307,B_WORD
35308,I_WORD
35309,I_WORD
35310,I_WORD
35311,I_WORD
35312,I_WORD
35313,I_WORD
35314,I_WORD
35315,E_WORD
35316,B_WORD
35317,I_WORD
35318,E_WORD
35319,B_WORD
35320,E_WORD
35321,B_WORD
35322,I_WORD
35323,I_WORD
35324,I_WORD
35325,E_WORD
35326,B_WORD
35327,I_WORD
35328,I_WORD
35329,I_WORD
35330,I_WORD
35331,I_WORD
35332,E_WORD
35334,B_WORD
35336,B_WORD
35337,I_WORD
35338,I_WORD
35339,I_WORD
35340,I_WORD
35341,E_WORD
35342,B_WORD
35343,I_WORD
35344,E_WORD
35345,B_WORD
35346,I_WORD
35347,I_WORD
35348,I_WORD
35349,E_WORD
35350,B_WORD
35351,I_WORD
35352,I_WORD
35353,E_WORD
35355,B_WORD
35357,B_WORD
35358,I_WORD
35359,I_WORD
35360,I_WORD
35361,E_WORD
35362,B_WORD
35363,I_WORD
35364,E_WORD
35366,B_WORD
35368,B_WORD
35369,I_WORD
35370,I_WORD
35371,I_WORD
35372,E_WORD
35373,B_WORD
35374,I_WORD
35375,E_WORD
35377,B_WORD
35378,I_WORD
35379,E_WORD
35380,B_WORD
35381,E_WORD
35382,B_WORD
35383,I_WORD
35384,I_WORD
35385,I_WORD
35386,E_WORD
35388,B_WORD
35389,I_WORD
35390,I_WORD
35391,E_WORD
35392,B_WORD
35393,I_WORD
35394,E_WORD
35396,B_WORD
35397,I_WORD
35398,I_WORD
35399,I_WORD
35400,E_WORD
35401,B_WORD
35402,I_WORD
35403,I_WORD
35404,E_WORD
35405,B_WORD
35406,E_WORD
35407,B_WORD
35408,I_WORD
35409,I_WORD
35410,I_WORD
35411,E_WORD
35412,B_WORD
35413,I_WORD
35414,I_WORD
35415,I_WORD
35416,I_WORD
35417,I_WORD
35418,E_WORD
35420,B_WORD
35421,I_WORD
35422,I_WORD
35423,E_WORD
35425,B_WORD
35426,I_WORD
35427,E_WORD
35428,B_WORD
35429,I_WORD
35430,E_WORD
35431,B_WORD
35432,I_WORD
35433,I_WORD
35434,I_WORD
35435,I_WORD
35436,E_WORD
35437,B_WORD
35438,I_WORD
35439,I_WORD
35440,I_WORD
35441,I_WORD
35442,I_WORD
35443,I_WORD
35444,I_WORD
35445,E_WORD
35447,B_WORD
35448,I_WORD
35449,E_WORD
35450,B_WORD
35451,I_WORD
35452,I_WORD
35453,I_WORD
35454,I_WORD
35455,I_WORD
35456,E_WORD
35457,B_WORD
35458,I_WORD
35459,I_WORD
35460,E_WORD
35461,B_WORD
35462,I_WORD
35463,I_WORD
35464,I_WORD
35465,I_WORD
35466,I_WORD
35467,I_WORD
35468,I_WORD
35469,I_WORD
35470,E_WORD
35471,B_WORD
35472,I_WORD
35473,E_WORD
35474,B_WORD
35475,I_WORD
35476,I_WORD
35477,I_WORD
35478,I_WORD
35479,I_WORD
35480,I_WORD
35481,I_WORD
35482,I_WORD
35483,E_WORD
35484,B_WORD
35485,E_WORD
35486,B_WORD
35487,I_WORD
35488,I_WORD
35489,I_WORD
35490,I_WORD
35491,I_WORD
35492,E_WORD
35493,B_WORD
35494,I_WORD
35495,E_WORD
35497,B_WORD
35498,I_WORD
35499,I_WORD
35500,I_WORD
35501,I_WORD
35502,I_WORD
35503,E_WORD
35504,B_WORD
35505,I_WORD
35506,I_WORD
35507,E_WORD
35508,B_WORD
35509,I_WORD
35510,I_WORD
35511,I_WORD
35512,I_WORD
35513,I_WORD
35514,E_WORD
35515,B_WORD
35516,I_WORD
35517,E_WORD
35518,B_WORD
35519,I_WORD
35520,I_WORD
35521,I_WORD
35522,I_WORD
35523,I_WORD
35524,I_WORD
35525,E_WORD
35526,B_WORD
35527,I_WORD
35528,E_WORD
35530,B_WORD
35531,I_WORD
35532,I_WORD
35533,I_WORD
35534,I_WORD
35535,I_WORD
35536,E_WORD
35537,B_WORD
35538,I_WORD
35539,I_WORD
35540,I_WORD
35541,I_WORD
35542,E_WORD
35543,B_WORD
35544,I_WORD
35545,E_WORD
35546,B_WORD
35547,I_WORD
35548,I_WORD
35549,I_WORD
35550,E_WORD
35551,B_WORD
35552,I_WORD
35553,I_WORD
35554,E_WORD
35555,B_WORD
35556,I_WORD
35557,E_WORD
35558,B_WORD
35559,I_WORD
35560,I_WORD
35561,I_WORD
35562,I_WORD
35563,E_WORD
35564,B_WORD
35565,I_WORD
35566,I_WORD
35567,I_WORD
35568,I_WORD
35569,I_WORD
35570,I_WORD
35571,I_WORD
35572,E_WORD
35573,B_WORD
35574,I_WORD
35575,I_WORD
35576,E_WORD
35577,B_WORD
35578,E_WORD
35579,B_WORD
35580,I_WORD
35581,I_WORD
35582,I_WORD
35583,I_WORD
35584,I_WORD
35585,I_WORD
35586,E_WORD
35587,B_WORD
35588,I_WORD
35589,E_WORD
35590,B_WORD
35591,E_WORD
35592,B_WORD
35593,I_WORD
35594,E_WORD
35596,B_WORD
35597,I_WORD
35598,E_WORD
35599,B_WORD
35600,I_WORD
35601,E_WORD
35602,B_WORD
35603,E_WORD
35604,B_WORD
35605,I_WORD
35606,E_WORD
35607,B_WORD
35608,I_WORD
35609,I_WORD
35610,E_WORD
35611,B_WORD
35612,B_WORD
35613,I_WORD
35614,E_WORD
35615,B_WORD
35616,I_WORD
35617,E_WORD
35618,B_WORD
35619,I_WORD
35620,I_WORD
35621,I_WORD
35622,E_WORD
35623,B_WORD
35624,I_WORD
35625,E_WORD
35626,B_WORD
35627,I_WORD
35628,I_WORD
35629,I_WORD
35630,I_WORD
35631,E_WORD
35632,B_WORD
35633,I_WORD
35634,E_WORD
35635,B_WORD
35636,I_WORD
35637,I_WORD
35638,I_WORD
35639,E_WORD
35640,B_WORD
35641,E_WORD
35643,B_WORD
35644,I_WORD
35645,I_WORD
35646,E_WORD
35648,B_WORD
35649,I_WORD
35650,I_WORD
35651,E_WORD
35653,B_WORD
35654,I_WORD
35655,E_WORD
35656,B_WORD
35657,I_WORD
35658,I_WORD
35659,I_WORD
35660,I_WORD
35661,I_WORD
35662,E_WORD
35663,B_WORD
35664,I_WORD
35665,I_WORD
35666,E_WORD
35667,B_WORD
35668,I_WORD
35669,I_WORD
35670,I_WORD
35671,E_WORD
35672,B_WORD
35673,I_WORD
35674,I_WORD
35675,I_WORD
35676,I_WORD
35677,I_WORD
35678,E_WORD
35680,B_WORD
35681,I_WORD
35682,I_WORD
35683,I_WORD
35684,I_WORD
35685,I_WORD
35686,E_WORD
35687,B_WORD
35688,E_WORD
35689,B_WORD
35690,I_WORD
35691,I_WORD
35692,I_WORD
35693,E_WORD
35694,B_WORD
35695,I_WORD
35696,E_WORD
35697,B_WORD
35698,I_WORD
35699,I_WORD
35700,I_WORD
35701,I_WORD
35702,I_WORD
35703,I_WORD
35704,I_WORD
35705,I_WORD
35706,I_WORD
35707,I_WORD
35708,I_WORD
35709,I_WORD
35710,I_WORD
35711,I_WORD
35712,I_WORD
35713,I_WORD
35714,I_WORD
35715,I_WORD
35716,I_WORD
35717,E_WORD
35718,B_WORD
35719,I_WORD
35720,E_WORD
35721,B_WORD
35722,I_WORD
35723,E_WORD
35724,B_WORD
35725,I_WORD
35726,E_WORD
35727,B_WORD
35728,I_WORD
35729,E_WORD
35730,B_WORD
35731,I_WORD
35732,E_WORD
35733,B_WORD
35734,I_WORD
35735,I_WORD
35736,I_WORD
35737,I_WORD
35738,I_WORD
35739,E_WORD
35740,B_WORD
35741,I_WORD
35742,E_WORD
35743,B_WORD
35744,I_WORD
35745,I_WORD
35746,E_WORD
35747,B_WORD
35748,I_WORD
35749,E_WORD
35750,B_WORD
35751,I_WORD
35752,E_WORD
35753,B_WORD
35754,I_WORD
35755,I_WORD
35756,I_WORD
35757,E_WORD
35758,B_WORD
35759,I_WORD
35760,I_WORD
35761,I_WORD
35762,I_WORD
35763,I_WORD
35764,E_WORD
35765,B_WORD
35766,I_WORD
35767,I_WORD
35768,I_WORD
35769,I_WORD
35770,I_WORD
35771,E_WORD
35772,B_WORD
35773,I_WORD
35774,I_WORD
35775,I_WORD
35776,I_WORD
35777,I_WORD
35778,I_WORD
35779,E_WORD
35780,B_WORD
35781,I_WORD
35782,I_WORD
35783,I_WORD
35784,E_WORD
35785,B_WORD
35786,E_WORD
35788,B_WORD
35789,I_WORD
35790,I_WORD
35791,E_WORD
35793,B_WORD
35794,I_WORD
35795,I_WORD
35796,E_WORD
35798,B_WORD
35799,E_WORD
35800,B_WORD
35801,I_WORD
35802,I_WORD
35803,I_WORD
35804,I_WORD
35805,I_WORD
35806,E_WORD
35807,B_WORD
35808,I_WORD
35809,E_WORD
35810,B_WORD
35811,I_WORD
35812,E_WORD
35813,B_WORD
35814,I_WORD
35815,I_WORD
35816,I_WORD
35817,I_WORD
35818,E_WORD
35820,B_WORD
35821,I_WORD
35822,I_WORD
35823,I_WORD
35824,I_WORD
35825,I_WORD
35826,I_WORD
35827,I_WORD
35828,I_WORD
35829,I_WORD
35830,E_WORD
35831,B_WORD
35832,I_WORD
35833,I_WORD
35834,I_WORD
35835,I_WORD
35836,E_WORD
35837,B_WORD
35838,I_WORD
35839,I_WORD
35840,E_WORD
35841,B_WORD
35842,I_WORD
35843,I_WORD
35844,I_WORD
35845,I_WORD
35846,I_WORD
35847,E_WORD
35849,B_WORD
35850,I_WORD
35851,I_WORD
35852,I_WORD
35853,I_WORD
35854,I_WORD
35855,I_WORD
35856,I_WORD
35857,I_WORD
35858,I_WORD
35859,I_WORD
35860,I_WORD
35861,I_WORD
35862,I_WORD
35863,I_WORD
35864,I_WORD
35865,I_WORD
35866,I_WORD
35867,I_WORD
35868,I_WORD
35869,I_WORD
35870,E_WORD
35872,B_WORD
35873,I_WORD
35874,E_WORD
35875,B_WORD
35876,E_WORD
35877,B_WORD
35878,I_WORD
35879,E_WORD
35880,B_WORD
35881,I_WORD
35882,I_WORD
35883,I_WORD
35884,I_WORD
35885,I_WORD
35886,I_WORD
35887,I_WORD
35888,I_WORD
35889,I_WORD
35890,I_WORD
35891,I_WORD
35892,E_WORD
35893,B_WORD
35894,I_WORD
35895,E_WORD
35896,B_WORD
35897,I_WORD
35898,I_WORD
35899,I_WORD
35900,E_WORD
35901,B_WORD
35902,I_WORD
35903,I_WORD
35904,I_WORD
35905,I_WORD
35906,E_WORD
35907,B_WORD
35908,I_WORD
35909,E_WORD
35910,B_WORD
35911,I_WORD
35912,I_WORD
35913,I_WORD
35914,E_WORD
35915,B_WORD
35916,I_WORD
35917,I_WORD
35918,I_WORD
35919,I_WORD
35920,I_WORD
35921,E_WORD
35922,B_WORD
35923,I_WORD
35924,I_WORD
35925,E_WORD
35926,B_WORD
35927,I_WORD
35928,I_WORD
35929,I_WORD
35930,E_WORD
35931,B_WORD
35932,I_WORD
35933,I_WORD
35934,I_WORD
35935,I_WORD
35936,I_WORD
35937,E_WORD
35938,B_WORD
35939,I_WORD
35940,E_WORD
35941,B_WORD
35942,E_WORD
35943,B_WORD
35944,I_WORD
35945,I_WORD
35946,I_WORD
35947,I_WORD
35948,E_WORD
35949,B_WORD
35950,I_WORD
35951,I_WORD
35952,E_WORD
35953,B_WORD
35954,I_WORD
35955,I_WORD
35956,I_WORD
35957,E_WORD
35959,B_WORD
35960,I_WORD
35961,I_WORD
35962,I_WORD
35963,E_WORD
35965,B_WORD
35966,I_WORD
35967,I_WORD
35968,E_WORD
35970,B_WORD
35971,I_WORD
35972,I_WORD
35973,E_WORD
35975,B_WORD
35976,I_WORD
35977,I_WORD
35978,E_WORD
35980,B_WORD
35981,I_WORD
35982,E_WORD
35984,B_WORD
35985,I_WORD
35986,E_WORD
35988,B_WORD
35989,I_WORD
35990,I_WORD
35991,I_WORD
35992,E_WORD
35993,B_WORD
35994,I_WORD
35995,I_WORD
35996,E_WORD
35997,B_WORD
35998,I_WORD
35999,E_WORD
36000,B_WORD
36001,I_WORD
36002,I_WORD
36003,E_WORD
36004,B_WORD
36005,I_WORD
36006,E_WORD
36007,B_WORD
36008,I_WORD
36009,I_WORD
36010,I_WORD
36011,E_WORD
36012,B_WORD
36013,I_WORD
36014,I_WORD
36015,I_WORD
36016,I_WORD
36017,I_WORD
36018,E_WORD
36019,B_WORD
36020,I_WORD
36021,I_WORD
36022,E_WORD
36023,B_WORD
36024,I_WORD
36025,I_WORD
36026,I_WORD
36027,E_WORD
36028,B_WORD
36029,I_WORD
36030,I_WORD
36031,I_WORD
36032,I_WORD
36033,I_WORD
36034,E_WORD
36035,B_WORD
36036,I_WORD
36037,E_WORD
36038,B_WORD
36039,I_WORD
36040,I_WORD
36041,I_WORD
36042,I_WORD
36043,I_WORD
36044,E_WORD
36045,B_WORD
36046,I_WORD
36047,I_WORD
36048,I_WORD
36049,I_WORD
36050,E_WORD
36051,B_WORD
36052,I_WORD
36053,E_WORD
36054,B_WORD
36055,I_WORD
36056,I_WORD
36057,I_WORD
36058,E_WORD
36060,B_WORD
36062,B_WORD
36063,I_WORD
36064,I_WORD
36065,I_WORD
36066,I_WORD
36067,E_WORD
36068,B_WORD
36069,I_WORD
36070,I_WORD
36071,I_WORD
36072,I_WORD
36073,I_WORD
36074,I_WORD
36075,I_WORD
36076,E_WORD
36078,B_WORD
36080,B_WORD
36081,I_WORD
36082,E_WORD
36083,B_WORD
36084,I_WORD
36085,I_WORD
36086,E_WORD
36087,B_WORD
36088,I_WORD
36089,I_WORD
36090,I_WORD
36091,I_WORD
36092,I_WORD
36093,E_WORD
36094,B_WORD
36095,I_WORD
36096,E_WORD
36097,B_WORD
36098,E_WORD
36099,B_WORD
36100,I_WORD
36101,E_WORD
36102,B_WORD
36103,I_WORD
36104,I_WORD
36105,I_WORD
36106,E_WORD
36107,B_WORD
36108,I_WORD
36109,E_WORD
36110,B_WORD
36111,I_WORD
36112,I_WORD
36113,I_WORD
36114,E_WORD
36115,B_WORD
36116,I_WORD
36117,E_WORD
36118,B_WORD
36119,I_WORD
36120,I_WORD
36121,I_WORD
36122,I_WORD
36123,I_WORD
36124,E_WORD
36125,B_WORD
36126,I_WORD
36127,I_WORD
36128,E_WORD
36129,B_WORD
36130,I_WORD
36131,I_WORD
36132,I_WORD
36133,E_WORD
36134,B_WORD
36135,I_WORD
36136,I_WORD
36137,I_WORD
36138,I_WORD
36139,I_WORD
36140,E_WORD
36141,B_WORD
36142,I_WORD
36143,E_WORD
36144,B_WORD
36145,I_WORD
36146,I_WORD
36147,I_WORD
36148,I_WORD
36149,E_WORD
36150,B_WORD
36151,E_WORD
36152,B_WORD
36153,I_WORD
36154,I_WORD
36155,E_WORD
36156,B_WORD
36157,E_WORD
36158,B_WORD
36159,E_WORD
36160,B_WORD
36161,I_WORD
36162,I_WORD
36163,E_WORD
36164,B_WORD
36165,I_WORD
36166,E_WORD
36168,B_WORD
36170,B_WORD
36171,I_WORD
36172,E_WORD
36174,B_WORD
36176,B_WORD
36177,I_WORD
36178,I_WORD
36179,E_WORD
36180,B_WORD
36181,I_WORD
36182,I_WORD
36183,I_WORD
36184,E_WORD
36186,B_WORD
36188,B_WORD
36189,I_WORD
36190,I_WORD
36191,E_WORD
36193,B_WORD
36194,E_WORD
36195,B_WORD
36196,I_WORD
36197,I_WORD
36198,I_WORD
36199,I_WORD
36200,I_WORD
36201,I_WORD
36202,I_WORD
36203,E_WORD
36204,B_WORD
36205,I_WORD
36206,E_WORD
36207,B_WORD
36208,I_WORD
36209,I_WORD
36210,I_WORD
36211,I_WORD
36212,I_WORD
36213,I_WORD
36214,I_WORD
36215,E_WORD
36217,B_WORD
36218,I_WORD
36219,I_WORD
36220,I_WORD
36221,E_WORD
36222,B_WORD
36223,I_WORD
36224,I_WORD
36225,E_WORD
36227,B_WORD
36228,I_WORD
36229,I_WORD
36230,I_WORD
36231,E_WORD
36233,B_WORD
36234,E_WORD
36236,B_WORD
36237,I_WORD
36238,I_WORD
36239,I_WORD
36240,I_WORD
36241,E_WORD
36243,B_WORD
36244,E_WORD
36246,B_WORD
36247,I_WORD
36248,I_WORD
36249,E_WORD
36251,B_WORD
36252,I_WORD
36253,E_WORD
36254,B_WORD
36255,I_WORD
36256,I_WORD
36257,I_WORD
36258,I_WORD
36259,I_WORD
36260,I_WORD
36261,I_WORD
36262,I_WORD
36263,I_WORD
36264,E_WORD
36265,B_WORD
36266,I_WORD
36267,I_WORD
36268,I_WORD
36269,I_WORD
36270,I_WORD
36271,I_WORD
36272,I_WORD
36273,E_WORD
36275,B_WORD
36276,I_WORD
36277,E_WORD
36279,B_WORD
36280,E_WORD
36281,B_WORD
36282,I_WORD
36283,I_WORD
36284,I_WORD
36285,I_WORD
36286,I_WORD
36287,E_WORD
36289,B_WORD
36290,I_WORD
36291,I_WORD
36292,E_WORD
36293,B_WORD
36294,B_WORD
36295,E_WORD
36297,B_WORD
36298,I_WORD
36299,I_WORD
36300,I_WORD
36301,I_WORD
36302,I_WORD
36303,I_WORD
36304,I_WORD
36305,E_WORD
36306,B_WORD
36307,I_WORD
36308,I_WORD
36309,I_WORD
36310,I_WORD
36311,I_WORD
36312,I_WORD
36313,I_WORD
36314,I_WORD
36315,I_WORD
36316,E_WORD
36317,B_WORD
36318,I_WORD
36319,I_WORD
36320,I_WORD
36321,I_WORD
36322,I_WORD
36323,I_WORD
36324,I_WORD
36325,E_WORD
36327,B_WORD
36328,I_WORD
36329,E_WORD
36331,B_WORD
36332,E_WORD
36333,B_WORD
36334,I_WORD
36335,E_WORD
36337,B_WORD
36338,I_WORD
36339,I_WORD
36340,I_WORD
36341,E_WORD
36342,B_WORD
36343,I_WORD
36344,I_WORD
36345,E_WORD
36346,B_WORD
36347,I_WORD
36348,E_WORD
36350,B_WORD
36351,I_WORD
36352,I_WORD
36353,I_WORD
36354,E_WORD
36355,B_WORD
36356,I_WORD
36357,I_WORD
36358,I_WORD
36359,I_WORD
36360,I_WORD
36361,I_WORD
36362,I_WORD
36363,I_WORD
36364,I_WORD
36365,I_WORD
36366,I_WORD
36367,E_WORD
36368,B_WORD
36369,I_WORD
36370,I_WORD
36371,I_WORD
36372,I_WORD
36373,I_WORD
36374,I_WORD
36375,I_WORD
36376,I_WORD
36377,I_WORD
36378,I_WORD
36379,I_WORD
36380,I_WORD
36381,I_WORD
36382,I_WORD
36383,I_WORD
36384,I_WORD
36385,I_WORD
36386,I_WORD
36387,E_WORD
36389,B_WORD
36390,I_WORD
36391,E_WORD
36393,B_WORD
36394,I_WORD
36395,E_WORD
36397,B_WORD
36398,E_WORD
36399,B_WORD
36400,I_WORD
36401,I_WORD
36402,I_WORD
36403,I_WORD
36404,E_WORD
36406,B_WORD
36407,I_WORD
36408,E_WORD
36409,B_WORD
36410,E_WORD
36411,B_WORD
36412,E_WORD
36413,B_WORD
36414,I_WORD
36415,I_WORD
36416,I_WORD
36417,E_WORD
36419,B_WORD
36420,I_WORD
36421,I_WORD
36422,I_WORD
36423,I_WORD
36424,I_WORD
36425,I_WORD
36426,I_WORD
36427,I_WORD
36428,E_WORD
36429,B_WORD
36430,I_WORD
36431,E_WORD
36432,B_WORD
36433,I_WORD
36434,I_WORD
36435,I_WORD
36436,I_WORD
36437,I_WORD
36438,I_WORD
36439,I_WORD
36440,I_WORD
36441,I_WORD
36442,E_WORD
36444,B_WORD
36445,I_WORD
36446,I_WORD
36447,I_WORD
36448,I_WORD
36449,I_WORD
36450,I_WORD
36451,I_WORD
36452,I_WORD
36453,I_WORD
36454,I_WORD
36455,I_WORD
36456,I_WORD
36457,I_WORD
36458,I_WORD
36459,I_WORD
36460,I_WORD
36461,I_WORD
36462,I_WORD
36463,E_WORD
36464,B_WORD
36465,I_WORD
36466,E_WORD
36467,B_WORD
36468,I_WORD
36469,I_WORD
36470,I_WORD
36471,I_WORD
36472,I_WORD
36473,I_WORD
36474,I_WORD
36475,I_WORD
36476,E_WORD
36477,B_WORD
36478,I_WORD
36479,E_WORD
36481,B_WORD
36483,B_WORD
36484,E_WORD
36486,B_WORD
36487,I_WORD
36488,E_WORD
36489,B_WORD
36490,I_WORD
36491,I_WORD
36492,I_WORD
36493,I_WORD
36494,I_WORD
36495,I_WORD
36496,I_WORD
36497,E_WORD
36498,B_WORD
36499,I_WORD
36500,I_WORD
36501,I_WORD
36502,I_WORD
36503,I_WORD
36504,I_WORD
36505,I_WORD
36506,I_WORD
36507,I_WORD
36508,E_WORD
36509,B_WORD
36510,I_WORD
36511,I_WORD
36512,I_WORD
36513,I_WORD
36514,I_WORD
36515,I_WORD
36516,I_WORD
36517,E_WORD
36518,B_WORD
36519,I_WORD
36520,I_WORD
36521,I_WORD
36522,I_WORD
36523,E_WORD
36525,B_WORD
36526,I_WORD
36527,E_WORD
36528,B_WORD
36529,I_WORD
36530,E_WORD
36531,B_WORD
36532,I_WORD
36533,I_WORD
36534,I_WORD
36535,E_WORD
36536,B_WORD
36537,I_WORD
36538,E_WORD
36539,B_WORD
36540,I_WORD
36541,I_WORD
36542,I_WORD
36543,I_WORD
36544,I_WORD
36545,I_WORD
36546,I_WORD
36547,I_WORD
36548,E_WORD
36549,B_WORD
36550,E_WORD
36551,B_WORD
36552,I_WORD
36553,I_WORD
36554,I_WORD
36555,E_WORD
36556,B_WORD
36557,I_WORD
36558,E_WORD
36559,B_WORD
36560,I_WORD
36561,E_WORD
36562,B_WORD
36563,I_WORD
36564,I_WORD
36565,I_WORD
36566,I_WORD
36567,I_WORD
36568,I_WORD
36569,I_WORD
36570,I_WORD
36571,I_WORD
36572,E_WORD
36573,B_WORD
36574,I_WORD
36575,I_WORD
36576,I_WORD
36577,I_WORD
36578,I_WORD
36579,E_WORD
36580,B_WORD
36581,I_WORD
36582,E_WORD
36583,B_WORD
36584,I_WORD
36585,E_WORD
36586,B_WORD
36587,I_WORD
36588,I_WORD
36589,I_WORD
36590,I_WORD
36591,I_WORD
36592,E_WORD
36594,B_WORD
36595,I_WORD
36596,E_WORD
36598,B_WORD
36599,E_WORD
36600,B_WORD
36601,I_WORD
36602,E_WORD
36604,B_WORD
36605,I_WORD
36606,I_WORD
36607,I_WORD
36608,I_WORD
36609,I_WORD
36610,I_WORD
36611,E_WORD
36613,B_WORD
36614,I_WORD
36615,I_WORD
36616,E_WORD
36617,B_WORD
36618,I_WORD
36619,E_WORD
36620,B_WORD
36621,I_WORD
36622,E_WORD
36623,B_WORD
36624,I_WORD
36625,I_WORD
36626,I_WORD
36627,E_WORD
36628,B_WORD
36629,I_WORD
36630,E_WORD
36631,B_WORD
36632,I_WORD
36633,I_WORD
36634,I_WORD
36635,I_WORD
36636,I_WORD
36637,I_WORD
36638,E_WORD
36639,B_WORD
36640,I_WORD
36641,I_WORD
36642,I_WORD
36643,I_WORD
36644,I_WORD
36645,I_WORD
36646,I_WORD
36647,I_WORD
36648,I_WORD
36649,E_WORD
36650,B_WORD
36651,I_WORD
36652,E_WORD
36653,B_WORD
36654,I_WORD
36655,I_WORD
36656,I_WORD
36657,I_WORD
36658,I_WORD
36659,I_WORD
36660,E_WORD
36661,B_WORD
36662,I_WORD
36663,I_WORD
36664,I_WORD
36665,E_WORD
36666,B_WORD
36667,I_WORD
36668,I_WORD
36669,I_WORD
36670,I_WORD
36671,I_WORD
36672,I_WORD
36673,I_WORD
36674,E_WORD
36675,B_WORD
36676,I_WORD
36677,I_WORD
36678,E_WORD
36679,B_WORD
36680,I_WORD
36681,I_WORD
36682,I_WORD
36683,E_WORD
36684,B_WORD
36685,I_WORD
36686,I_WORD
36687,I_WORD
36688,E_WORD
36689,B_WORD
36690,I_WORD
36691,E_WORD
36692,B_WORD
36693,I_WORD
36694,E_WORD
36695,B_WORD
36696,I_WORD
36697,I_WORD
36698,I_WORD
36699,I_WORD
36700,I_WORD
36701,I_WORD
36702,I_WORD
36703,I_WORD
36704,I_WORD
36705,I_WORD
36706,E_WORD
36707,B_WORD
36708,I_WORD
36709,I_WORD
36710,I_WORD
36711,I_WORD
36712,I_WORD
36713,I_WORD
36714,I_WORD
36715,I_WORD
36716,I_WORD
36717,I_WORD
36718,I_WORD
36719,E_WORD
36720,B_WORD
36721,I_WORD
36722,E_WORD
36723,B_WORD
36724,I_WORD
36725,I_WORD
36726,I_WORD
36727,I_WORD
36728,E_WORD
36729,B_WORD
36730,I_WORD
36731,I_WORD
36732,I_WORD
36733,I_WORD
36734,I_WORD
36735,I_WORD
36736,I_WORD
36737,I_WORD
36738,E_WORD
36740,B_WORD
36741,I_WORD
36742,E_WORD
36743,B_WORD
36744,I_WORD
36745,I_WORD
36746,I_WORD
36747,I_WORD
36748,E_WORD
36749,B_WORD
36750,I_WORD
36751,I_WORD
36752,I_WORD
36753,I_WORD
36754,I_WORD
36755,I_WORD
36756,I_WORD
36757,I_WORD
36758,I_WORD
36759,E_WORD
36760,B_WORD
36761,I_WORD
36762,I_WORD
36763,I_WORD
36764,I_WORD
36765,I_WORD
36766,I_WORD
36767,I_WORD
36768,I_WORD
36769,I_WORD
36770,E_WORD
36771,B_WORD
36772,I_WORD
36773,E_WORD
36774,B_WORD
36775,I_WORD
36776,I_WORD
36777,I_WORD
36778,E_WORD
36779,B_WORD
36780,I_WORD
36781,E_WORD
36782,B_WORD
36783,I_WORD
36784,I_WORD
36785,I_WORD
36786,I_WORD
36787,I_WORD
36788,I_WORD
36789,I_WORD
36790,I_WORD
36791,E_WORD
36793,B_WORD
36794,I_WORD
36795,I_WORD
36796,E_WORD
36797,B_WORD
36798,I_WORD
36799,E_WORD
36800,B_WORD
36801,I_WORD
36802,I_WORD
36803,I_WORD
36804,I_WORD
36805,I_WORD
36806,E_WORD
36807,B_WORD
36808,I_WORD
36809,I_WORD
36810,I_WORD
36811,I_WORD
36812,E_WORD
36813,B_WORD
36814,I_WORD
36815,E_WORD
36816,B_WORD
36817,I_WORD
36818,E_WORD
36819,B_WORD
36820,I_WORD
36821,I_WORD
36822,I_WORD
36823,E_WORD
36824,B_WORD
36825,E_WORD
36826,B_WORD
36827,I_WORD
36828,E_WORD
36829,B_WORD
36830,I_WORD
36831,I_WORD
36832,E_WORD
36833,B_WORD
36834,I_WORD
36835,I_WORD
36836,I_WORD
36837,I_WORD
36838,I_WORD
36839,E_WORD
36840,B_WORD
36841,I_WORD
36842,E_WORD
36843,B_WORD
36844,I_WORD
36845,I_WORD
36846,I_WORD
36847,I_WORD
36848,I_WORD
36849,I_WORD
36850,I_WORD
36851,I_WORD
36852,E_WORD
36853,B_WORD
36854,I_WORD
36855,I_WORD
36856,I_WORD
36857,I_WORD
36858,E_WORD
36859,B_WORD
36860,I_WORD
36861,E_WORD
36862,B_WORD
36863,I_WORD
36864,I_WORD
36865,I_WORD
36866,E_WORD
36868,B_WORD
36869,I_WORD
36870,E_WORD
36871,B_WORD
36872,I_WORD
36873,I_WORD
36874,E_WORD
36875,B_WORD
36876,I_WORD
36877,I_WORD
36878,I_WORD
36879,I_WORD
36880,I_WORD
36881,I_WORD
36882,E_WORD
36883,B_WORD
36884,I_WORD
36885,I_WORD
36886,I_WORD
36887,I_WORD
36888,E_WORD
36889,B_WORD
36890,I_WORD
36891,E_WORD
36892,B_WORD
36893,I_WORD
36894,E_WORD
36895,B_WORD
36896,I_WORD
36897,I_WORD
36898,E_WORD
36899,B_WORD
36900,I_WORD
36901,I_WORD
36902,E_WORD
36903,B_WORD
36904,I_WORD
36905,E_WORD
36906,B_WORD
36907,I_WORD
36908,I_WORD
36909,I_WORD
36910,I_WORD
36911,I_WORD
36912,I_WORD
36913,I_WORD
36914,I_WORD
36915,I_WORD
36916,E_WORD
36918,B_WORD
36919,I_WORD
36920,I_WORD
36921,I_WORD
36922,E_WORD
36923,B_WORD
36924,I_WORD
36925,I_WORD
36926,I_WORD
36927,I_WORD
36928,I_WORD
36929,I_WORD
36930,I_WORD
36931,E_WORD
36932,B_WORD
36933,I_WORD
36934,E_WORD
36935,B_WORD
36936,E_WORD
36937,B_WORD
36938,I_WORD
36939,I_WORD
36940,E_WORD
36941,B_WORD
36942,I_WORD
36943,I_WORD
36944,I_WORD
36945,I_WORD
36946,I_WORD
36947,I_WORD
36948,I_WORD
36949,I_WORD
36950,I_WORD
36951,E_WORD
36952,B_WORD
36953,I_WORD
36954,E_WORD
36955,B_WORD
36956,I_WORD
36957,I_WORD
36958,I_WORD
36959,I_WORD
36960,I_WORD
36961,I_WORD
36962,I_WORD
36963,E_WORD
36964,B_WORD
36965,I_WORD
36966,E_WORD
36967,B_WORD
36968,I_WORD
36969,I_WORD
36970,E_WORD
36971,B_WORD
36972,I_WORD
36973,I_WORD
36974,I_WORD
36975,I_WORD
36976,I_WORD
36977,I_WORD
36978,I_WORD
36979,E_WORD
36980,B_WORD
36981,E_WORD
36982,B_WORD
36983,I_WORD
36984,I_WORD
36985,I_WORD
36986,I_WORD
36987,E_WORD
36989,B_WORD
36990,I_WORD
36991,I_WORD
36992,I_WORD
36993,I_WORD
36994,I_WORD
36995,E_WORD
36997,B_WORD
36998,I_WORD
36999,I_WORD
37000,I_WORD
37001,I_WORD
37002,I_WORD
37003,I_WORD
37004,I_WORD
37005,I_WORD
37006,I_WORD
37007,E_WORD
37008,B_WORD
37009,I_WORD
37010,E_WORD
37011,B_WORD
37012,I_WORD
37013,I_WORD
37014,I_WORD
37015,I_WORD
37016,I_WORD
37017,I_WORD
37018,E_WORD
37019,B_WORD
37020,I_WORD
37021,I_WORD
37022,I_WORD
37023,I_WORD
37024,E_WORD
37025,B_WORD
37026,I_WORD
37027,E_WORD
37028,B_WORD
37029,I_WORD
37030,I_WORD
37031,I_WORD
37032,E_WORD
37033,B_WORD
37034,I_WORD
37035,I_WORD
37036,I_WORD
37037,I_WORD
37038,I_WORD
37039,I_WORD
37040,E_WORD
37041,B_WORD
37042,I_WORD
37043,I_WORD
37044,I_WORD
37045,E_WORD
37046,B_WORD
37047,I_WORD
37048,E_WORD
37049,B_WORD
37050,I_WORD
37051,I_WORD
37052,I_WORD
37053,E_WORD
37054,B_WORD
37055,I_WORD
37056,E_WORD
37057,B_WORD
37058,I_WORD
37059,E_WORD
37060,B_WORD
37061,E_WORD
37062,B_WORD
37063,I_WORD
37064,E_WORD
37065,B_WORD
37066,I_WORD
37067,E_WORD
37068,B_WORD
37069,I_WORD
37070,I_WORD
37071,I_WORD
37072,I_WORD
37073,I_WORD
37074,E_WORD
37075,B_WORD
37076,I_WORD
37077,I_WORD
37078,I_WORD
37079,I_WORD
37080,I_WORD
37081,I_WORD
37082,E_WORD
37083,B_WORD
37084,I_WORD
37085,E_WORD
37086,B_WORD
37087,I_WORD
37088,I_WORD
37089,I_WORD
37090,I_WORD
37091,I_WORD
37092,I_WORD
37093,E_WORD
37095,B_WORD
37096,I_WORD
37097,I_WORD
37098,I_WORD
37099,I_WORD
37100,I_WORD
37101,I_WORD
37102,E_WORD
37103,B_WORD
37104,I_WORD
37105,I_WORD
37106,E_WORD
37107,B_WORD
37108,I_WORD
37109,I_WORD
37110,I_WORD
37111,I_WORD
37112,I_WORD
37113,I_WORD
37114,I_WORD
37115,I_WORD
37116,I_WORD
37117,I_WORD
37118,I_WORD
37119,E_WORD
37120,B_WORD
37121,I_WORD
37122,E_WORD
37123,B_WORD
37124,I_WORD
37125,I_WORD
37126,I_WORD
37127,I_WORD
37128,E_WORD
37129,B_WORD
37130,I_WORD
37131,E_WORD
37132,B_WORD
37133,I_WORD
37134,I_WORD
37135,I_WORD
37136,E_WORD
37137,B_WORD
37138,I_WORD
37139,I_WORD
37140,I_WORD
37141,I_WORD
37142,I_WORD
37143,E_WORD
37145,B_WORD
37146,I_WORD
37147,E_WORD
37148,B_WORD
37149,I_WORD
37150,E_WORD
37151,B_WORD
37152,E_WORD
37153,B_WORD
37154,I_WORD
37155,I_WORD
37156,E_WORD
37157,B_WORD
37158,I_WORD
37159,I_WORD
37160,I_WORD
37161,I_WORD
37162,E_WORD
37163,B_WORD
37164,I_WORD
37165,I_WORD
37166,I_WORD
37167,I_WORD
37168,I_WORD
37169,E_WORD
37170,B_WORD
37171,I_WORD
37172,I_WORD
37173,I_WORD
37174,I_WORD
37175,E_WORD
37176,B_WORD
37177,I_WORD
37178,I_WORD
37179,I_WORD
37180,E_WORD
37182,B_WORD
37183,I_WORD
37184,E_WORD
37185,B_WORD
37186,I_WORD
37187,E_WORD
37188,B_WORD
37189,I_WORD
37190,I_WORD
37191,E_WORD
37192,B_WORD
37193,I_WORD
37194,E_WORD
37195,B_WORD
37196,I_WORD
37197,I_WORD
37198,E_WORD
37199,B_WORD
37200,I_WORD
37201,I_WORD
37202,E_WORD
37203,B_WORD
37204,I_WORD
37205,I_WORD
37206,I_WORD
37207,I_WORD
37208,I_WORD
37209,E_WORD
37210,B_WORD
37211,I_WORD
37212,E_WORD
37213,B_WORD
37214,I_WORD
37215,I_WORD
37216,I_WORD
37217,I_WORD
37218,E_WORD
37219,B_WORD
37220,I_WORD
37221,I_WORD
37222,I_WORD
37223,I_WORD
37224,I_WORD
37225,I_WORD
37226,I_WORD
37227,I_WORD
37228,E_WORD
37229,B_WORD
37230,I_WORD
37231,I_WORD
37232,I_WORD
37233,I_WORD
37234,I_WORD
37235,E_WORD
37236,B_WORD
37237,I_WORD
37238,I_WORD
37239,I_WORD
37240,I_WORD
37241,I_WORD
37242,I_WORD
37243,I_WORD
37244,E_WORD
37245,B_WORD
37246,I_WORD
37247,I_WORD
37248,E_WORD
